,precision,recall,f1-score,support
0.0,0.9405940594059405,0.9895833333333334,0.964467005076142,96.0
1.0,0.9821428571428571,0.9016393442622951,0.9401709401709402,61.0
accuracy,0.9554140127388535,0.9554140127388535,0.9554140127388535,0.9554140127388535
macro avg,0.9613684582743989,0.9456113387978142,0.952318972623541,157.0
weighted avg,0.9567372228578634,0.9554140127388535,0.9550271327244394,157.0
