,precision,recall,f1-score,support
0.0,0.9388888888888889,0.949438202247191,0.9441340782122906,356.0
1.0,0.9789473684210527,0.976890756302521,0.9779179810725552,476.0
2.0,0.9522613065326633,0.9266503667481663,0.9392812887236679,409.0
3.0,0.9238845144356955,0.9263157894736842,0.9250985545335085,380.0
4.0,0.9626373626373627,0.9711751662971175,0.9668874172185431,451.0
5.0,0.9614457831325302,0.9684466019417476,0.9649334945586457,412.0
accuracy,0.9545088566827697,0.9545088566827697,0.9545088566827697,0.9545088566827697
macro avg,0.9530108706746988,0.9531528138350711,0.9530421357198686,2484.0
weighted avg,0.9545247563890268,0.9545088566827697,0.9544778637554548,2484.0
