,precision,recall,f1-score,support
0.0,0.9681528662420382,0.9895833333333334,0.9787508048937541,768.0
1.0,0.9893475366178429,0.9674479166666666,0.9782751810401581,768.0
accuracy,0.978515625,0.978515625,0.978515625,0.978515625
macro avg,0.9787502014299405,0.978515625,0.978512992966956,1536.0
weighted avg,0.9787502014299406,0.978515625,0.978512992966956,1536.0
