,precision,recall,f1-score,support
0.0,0.9948051948051948,0.9973958333333334,0.9960988296488947,768.0
1.0,0.9973890339425587,0.9947916666666666,0.9960886571056062,768.0
accuracy,0.99609375,0.99609375,0.99609375,0.99609375
macro avg,0.9960971143738768,0.99609375,0.9960937433772505,1536.0
weighted avg,0.9960971143738768,0.99609375,0.9960937433772505,1536.0
