,precision,recall,f1-score,support
0.0,0.9630681818181818,0.9941348973607038,0.9783549783549784,341.0
1.0,0.9792284866468842,0.967741935483871,0.9734513274336284,341.0
2.0,0.9881422924901185,0.9803921568627451,0.984251968503937,255.0
3.0,0.9915730337078652,0.9778393351800554,0.9846582984658299,361.0
accuracy,0.9799691833590138,0.9799691833590138,0.9799691833590138,0.9799691833590138
macro avg,0.9805029986657624,0.9800270812218439,0.9801791431895934,1298.0
weighted avg,0.9801674219569393,0.9799691833590138,0.9799783112392785,1298.0
