,precision,recall,f1-score,support
0.0,0.9497907949790795,0.9826839826839827,0.9659574468085107,231.0
1.0,0.9742268041237113,0.9402985074626866,0.9569620253164558,201.0
2.0,1.0,0.9930555555555556,0.9965156794425087,144.0
accuracy,0.9704861111111112,0.9704861111111112,0.9704861111111112,0.9704861111111112
macro avg,0.9746725330342635,0.9720126819007415,0.9731450505224917,576.0
weighted avg,0.9708702452587384,0.9704861111111112,0.9704579776755118,576.0
