,precision,recall,f1-score,support
0.0,0.9214501510574018,0.9651898734177216,0.9428129829984544,316.0
1.0,0.9591078066914498,0.9084507042253521,0.9330922242314647,284.0
accuracy,0.9383333333333334,0.9383333333333334,0.9383333333333334,0.9383333333333334
macro avg,0.9402789788744258,0.9368202888215369,0.9379526036149595,600.0
weighted avg,0.9392747747241844,0.9383333333333334,0.9382118238487461,600.0
