,precision,recall,f1-score,support
0.0,0.9940334128878282,0.991371615590598,0.9927007299270073,3361.0
1.0,0.9914655679811654,0.9940985541457658,0.9927803153086784,3389.0
accuracy,0.9927407407407407,0.9927407407407407,0.9927407407407407,0.9927407407407407
macro avg,0.9927494904344968,0.992735084868182,0.9927405226178428,6750.0
weighted avg,0.9927441645339496,0.9927407407407407,0.9927406876838197,6750.0
