,precision,recall,f1-score,support
0.0,0.984472049689441,0.9937304075235109,0.9890795631825273,319.0
1.0,0.9328165374677002,0.95,0.9413298565840938,380.0
2.0,0.9423558897243107,0.9170731707317074,0.9295426452410384,410.0
3.0,0.9771428571428571,0.9884393063583815,0.9827586206896551,346.0
4.0,0.9819121447028424,0.9743589743589743,0.9781209781209781,390.0
accuracy,0.9626016260162602,0.9626016260162602,0.9626016260162602,0.9626016260162602
macro avg,0.9637398957454302,0.9647203717945148,0.9641663327636586,1845.0
weighted avg,0.9625582373339633,0.9626016260162602,0.9625126693397342,1845.0
