,precision,recall,f1-score,support
0.0,0.9858356940509915,0.9329758713136729,0.9586776859504132,373.0
1.0,0.9681978798586572,0.9351535836177475,0.951388888888889,293.0
2.0,0.9288256227758007,0.9288256227758007,0.9288256227758007,281.0
3.0,0.946927374301676,0.9186991869918699,0.9325997248968363,369.0
4.0,0.8764044943820225,0.9904761904761905,0.9299552906110284,315.0
accuracy,0.9405272838749233,0.9405272838749233,0.9405272838749233,0.9405272838749233
macro avg,0.9412382130738296,0.9412260910350563,0.9402894426245935,1631.0
weighted avg,0.9429076085390937,0.9405272838749233,0.940778011240561,1631.0
