,precision,recall,f1-score,support
0.0,0.9550561797752809,0.9826589595375722,0.9686609686609686,346.0
1.0,0.9576008273009308,0.9362992922143579,0.9468302658486707,989.0
2.0,0.7911111111111111,0.8356807511737089,0.812785388127854,213.0
accuracy,0.9328165374677002,0.9328165374677002,0.9328165374677002,0.9328165374677002
macro avg,0.9012560393957743,0.918213000975213,0.9094255408791644,1548.0
weighted avg,0.9341235937141695,0.9328165374677002,0.933265578651333,1548.0
