,precision,recall,f1-score,support
0.0,0.9933481152993349,0.9911504424778761,0.9922480620155039,452.0
1.0,0.9959555106167847,0.9969635627530364,0.9964592817400102,988.0
accuracy,0.9951388888888889,0.9951388888888889,0.9951388888888889,0.9951388888888889
macro avg,0.9946518129580597,0.9940570026154563,0.994353671877757,1440.0
weighted avg,0.9951370781976963,0.9951388888888889,0.995137426659818,1440.0
