,precision,recall,f1-score,support
0.0,0.995221027479092,0.9964114832535885,0.99581589958159,1672.0
1.0,0.9941245593419507,0.9917936694021102,0.9929577464788732,1706.0
2.0,0.9819168173598554,0.9766187050359713,0.9792605951307485,556.0
3.0,0.9886363636363636,0.9942857142857143,0.9914529914529915,875.0
accuracy,0.9920981493033895,0.9920981493033895,0.9920981493033895,0.9920981493033895
macro avg,0.9899746919543154,0.9897773929943461,0.9898718081610508,4809.0
weighted avg,0.9920957839085688,0.9920981493033895,0.9920940648799,4809.0
