,precision,recall,f1-score,support
0.0,0.9958382877526754,0.9994033412887828,0.9976176295413937,1676.0
1.0,0.9964136282127914,0.98814463544754,0.9922619047619048,1687.0
2.0,0.9827856025039123,0.9858712715855573,0.9843260188087775,637.0
3.0,0.9933078393881453,0.9990384615384615,0.9961649089165868,1040.0
accuracy,0.9938492063492064,0.9938492063492064,0.9938492063492064,0.9938492063492064
macro avg,0.9920863394643811,0.9931144274650854,0.9925926155071656,5040.0
weighted avg,0.9938589965926838,0.9938492063492064,0.9938452697815776,5040.0
