,precision,recall,f1-score,support
0.0,0.9717779868297272,0.9663236669784846,0.9690431519699813,1069.0
1.0,0.9745762711864406,0.9603340292275574,0.9674027339642481,958.0
2.0,0.9606986899563319,0.9565217391304348,0.9586056644880174,690.0
3.0,0.9268867924528302,0.9800498753117207,0.9527272727272728,401.0
accuracy,0.9640795381654907,0.9640795381654907,0.9640795381654907,0.9640795381654907
macro avg,0.9584849351063325,0.9658073276620494,0.9619447057873799,3118.0
weighted avg,0.964412583566723,0.9640795381654907,0.9641310113707595,3118.0
