,precision,recall,f1-score,support
0.0,0.9934354485776805,0.9963423555230432,0.9948867786705624,1367.0
1.0,0.9881481481481481,0.9955223880597015,0.9918215613382898,1340.0
2.0,0.9931807111544082,0.9946341463414634,0.9939068973921521,2050.0
3.0,0.997997997997998,0.9895781637717121,0.9937702466982307,2015.0
accuracy,0.9936503248670998,0.9936503248670998,0.9936503248670998,0.9936503248670998
macro avg,0.9931905764695588,0.9940192634239801,0.9935963710248088,6772.0
weighted avg,0.993669698841806,0.9936503248670998,0.9936514036306576,6772.0
