,precision,recall,f1-score,support
0.0,0.8743386243386243,0.9155124653739612,0.8944519621109609,722.0
1.0,0.9152173913043479,0.8900634249471459,0.902465166130761,1419.0
2.0,0.9061371841155235,0.9094202898550725,0.9077757685352622,1380.0
accuracy,0.9028685032661176,0.9028685032661176,0.9028685032661176,0.9028685032661176
macro avg,0.8985643999194984,0.9049987267253933,0.9015642989256613,3521.0
weighted avg,0.9032761372089687,0.9028685032661176,0.9029034217444833,3521.0
