,precision,recall,f1-score,support
0.0,0.9938556067588326,0.9984567901234568,0.9961508852963818,648.0
1.0,0.9928131416837782,0.9928131416837782,0.9928131416837782,974.0
2.0,0.9960567823343849,0.993705743509048,0.9948798739661284,1271.0
accuracy,0.9944694089180781,0.9944694089180781,0.9944694089180781,0.9944694089180781
macro avg,0.994241843592332,0.9949918917720942,0.9946146336487628,2893.0
weighted avg,0.9944716915059547,0.9944694089180781,0.9944687499077098,2893.0
