,precision,recall,f1-score,support
0.0,0.9848484848484849,0.9898477157360406,0.9873417721518988,197.0
1.0,0.9555555555555556,0.9502762430939227,0.9529085872576178,181.0
2.0,0.9128205128205128,0.9035532994923858,0.9081632653061223,197.0
3.0,0.9435897435897436,0.9533678756476683,0.9484536082474226,193.0
accuracy,0.94921875,0.94921875,0.94921875,0.94921875
macro avg,0.9492035742035743,0.9492612834925043,0.9492168082407655,768.0
weighted avg,0.9491004799598551,0.94921875,0.9491438711778798,768.0
