,precision,recall,f1-score,support
0.0,0.9879518072289156,0.9919354838709677,0.9899396378269617,496.0
1.0,0.9914346895074947,0.9872068230277186,0.9893162393162394,469.0
accuracy,0.9896373056994818,0.9896373056994818,0.9896373056994818,0.9896373056994818
macro avg,0.9896932483682052,0.9895711534493432,0.9896279385716005,965.0
weighted avg,0.9896445241083495,0.9896373056994818,0.9896366596906625,965.0
