,precision,recall,f1-score,support
0.0,0.9935103244837759,0.9976303317535545,0.9955660656222289,1688.0
1.0,0.9958208955223881,0.98698224852071,0.9913818722139673,1690.0
2.0,0.9934988179669031,0.9982185273159145,0.9958530805687205,1684.0
accuracy,0.9942710391149743,0.9942710391149743,0.9942710391149743,0.9942710391149743
macro avg,0.9942766793243557,0.994277035863393,0.9942670061349723,5062.0
weighted avg,0.9942779041125474,0.9942710391149743,0.9942646128979954,5062.0
