,precision,recall,f1-score,support
0.0,0.9919463087248322,0.9892904953145917,0.9906166219839142,747.0
1.0,0.9851551956815114,0.9945504087193461,0.9898305084745763,734.0
2.0,0.9949685534591195,0.9789603960396039,0.9868995633187773,808.0
3.0,0.9856054191363252,0.9872773536895675,0.9864406779661018,1179.0
4.0,0.9761904761904762,0.9890350877192983,0.9825708061002179,456.0
accuracy,0.987512742099898,0.987512742099898,0.987512742099898,0.987512742099898
macro avg,0.9867731906384529,0.9878227482964815,0.9872716355687174,3924.0
weighted avg,0.9875621925961346,0.987512742099898,0.9875145015055118,3924.0
