,precision,recall,f1-score,support
0.0,0.9806034482758621,0.9578947368421052,0.9691160809371673,475.0
1.0,0.9839228295819936,0.9918962722852512,0.9878934624697338,617.0
2.0,0.9755011135857461,0.9339019189765458,0.9542483660130718,469.0
3.0,0.950354609929078,0.9804878048780488,0.9651860744297719,820.0
accuracy,0.9697606047879043,0.9697606047879043,0.9697606047879043,0.9697606047879043
macro avg,0.9725955003431699,0.9660451832454877,0.9691109959624362,2381.0
weighted avg,0.9700410861808835,0.9697606047879043,0.9696999031841763,2381.0
