,precision,recall,f1-score,support
0.0,0.8755980861244019,0.5562310030395137,0.6802973977695167,658.0
1.0,0.8962264150943396,0.9554597701149425,0.9248956884561892,696.0
2.0,0.697429906542056,0.9018126888217523,0.7865612648221344,662.0
accuracy,0.8075396825396826,0.8075396825396826,0.8075396825396826,0.8075396825396826
macro avg,0.8230848025869326,0.8045011539920695,0.7972514503492801,2016.0
weighted avg,0.8242141486638681,0.8075396825396826,0.7996362322470747,2016.0
