,precision,recall,f1-score,support
0.0,0.9581749049429658,0.9655172413793104,0.9618320610687024,522.0
1.0,0.9052631578947369,0.9184466019417475,0.9118072289156627,1030.0
2.0,0.989505902929602,0.9938515590689504,0.9916739702015774,2277.0
3.0,0.9044117647058824,0.9088669950738916,0.9066339066339065,812.0
4.0,0.9372523117569352,0.9172592113768584,0.9271479908526625,1547.0
accuracy,0.9486102133160956,0.9486102133160956,0.9486102133160956,0.9486102133160956
macro avg,0.9389216084460245,0.9407883217681517,0.9398190315345023,6188.0
weighted avg,0.9486110170025317,0.9486102133160956,0.9485720888567852,6188.0
