,precision,recall,f1-score,support
0.0,0.8736349453978159,0.8846761453396524,0.8791208791208791,633.0
1.0,0.9390142021720969,0.9477234401349073,0.9433487201007134,1186.0
2.0,0.9212218649517685,0.8981191222570533,0.9095238095238095,638.0
3.0,0.9787326388888888,0.9774599046380581,0.9780958577315115,2307.0
accuracy,0.947103274559194,0.947103274559194,0.947103274559194,0.947103274559194
macro avg,0.9281509128526425,0.9269946530924178,0.9275223166192283,4764.0
weighted avg,0.9471783190530687,0.947103274559194,0.9471113418945739,4764.0
