,precision,recall,f1-score,support
0.0,0.9922480620155039,1.0,0.9961089494163424,512.0
1.0,1.0,0.9919354838709677,0.9959514170040485,496.0
accuracy,0.996031746031746,0.996031746031746,0.996031746031746,0.996031746031746
macro avg,0.9961240310077519,0.9959677419354839,0.9960301832101954,1008.0
weighted avg,0.9960625076904147,0.996031746031746,0.996031433467436,1008.0
