,precision,recall,f1-score,support
0.0,0.9691588785046729,0.9801512287334594,0.974624060150376,1058.0
1.0,0.981651376146789,0.9802677942212826,0.9809590973201693,1419.0
2.0,0.9729944400317713,0.9729944400317713,0.9729944400317713,1259.0
3.0,0.968609865470852,0.96,0.9642857142857142,1125.0
4.0,0.99490538573508,0.9905797101449275,0.9927378358750907,1380.0
5.0,0.9794576828266228,0.9843104872006606,0.9818780889621088,1211.0
accuracy,0.9785292538915727,0.9785292538915727,0.9785292538915727,0.9785292538915727
macro avg,0.9777962714526315,0.9780506100553503,0.9779132061042052,7452.0
weighted avg,0.9785443077136872,0.9785292538915727,0.9785275392577276,7452.0
