,precision,recall,f1-score,support
0.0,0.9821640903686087,0.9809976247030879,0.9815805109922757,842.0
1.0,0.9764285714285714,0.9848703170028819,0.9806312769010043,1388.0
2.0,0.9891156462585035,0.9842057761732852,0.9866546030309885,2216.0
accuracy,0.9838056680161943,0.9838056680161943,0.9838056680161943,0.9838056680161943
macro avg,0.9825694360185612,0.9833579059597518,0.9829554636414227,4446.0
weighted avg,0.9838383475803125,0.9838056680161943,0.983813226025812,4446.0
