,precision,recall,f1-score,support
0.0,0.9028925619834711,0.9583333333333334,0.9297872340425534,456.0
1.0,0.9433497536945813,0.9140811455847255,0.9284848484848484,838.0
2.0,0.9719202898550725,0.9701627486437613,0.9710407239819006,1106.0
accuracy,0.9483333333333334,0.9483333333333334,0.9483333333333334,0.9483333333333334
macro avg,0.9393875351777083,0.9475257425206068,0.9431042688364341,2400.0
weighted avg,0.9488291426834301,0.9483333333333334,0.9483434676990373,2400.0
