,precision,recall,f1-score,support
0.0,0.8275862068965517,0.8038277511961722,0.8155339805825241,209.0
1.0,0.9230188679245283,0.9258137774413323,0.9244142101284958,1321.0
2.0,0.8869565217391304,0.892128279883382,0.8895348837209303,686.0
3.0,0.8791208791208791,0.8695652173913043,0.8743169398907105,184.0
accuracy,0.90125,0.90125,0.90125,0.90125
macro avg,0.8791706189202724,0.8728337564780476,0.8759500035806651,2400.0
weighted avg,0.9010349406004027,0.90125,0.901122091955808,2400.0
