,precision,recall,f1-score,support
0.0,0.7924151696606786,0.8556034482758621,0.82279792746114,464.0
1.0,0.9517482517482517,0.9264805990469708,0.9389444636081408,1469.0
2.0,0.8893557422969187,0.8807212205270458,0.8850174216027875,721.0
3.0,0.9151832460732985,0.9238900634249472,0.9195160441872698,946.0
accuracy,0.9075,0.9075,0.9075,0.9075
macro avg,0.8871756024447869,0.8966738328187065,0.8915689642148346,3600.0
weighted avg,0.9091076837561543,0.9075,0.9080687205997484,3600.0
