,precision,recall,f1-score,support
0.0,0.6677018633540373,0.9071729957805907,0.7692307692307692,474.0
1.0,0.6971677559912854,0.7347876004592423,0.7154835103409727,871.0
2.0,0.8195488721804511,0.8702594810379242,0.8441432720232334,501.0
3.0,0.9586440677966102,0.820661636680209,0.8843026891807381,1723.0
accuracy,0.8181563463154945,0.8181563463154945,0.8181563463154945,0.8181563463154945
macro avg,0.785765639830596,0.8332204284894915,0.8032900601939283,3569.0
weighted avg,0.8366661564791787,0.8181563463154945,0.822182918146378,3569.0
