,precision,recall,f1-score,support
0.0,0.9823321554770318,1.0,0.9910873440285205,556.0
1.0,0.9828326180257511,0.9842406876790831,0.9835361488904797,698.0
2.0,0.9923780487804879,0.9908675799086758,0.9916222391469918,657.0
3.0,0.9898697539797395,0.9757489300998573,0.9827586206896551,701.0
accuracy,0.9869831546707504,0.9869831546707504,0.9869831546707504,0.9869831546707504
macro avg,0.9868531440657526,0.9877142994219041,0.9872510881889117,2612.0
weighted avg,0.987015666698232,0.9869831546707504,0.9869687593523866,2612.0
