,precision,recall,f1-score,support
0.0,0.9914893617021276,0.9978586723768736,0.9946638207043758,467.0
1.0,0.9932735426008968,0.9888392857142857,0.9910514541387024,448.0
2.0,0.9765957446808511,0.9828693790149893,0.9797225186766274,467.0
3.0,0.9688195991091314,0.9797297297297297,0.9742441209406495,444.0
4.0,0.980722891566265,0.9599056603773585,0.9702026221692491,424.0
accuracy,0.9822222222222222,0.9822222222222222,0.9822222222222222,0.9822222222222222
macro avg,0.9821802279318543,0.9818405454426473,0.9819769073259209,2250.0
weighted avg,0.9822509776864905,0.9822222222222222,0.9822043437522122,2250.0
