,precision,recall,f1-score,support
0.0,0.994279176201373,0.9977037887485649,0.9959885386819485,871.0
1.0,0.9965986394557823,0.9876404494382023,0.992099322799097,890.0
2.0,0.9953703703703703,0.9992254066615027,0.9972941631233089,1291.0
accuracy,0.9954128440366973,0.9954128440366973,0.9954128440366973,0.9954128440366973
macro avg,0.9954160620091752,0.9948565482827566,0.9951273415347847,3052.0
weighted avg,0.9954171362172968,0.9954128440366973,0.9954066772855062,3052.0
