,precision,recall,f1-score,support
0.0,0.9936708860759493,1.0,0.9968253968253968,157.0
1.0,1.0,0.9920634920634921,0.9960159362549801,126.0
accuracy,0.9964664310954063,0.9964664310954063,0.9964664310954063,0.9964664310954063
macro avg,0.9968354430379747,0.996031746031746,0.9964206665401885,283.0
weighted avg,0.996488795455562,0.9964664310954063,0.9964650009530558,283.0
