,precision,recall,f1-score,support
0.0,0.9393139841688655,0.9468085106382979,0.9430463576158941,376.0
1.0,0.9451612903225807,0.9543973941368078,0.9497568881685575,307.0
2.0,0.9213836477987422,0.9331210191082803,0.9272151898734177,314.0
3.0,0.8844984802431611,0.8844984802431611,0.8844984802431611,329.0
4.0,0.9323943661971831,0.9068493150684932,0.9194444444444445,365.0
accuracy,0.924896510940272,0.924896510940272,0.924896510940272,0.924896510940272
macro avg,0.9245503537461065,0.925134943839008,0.924792272069095,1691.0
weighted avg,0.9248876305424617,0.924896510940272,0.9248394955492599,1691.0
