,precision,recall,f1-score,support
0.0,0.9333333333333333,0.8936170212765957,0.9130434782608695,376.0
1.0,0.9195046439628483,0.9674267100977199,0.9428571428571428,307.0
2.0,0.940625,0.9585987261146497,0.9495268138801262,314.0
3.0,0.9483282674772037,0.9483282674772037,0.9483282674772037,329.0
4.0,0.9610027855153204,0.9452054794520548,0.9530386740331492,365.0
accuracy,0.9408633944411591,0.9408633944411591,0.9408633944411591,0.9408633944411591
macro avg,0.9405588060577411,0.9426352408836447,0.9413588753016983,1691.0
weighted avg,0.9410665439048017,0.9408633944411591,0.940728578511939,1691.0
