,precision,recall,f1-score,support
0.0,0.9005681818181818,0.8692870201096892,0.8846511627906977,1094.0
1.0,0.9619450317124736,0.9670563230605739,0.9644939056703764,941.0
2.0,0.8674443266171792,0.878625134264232,0.8729989327641409,931.0
3.0,0.8467824310520939,0.8441955193482689,0.8454869964303927,982.0
4.0,0.8940972222222222,0.9131205673758865,0.9035087719298246,1128.0
accuracy,0.8940110323089047,0.8940110323089047,0.8940110323089047,0.8940110323089047
macro avg,0.8941674386844302,0.8944569128317301,0.8942279539170865,5076.0
weighted avg,0.8940276886900995,0.8940110323089047,0.8939293280070431,5076.0
