,precision,recall,f1-score,support
0.0,0.9226519337016574,0.8882978723404256,0.9051490514905149,376.0
1.0,0.886435331230284,0.9153094462540716,0.9006410256410257,307.0
2.0,0.7724358974358975,0.767515923566879,0.769968051118211,314.0
3.0,0.8187311178247734,0.8237082066869301,0.8212121212121212,329.0
4.0,0.9566395663956639,0.9671232876712329,0.9618528610354223,365.0
accuracy,0.8752217622708457,0.8752217622708457,0.8752217622708457,0.8752217622708457
macro avg,0.8713787693176552,0.8723909473039079,0.871764622099459,1691.0
weighted avg,0.8753007835914606,0.8752217622708457,0.8751377223181925,1691.0
