,precision,recall,f1-score,support
0.0,0.8976377952755905,0.957983193277311,0.926829268292683,119.0
1.0,0.986088379705401,0.9828711256117455,0.9844771241830066,1226.0
2.0,0.9090909090909091,0.8695652173913043,0.888888888888889,92.0
accuracy,0.9735560194850382,0.9735560194850382,0.9735560194850382,0.9735560194850382
macro avg,0.9309390280239668,0.9368065120934536,0.9333984271215261,1437.0
weighted avg,0.9738341091113296,0.9735560194850382,0.9735834481231546,1437.0
