,precision,recall,f1-score,support
0.0,0.9622641509433962,1.0,0.9807692307692307,51.0
1.0,0.9841269841269841,0.9841269841269841,0.9841269841269841,63.0
2.0,1.0,0.9743589743589743,0.9870129870129869,39.0
3.0,1.0,0.984375,0.9921259842519685,64.0
accuracy,0.9861751152073732,0.9861751152073732,0.9861751152073732,0.9861751152073732
macro avg,0.9865977837675951,0.9857152396214897,0.9860087965402926,217.0
weighted avg,0.9865229110512129,0.9861751152073732,0.98621566937725,217.0
