,precision,recall,f1-score,support
0.0,0.9960474308300395,1.0,0.998019801980198,252.0
1.0,0.9961685823754789,0.9961685823754789,0.9961685823754789,261.0
2.0,1.0,0.9950980392156863,0.9975429975429976,204.0
accuracy,0.99721059972106,0.99721059972106,0.99721059972106,0.99721059972106
macro avg,0.9974053377351728,0.9970888738637217,0.9972437939662249,717.0
weighted avg,0.9972161123698327,0.99721059972106,0.9972102672214523,717.0
