,precision,recall,f1-score,support
0.0,0.9661016949152542,1.0,0.9827586206896551,57.0
1.0,1.0,1.0,1.0,53.0
2.0,1.0,0.9672131147540983,0.9833333333333333,61.0
3.0,1.0,1.0,1.0,56.0
4.0,0.9777777777777777,0.9777777777777777,0.9777777777777777,45.0
accuracy,0.9889705882352942,0.9889705882352942,0.9889705882352942,0.9889705882352942
macro avg,0.9887758945386065,0.9889981785063752,0.9887739463601533,272.0
weighted avg,0.9892198404785643,0.9889705882352942,0.9889727011494254,272.0
