,precision,recall,f1-score,support
0.0,1.0,0.9824561403508771,0.9911504424778761,57.0
1.0,0.9830508474576272,0.9830508474576272,0.9830508474576272,59.0
2.0,0.9878048780487805,0.9878048780487805,0.9878048780487805,82.0
3.0,0.9636363636363636,1.0,0.9814814814814815,53.0
4.0,1.0,0.9830508474576272,0.9914529914529915,59.0
accuracy,0.9870967741935484,0.9870967741935484,0.9870967741935484,0.9870967741935484
macro avg,0.9868984178285543,0.9872725426629824,0.9869881281837515,310.0
weighted avg,0.9873313782991202,0.9870967741935484,0.9871284523725289,310.0
