,precision,recall,f1-score,support
0.0,0.8787878787878788,0.9666666666666667,0.9206349206349207,30.0
1.0,0.990909090909091,0.9646017699115044,0.9775784753363229,113.0
accuracy,0.965034965034965,0.965034965034965,0.965034965034965,0.965034965034965
macro avg,0.9348484848484848,0.9656342182890856,0.9491066979856218,143.0
weighted avg,0.9673871582962492,0.965034965034965,0.9656322750493154,143.0
