,precision,recall,f1-score,support
0.0,1.0,0.9964539007092199,0.9982238010657194,282.0
1.0,1.0,1.0,1.0,142.0
2.0,0.989247311827957,1.0,0.9945945945945946,92.0
accuracy,0.998062015503876,0.998062015503876,0.998062015503876,0.998062015503876
macro avg,0.996415770609319,0.9988179669030733,0.9976061318867714,516.0
weighted avg,0.998082854046845,0.998062015503876,0.998065532176813,516.0
