,precision,recall,f1-score,support
0.0,1.0,1.0,1.0,290.0
1.0,1.0,0.9893992932862191,0.9946714031971582,283.0
2.0,0.9882352941176471,1.0,0.9940828402366864,84.0
3.0,0.9863945578231292,1.0,0.9931506849315068,145.0
accuracy,0.9962593516209476,0.9962593516209476,0.9962593516209476,0.9962593516209476
macro avg,0.9936574629851941,0.9973498233215548,0.995476232091338,802.0
weighted avg,0.9963079496137607,0.9962593516209476,0.9962616147129002,802.0
