,precision,recall,f1-score,support
0.0,1.0,1.0,1.0,180.0
1.0,0.9941860465116279,0.9941860465116279,0.9941860465116279,172.0
2.0,0.9902912621359223,0.9807692307692307,0.9855072463768114,104.0
3.0,0.9846153846153847,1.0,0.9922480620155039,64.0
accuracy,0.9942307692307693,0.9942307692307693,0.9942307692307693,0.9942307692307693
macro avg,0.9922731733157337,0.9937388193202147,0.9929853387259858,520.0
weighted avg,0.9942416843798474,0.9942307692307693,0.9942242876772704,520.0
