,precision,recall,f1-score,support
0.0,0.9916666666666667,0.9834710743801653,0.9875518672199171,121.0
1.0,0.9919678714859438,0.9724409448818898,0.9821073558648112,254.0
2.0,0.963302752293578,0.9905660377358491,0.9767441860465116,212.0
accuracy,0.9812606473594548,0.9812606473594548,0.9812606473594548,0.9812606473594548
macro avg,0.9823124301487294,0.9821593523326347,0.9821344697104134,587.0
weighted avg,0.981553133748441,0.9812606473594548,0.9812926946595102,587.0
