,precision,recall,f1-score,support
0.0,0.9907407407407407,1.0,0.9953488372093023,107.0
1.0,1.0,0.9939024390243902,0.9969418960244648,164.0
2.0,1.0,1.0,1.0,212.0
accuracy,0.9979296066252588,0.9979296066252588,0.9979296066252588,0.9979296066252588
macro avg,0.9969135802469135,0.9979674796747968,0.9974302444112557,483.0
weighted avg,0.9979487769342842,0.9979296066252588,0.9979312557544671,483.0
