,precision,recall,f1-score,support
0.0,1.0,1.0,1.0,44.0
1.0,1.0,1.0,1.0,25.0
2.0,0.9705882352941176,1.0,0.9850746268656716,33.0
3.0,1.0,0.9615384615384616,0.9803921568627451,26.0
accuracy,0.9921875,0.9921875,0.9921875,0.9921875
macro avg,0.9926470588235294,0.9903846153846154,0.9913666959321041,128.0
weighted avg,0.9924172794117647,0.9921875,0.992169209101551,128.0
