,precision,recall,f1-score,support
0.0,0.9961685823754789,0.9885931558935361,0.9923664122137406,263.0
1.0,0.9896907216494846,0.993103448275862,0.9913941480206541,290.0
2.0,0.9965753424657534,1.0,0.9982847341337907,291.0
accuracy,0.9940758293838863,0.9940758293838863,0.9940758293838863,0.9940758293838863
macro avg,0.9941448821635723,0.9938988680564661,0.9940150981227284,844.0
weighted avg,0.9940830226310848,0.9940758293838863,0.994072899254901,844.0
