,precision,recall,f1-score,support
0.0,1.0,0.9928571428571429,0.996415770609319,140.0
1.0,0.9854014598540146,1.0,0.9926470588235294,135.0
2.0,0.9916666666666667,0.9916666666666667,0.9916666666666667,120.0
3.0,1.0,0.9890710382513661,0.9945054945054945,183.0
4.0,0.987012987012987,1.0,0.9934640522875817,76.0
accuracy,0.9938837920489296,0.9938837920489296,0.9938837920489296,0.9938837920489296
macro avg,0.9928162227067336,0.9947189695550351,0.9937398085785183,654.0
weighted avg,0.99394829372061,0.9938837920489296,0.9938888903590867,654.0
