,precision,recall,f1-score,support
0.0,1.0,0.9789473684210527,0.9893617021276596,95.0
1.0,0.9803921568627451,1.0,0.99009900990099,100.0
2.0,1.0,0.984375,0.9921259842519685,64.0
3.0,0.9928057553956835,1.0,0.996389891696751,138.0
accuracy,0.9924433249370277,0.9924433249370277,0.9924433249370277,0.9924433249370277
macro avg,0.9932994780646072,0.9908305921052631,0.9919941469943423,397.0
weighted avg,0.9925602265261431,0.9924433249370277,0.9924360975780966,397.0
