,precision,recall,f1-score,support
0.0,0.5368421052631579,0.4015748031496063,0.45945945945945943,127.0
1.0,0.718562874251497,0.6349206349206349,0.6741573033707866,189.0
2.0,0.4340659340659341,0.6929824561403509,0.5337837837837838,114.0
3.0,0.8028571428571428,0.771978021978022,0.7871148459383753,364.0
accuracy,0.6687657430730478,0.6687657430730478,0.6687657430730478,0.6687657430730478
macro avg,0.623082014109433,0.6253639790471535,0.6136288481381013,794.0
weighted avg,0.6872932582940434,0.6687657430730478,0.6714461422687028,794.0
