,precision,recall,f1-score,support
0.0,0.9946524064171123,1.0,0.9973190348525469,186.0
1.0,0.9872881355932204,0.9914893617021276,0.9893842887473461,235.0
2.0,0.9890710382513661,0.9890710382513661,0.9890710382513661,183.0
3.0,0.9880239520958084,0.9821428571428571,0.9850746268656716,168.0
4.0,0.9918032786885246,0.9958847736625515,0.9938398357289527,243.0
5.0,0.9955555555555555,0.986784140969163,0.9911504424778761,227.0
accuracy,0.9911433172302737,0.9911433172302737,0.9911433172302737,0.9911433172302737
macro avg,0.9910657277669314,0.9908953619546775,0.99097321115396,1242.0
weighted avg,0.99114765800524,0.9911433172302737,0.9911380162449648,1242.0
