,precision,recall,f1-score,support
0.0,0.989010989010989,0.989010989010989,0.989010989010989,91.0
1.0,0.975609756097561,0.9876543209876543,0.9815950920245398,81.0
2.0,0.9714285714285714,0.9444444444444444,0.9577464788732395,36.0
accuracy,0.9807692307692307,0.9807692307692307,0.9807692307692307,0.9807692307692307
macro avg,0.9786831055123738,0.9737032514810293,0.9761175199695895,208.0
weighted avg,0.9807491289198604,0.9807692307692307,0.9807119023722323,208.0
