,precision,recall,f1-score,support
0.0,0.775,0.9393939393939394,0.8493150684931509,33.0
1.0,0.9800995024875622,0.9036697247706422,0.9403341288782816,218.0
2.0,0.875,0.9655172413793104,0.9180327868852458,116.0
3.0,0.9354838709677419,0.8787878787878788,0.90625,33.0
accuracy,0.9225,0.9225,0.9225,0.9225
macro avg,0.891395843363826,0.9218421960829427,0.9034829960641695,400.0
weighted avg,0.9290191482105601,0.9225,0.9235457265860697,400.0
