,precision,recall,f1-score,support
0.0,0.989010989010989,0.989010989010989,0.989010989010989,91.0
1.0,1.0,0.9915966386554622,0.9957805907172996,119.0
2.0,0.9716981132075472,1.0,0.985645933014354,103.0
3.0,1.0,0.983739837398374,0.9918032786885246,123.0
accuracy,0.9908256880733946,0.9908256880733946,0.9908256880733946,0.9908256880733946
macro avg,0.9901772755546341,0.9910868662662063,0.9905601978577918,436.0
weighted avg,0.9910204258265535,0.9908256880733946,0.9908514327397377,436.0
