,precision,recall,f1-score,support
0.0,0.9880952380952381,1.0,0.9940119760479043,83.0
1.0,1.0,0.9873417721518988,0.9936305732484078,79.0
2.0,0.9850746268656716,0.9850746268656716,0.9850746268656716,67.0
3.0,0.9852941176470589,0.9852941176470589,0.9852941176470589,68.0
4.0,1.0,1.0,1.0,78.0
accuracy,0.992,0.992,0.992,0.992
macro avg,0.9916927965215937,0.9915421033329258,0.9916022587618085,375.0
weighted avg,0.992031746031746,0.992,0.9919994914629341,375.0
