,precision,recall,f1-score,support
0.0,0.9862068965517241,1.0,0.9930555555555556,143.0
1.0,1.0,0.9850746268656716,0.9924812030075187,134.0
accuracy,0.9927797833935018,0.9927797833935018,0.9927797833935018,0.9927797833935018
macro avg,0.993103448275862,0.9925373134328358,0.9927683792815372,277.0
weighted avg,0.9928793725880742,0.9927797833935018,0.9927777099185991,277.0
