,precision,recall,f1-score,support
0.0,0.9932885906040269,1.0,0.9966329966329966,148.0
1.0,1.0,0.9937888198757764,0.9968847352024921,161.0
accuracy,0.9967637540453075,0.9967637540453075,0.9967637540453075,0.9967637540453075
macro avg,0.9966442953020134,0.9968944099378882,0.9967588659177444,309.0
weighted avg,0.9967854738168154,0.9967637540453075,0.9967641613892709,309.0
