,precision,recall,f1-score,support
0.0,0.9672131147540983,0.9672131147540983,0.9672131147540983,61.0
1.0,0.8928571428571429,1.0,0.9433962264150945,50.0
2.0,1.0,0.9375,0.967741935483871,64.0
3.0,0.9818181818181818,1.0,0.9908256880733944,54.0
4.0,1.0,0.9433962264150944,0.970873786407767,53.0
accuracy,0.9680851063829787,0.9680851063829787,0.9680851063829787,0.9680851063829787
macro avg,0.9683776878858847,0.9696218682338384,0.968010150226845,282.0
weighted avg,0.9704292161738971,0.9680851063829787,0.9683198334301326,282.0
