,precision,recall,f1-score,support
0.0,0.9325153374233128,0.9101796407185628,0.9212121212121211,167.0
1.0,0.9683544303797469,0.9807692307692307,0.9745222929936307,156.0
2.0,0.9454545454545454,0.9341317365269461,0.9397590361445782,167.0
3.0,0.9047619047619048,0.9325153374233128,0.9184290030211482,163.0
4.0,0.96875,0.9637305699481865,0.9662337662337663,193.0
accuracy,0.9444444444444444,0.9444444444444444,0.9444444444444444,0.9444444444444444
macro avg,0.9439672436039019,0.9442653030772478,0.9440312439210489,846.0
weighted avg,0.9445971655508668,0.9444444444444444,0.9444381860060748,846.0
