,precision,recall,f1-score,support
0.0,0.9666666666666667,0.9508196721311475,0.9586776859504132,61.0
1.0,0.9607843137254902,0.98,0.9702970297029702,50.0
2.0,0.9696969696969697,1.0,0.9846153846153847,64.0
3.0,1.0,0.9444444444444444,0.9714285714285714,54.0
4.0,0.9629629629629629,0.9811320754716981,0.9719626168224299,53.0
accuracy,0.9716312056737588,0.9716312056737588,0.9716312056737588,0.9716312056737588
macro avg,0.972022182610418,0.9712792384094581,0.9713962577039539,282.0
weighted avg,0.9719983172006533,0.9716312056737588,0.9715628953625531,282.0
