,precision,recall,f1-score,support
0.0,0.9444444444444444,0.9444444444444444,0.9444444444444444,18.0
1.0,1.0,0.9902912621359223,0.9951219512195122,206.0
2.0,0.8888888888888888,1.0,0.9411764705882353,16.0
accuracy,0.9875,0.9875,0.9875,0.9875
macro avg,0.9444444444444443,0.9782452355267889,0.960247622084064,240.0
weighted avg,0.9884259259259259,0.9875,0.9877247728359637,240.0
