,precision,recall,f1-score,support
0.0,0.9784656796769852,0.9771505376344086,0.9778076664425017,744.0
1.0,0.9801169590643275,0.9812646370023419,0.9806904622586308,854.0
accuracy,0.9793491864831039,0.9793491864831039,0.9793491864831039,0.9793491864831039
macro avg,0.9792913193706563,0.9792075873183752,0.9792490643505662,1598.0
weighted avg,0.9793481531418102,0.9793491864831039,0.9793482844819098,1598.0
