,precision,recall,f1-score,support
0.0,0.9781021897810219,0.9925925925925926,0.9852941176470589,405.0
1.0,0.9767441860465116,0.9639344262295082,0.9702970297029703,305.0
2.0,0.9741935483870968,0.9869281045751634,0.9805194805194806,153.0
3.0,1.0,0.967479674796748,0.9834710743801653,123.0
accuracy,0.9797160243407708,0.9797160243407708,0.9797160243407708,0.9797160243407708
macro avg,0.9822599810536575,0.9777336995485031,0.9798954255624187,986.0
weighted avg,0.9798072784064155,0.9797160243407708,0.979686748858728,986.0
