,precision,recall,f1-score,support
0.0,0.9615384615384616,0.9664948453608248,0.9640102827763496,388.0
1.0,0.947242206235012,0.9518072289156626,0.9495192307692307,415.0
2.0,0.9605734767025089,0.9537366548042705,0.9571428571428572,281.0
3.0,0.9627039627039627,0.9582366589327146,0.9604651162790697,431.0
accuracy,0.9577557755775578,0.9577557755775578,0.9577557755775578,0.9577557755775578
macro avg,0.9580145267949863,0.9575688470033681,0.9577843717418768,1515.0
weighted avg,0.9577749132298786,0.9577557755775578,0.9577584676302813,1515.0
