,precision,recall,f1-score,support
0.0,0.9464285714285714,0.977859778597786,0.9618874773139745,271.0
1.0,0.963963963963964,0.9511111111111111,0.9574944071588367,225.0
2.0,0.9705882352941176,0.9375,0.9537572254335259,176.0
accuracy,0.9583333333333334,0.9583333333333334,0.9583333333333334,0.9583333333333334
macro avg,0.9603269235622177,0.9554902965696325,0.9577130366354457,672.0
weighted avg,0.9586273276202372,0.9583333333333334,0.9582872316058422,672.0
