,precision,recall,f1-score,support
0.0,0.8679808841099164,0.887057387057387,0.8774154589371981,1638.0
1.0,0.9511486664906258,0.9421919958148052,0.9466491458607096,3823.0
accuracy,0.9256546420069585,0.9256546420069585,0.9256546420069585,0.9256546420069585
macro avg,0.9095647753002711,0.914624691436096,0.9120323023989538,5461.0
weighted avg,0.9262029005980049,0.9256546420069585,0.9258828431358036,5461.0
