,precision,recall,f1-score,support
0.0,0.9978237214363439,0.9913513513513513,0.9945770065075922,1850.0
1.0,0.9873490511788384,0.997096399535424,0.9921987864778966,1722.0
2.0,0.9993065187239945,0.9958534899792675,0.9975770162686051,1447.0
accuracy,0.9946204423191871,0.9946204423191871,0.9946204423191871,0.9946204423191871
macro avg,0.9948264304463924,0.994767080288681,0.9947842697513646,5019.0
weighted avg,0.9946573985616289,0.9946204423191871,0.9946259643145358,5019.0
