,precision,recall,f1-score,support
0.0,0.9336870026525199,0.9859943977591037,0.9591280653950953,357.0
1.0,0.9514563106796117,0.8769574944071589,0.9126891734575089,447.0
2.0,0.9177215189873418,0.90625,0.9119496855345911,480.0
3.0,0.9715025906735751,0.9305210918114144,0.9505703422053231,403.0
4.0,0.882703777335984,0.9548387096774194,0.9173553719008264,465.0
accuracy,0.9284386617100372,0.9284386617100372,0.9284386617100372,0.9284386617100372
macro avg,0.9314142400658065,0.9309123387310192,0.930338527698669,2152.0
weighted avg,0.929882137749695,0.9284386617100372,0.9283302624446045,2152.0
