,precision,recall,f1-score,support
0.0,0.9672131147540983,0.959349593495935,0.9632653061224489,492.0
1.0,0.9501246882793017,0.943069306930693,0.946583850931677,404.0
2.0,0.9048672566371682,0.8969298245614035,0.9008810572687225,456.0
3.0,0.9238683127572016,0.9532908704883227,0.9383490073145245,471.0
4.0,0.9970414201183432,0.9853801169590644,0.9911764705882354,342.0
accuracy,0.9459584295612009,0.9459584295612009,0.9459584295612009,0.9459584295612009
macro avg,0.9486229585092227,0.9476039424870837,0.9480511384451218,2165.0
weighted avg,0.9461749822353432,0.9459584295612009,0.9460013412884515,2165.0
