,precision,recall,f1-score,support
0.0,0.994475138121547,0.997229916897507,0.995850622406639,361.0
1.0,1.0,0.996742671009772,0.99836867862969,307.0
2.0,0.9957983193277311,0.9957983193277311,0.9957983193277311,238.0
accuracy,0.9966887417218543,0.9966887417218543,0.9966887417218543,0.9966887417218543
macro avg,0.9967578191497594,0.9965903024116699,0.9966725401213533,906.0
weighted avg,0.9966948398033979,0.9966887417218543,0.9966901313776066,906.0
