,precision,recall,f1-score,support
0.0,0.8564593301435407,0.8689320388349514,0.8626506024096385,206.0
1.0,0.9659090909090909,0.9622641509433962,0.9640831758034027,795.0
accuracy,0.9430569430569431,0.9430569430569431,0.9430569430569431,0.9430569430569431
macro avg,0.9111842105263158,0.9155980948891738,0.9133668891065206,1001.0
weighted avg,0.9433849643179786,0.9430569430569431,0.9432089399201704,1001.0
