,precision,recall,f1-score,support
0.0,0.9959473150962512,0.9964521033958439,0.996199645300228,1973.0
1.0,0.9963350785340314,0.9906298802706923,0.993474288697468,1921.0
2.0,0.9750733137829912,0.979381443298969,0.9772226304188096,679.0
3.0,0.9904214559386973,0.9971070395371263,0.9937530033637674,1037.0
accuracy,0.9925133689839573,0.9925133689839573,0.9925133689839573,0.9925133689839573
macro avg,0.9894442908379928,0.9908926166256579,0.9901623919450683,5610.0
weighted avg,0.9925321868833972,0.9925133689839573,0.9925172975593198,5610.0
