,precision,recall,f1-score,support
0.0,0.989247311827957,0.9852116267210607,0.9872253449156873,1961.0
1.0,0.9757981462409887,0.9798345398138573,0.9778121775025801,1934.0
2.0,0.9563492063492064,0.9704697986577181,0.9633577614923385,745.0
3.0,0.9861676159479251,0.9774193548387097,0.9817739975698663,1240.0
accuracy,0.9799319727891157,0.9799319727891157,0.9799319727891157,0.9799319727891157
macro avg,0.9768905700915194,0.9782338300078365,0.9775423203701181,5880.0
weighted avg,0.980006053712633,0.9799319727891157,0.9799556023755236,5880.0
