,precision,recall,f1-score,support
0.0,0.9796913078797725,0.9844897959183674,0.982084690553746,1225.0
1.0,0.9726495726495726,0.9810344827586207,0.976824034334764,1160.0
2.0,0.9748010610079576,0.9447300771208226,0.9595300261096606,778.0
3.0,0.9627329192546584,0.9789473684210527,0.9707724425887265,475.0
accuracy,0.9741616272677295,0.9741616272677295,0.9741616272677295,0.9741616272677295
macro avg,0.9724687151979904,0.9723004310547158,0.9723027983967243,3638.0
weighted avg,0.9741860138912531,0.9741616272677295,0.9741068983781271,3638.0
