,precision,recall,f1-score,support
0.0,0.9942711648631445,0.9898605830164765,0.9920609717370594,1578.0
1.0,0.9846252402306214,0.9896973599484868,0.9871547848426462,1553.0
2.0,0.9887029288702929,0.9911912751677853,0.989945538332635,2384.0
3.0,0.9920134510298445,0.989103101424979,0.9905561385099686,2386.0
accuracy,0.9900012656625744,0.9900012656625744,0.9900012656625744,0.9900012656625744
macro avg,0.9899031962484759,0.9899630798894319,0.9899293583555773,7901.0
weighted avg,0.9900132607032255,0.9900012656625744,0.9900038861070112,7901.0
