,precision,recall,f1-score,support
0.0,0.9270833333333334,0.956989247311828,0.9417989417989417,837.0
1.0,0.9548229548229549,0.9473046638400969,0.951048951048951,1651.0
2.0,0.952054794520548,0.9438271604938272,0.9479231246125231,1620.0
accuracy,0.9479065238558909,0.9479065238558909,0.9479065238558909,0.9479065238558909
macro avg,0.9446536942256122,0.9493736905485841,0.9469236724868053,4108.0
weighted avg,0.9480794098188866,0.9479065238558909,0.9479315955062854,4108.0
