,precision,recall,f1-score,support
0.0,0.9712041884816754,0.9986541049798116,0.9847378898473789,743.0
1.0,0.9902135231316725,0.9858281665190434,0.9880159786950732,1129.0
2.0,0.9912575655682583,0.980705256154358,0.9859531772575252,1503.0
accuracy,0.9863703703703703,0.9863703703703703,0.9863703703703703,0.9863703703703703
macro avg,0.9842250923938688,0.9883958425510709,0.9862356819333259,3375.0
weighted avg,0.9864936002093735,0.9863703703703703,0.9863756792656002,3375.0
