,precision,recall,f1-score,support
0.0,0.944954128440367,0.944954128440367,0.944954128440367,218.0
1.0,0.9596412556053812,0.9596412556053812,0.9596412556053812,223.0
2.0,0.8854625550660793,0.8973214285714286,0.8913525498891353,224.0
3.0,0.9517543859649122,0.9393939393939394,0.9455337690631808,231.0
accuracy,0.9352678571428571,0.9352678571428571,0.9352678571428571,0.9352678571428571
macro avg,0.9354530812691849,0.935327688002779,0.935370425749516,896.0
weighted avg,0.9354898163980988,0.9352678571428571,0.935358562308885,896.0
