,precision,recall,f1-score,support
0.0,0.9848254931714719,0.9903357070193286,0.9875729140248543,1966.0
1.0,0.9850746268656716,0.9835560123329907,0.9843147338647467,1946.0
2.0,0.9984894259818731,0.9944834503510531,0.9964824120603015,1994.0
accuracy,0.9895022011513714,0.9895022011513714,0.9895022011513714,0.9895022011513714
macro avg,0.989463182006339,0.9894583899011241,0.9894566866499673,5906.0
weighted avg,0.9895208362451008,0.9895022011513714,0.9895074078431936,5906.0
