,precision,recall,f1-score,support
0.0,0.9409722222222222,0.9854545454545455,0.9626998223801067,275.0
1.0,0.9927007299270073,0.9696969696969697,0.9810640216411181,561.0
accuracy,0.9748803827751196,0.9748803827751196,0.9748803827751196,0.9748803827751196
macro avg,0.9668364760746148,0.9775757575757575,0.9718819220106123,836.0
weighted avg,0.9756847734451701,0.9748803827751196,0.9750231666210485,836.0
