,precision,recall,f1-score,support
0.0,0.9592959295929593,0.9965714285714286,0.9775784753363228,875.0
1.0,0.9884259259259259,0.9552572706935123,0.9715585893060297,894.0
2.0,0.996523754345307,0.9862385321100917,0.9913544668587897,872.0
3.0,0.9883720930232558,0.9847936278059377,0.9865796155241204,1381.0
4.0,0.9752650176678446,0.9928057553956835,0.983957219251337,556.0
accuracy,0.9825251201397991,0.9825251201397991,0.9825251201397991,0.9825251201397991
macro avg,0.9815765441110585,0.9831333229153308,0.98220567325532,4578.0
weighted avg,0.9827860725751774,0.9825251201397991,0.9825168857147862,4578.0
