,precision,recall,f1-score,support
0.0,0.990979381443299,0.9897039897039897,0.9903412749517064,777.0
1.0,0.9949109414758269,0.988621997471555,0.9917564996829422,791.0
2.0,0.9860759493670886,0.9936224489795918,0.9898348157560356,784.0
accuracy,0.9906462585034014,0.9906462585034014,0.9906462585034014,0.9906462585034014
macro avg,0.9906554240954049,0.9906494787183789,0.9906441967968947,2352.0
weighted avg,0.9906671251669302,0.9906462585034014,0.9906484087752616,2352.0
