,precision,recall,f1-score,support
0.0,0.9933554817275747,0.9933554817275747,0.9933554817275747,1204.0
1.0,0.9848484848484849,0.9848484848484849,0.9848484848484849,528.0
accuracy,0.9907621247113164,0.9907621247113164,0.9907621247113164,0.9907621247113164
macro avg,0.9891019832880298,0.9891019832880298,0.9891019832880298,1732.0
weighted avg,0.9907621247113164,0.9907621247113164,0.9907621247113164,1732.0
