,precision,recall,f1-score,support
0.0,0.7893333333333333,0.8032564450474898,0.7962340282447882,737.0
1.0,0.8898050974512743,0.8825278810408922,0.8861515490854797,1345.0
2.0,0.8808219178082192,0.8561917443408789,0.8683322079675895,751.0
3.0,0.9657434402332361,0.9724770642201835,0.9690985554946059,2725.0
accuracy,0.9125584742713206,0.9125584742713206,0.9125584742713206,0.9125584742713206
macro avg,0.8814259472065158,0.878613283662361,0.8799540851981158,5558.0
weighted avg,0.9124999384037733,0.9125584742713206,0.9124881907597768,5558.0
