,precision,recall,f1-score,support
0.0,0.8784905660377359,0.9814502529510961,0.927120669056153,1186.0
1.0,0.9435133457479826,0.9004739336492891,0.9214913610184904,1688.0
2.0,0.914450035945363,0.8542646071188718,0.8833333333333333,1489.0
3.0,0.8572549019607844,0.8446676970633694,0.8509147528221098,1294.0
4.0,0.9726984126984127,0.9745547073791349,0.9736256752462663,1572.0
5.0,0.914963744232037,0.9474402730375426,0.9309188464118041,1465.0
accuracy,0.9166091557395906,0.9166091557395906,0.9166091557395906,0.9166091557395906
macro avg,0.9135618344370527,0.9171419118665506,0.9145674396480262,8694.0
weighted avg,0.9172933144312272,0.9166091557395906,0.9162347855837791,8694.0
