,precision,recall,f1-score,support
0.0,0.9141494435612083,0.9229534510433387,0.9185303514376996,623.0
1.0,0.8915441176470589,0.8786231884057971,0.8850364963503651,552.0
2.0,0.8657243816254417,0.8718861209964412,0.8687943262411347,281.0
accuracy,0.8962912087912088,0.8962912087912088,0.8962912087912088,0.8962912087912088
macro avg,0.8904726476112362,0.891154253481859,0.8907870580097331,1456.0
weighted avg,0.8962335216459879,0.8962912087912088,0.8962333520637685,1456.0
