,precision,recall,f1-score,support
0.0,0.810126582278481,0.8687782805429864,0.8384279475982533,221.0
1.0,0.9338235294117647,0.9251655629139073,0.929474384564205,1510.0
2.0,0.895320197044335,0.8759036144578313,0.8855054811205846,830.0
3.0,0.8588235294117647,0.9163179916317992,0.8866396761133601,239.0
accuracy,0.9053571428571429,0.9053571428571429,0.9053571428571429,0.9053571428571429
macro avg,0.8745234595365864,0.8965413623866311,0.8850118723491007,2800.0
weighted avg,0.9062450325612567,0.9053571428571429,0.9055983317972649,2800.0
