,precision,recall,f1-score,support
0.0,0.7114337568058077,0.7382297551789078,0.7245841035120147,531.0
1.0,0.9107565011820331,0.89540964555491,0.9030178728391444,1721.0
2.0,0.8163972286374134,0.8904282115869018,0.8518072289156627,794.0
3.0,0.928505957836847,0.8778162911611785,0.9024498886414254,1154.0
accuracy,0.8697619047619047,0.8697619047619047,0.8697619047619047,0.8697619047619047
macro avg,0.8417733611155253,0.8504709758704745,0.8454647734770617,4200.0
weighted avg,0.8725948900666644,0.8697619047619047,0.8706214355648306,4200.0
