,precision,recall,f1-score,support
0.0,0.9943820224719101,1.0,0.9971830985915493,885.0
1.0,0.9944506104328524,0.9988851727982163,0.996662958843159,897.0
2.0,0.9829931972789115,0.9874715261958997,0.9852272727272726,878.0
3.0,0.9867256637168141,0.9748633879781421,0.9807586586036283,915.0
4.0,0.9933554817275747,0.9911602209944751,0.9922566371681415,905.0
accuracy,0.9904017857142857,0.9904017857142857,0.9904017857142857,0.9904017857142857
macro avg,0.9903813951256126,0.9904760615933466,0.9904177251867502,4480.0
weighted avg,0.9903926356966817,0.9904017857142857,0.9903860917522026,4480.0
