,precision,recall,f1-score,support
0.0,0.9735772357723578,0.9815573770491803,0.9775510204081633,488.0
1.0,0.9877883310719131,0.9824561403508771,0.9851150202976995,741.0
accuracy,0.9820992676973149,0.9820992676973149,0.9820992676973149,0.9820992676973149
macro avg,0.9806827834221354,0.9820067587000287,0.9813330203529314,1229.0
weighted avg,0.9821455202450757,0.9820992676973149,0.9821115768916021,1229.0
