,precision,recall,f1-score,support
0.0,0.9237588652482269,0.9577205882352942,0.9404332129963898,544.0
1.0,0.9123468426013195,0.9352657004830918,0.9236641221374046,1035.0
2.0,0.8945578231292517,0.9293286219081273,0.9116117850953207,566.0
3.0,0.9805128205128205,0.9474727452923687,0.9637096774193549,2018.0
accuracy,0.9433101128993514,0.9433101128993514,0.9433101128993514,0.9433101128993514
macro avg,0.9277940878729046,0.9424469139797205,0.9348546994121175,4163.0
weighted avg,0.944462744288597,0.9433101128993514,0.9436287373717174,4163.0
