,precision,recall,f1-score,support
0.0,0.9831029185867896,1.0,0.9914794732765299,640.0
1.0,0.9974358974358974,0.9737171464330413,0.9854338188727042,799.0
2.0,0.9800747198007472,0.9974651457541192,0.9886934673366835,789.0
3.0,1.0,0.9926739926739927,0.9963235294117647,819.0
accuracy,0.9904824417459797,0.9904824417459797,0.9904824417459797,0.9904824417459797
macro avg,0.9901533839558585,0.9909640712152883,0.9904825722244206,3047.0
weighted avg,0.9906190035673177,0.9904824417459797,0.9904747622228907,3047.0
