,precision,recall,f1-score,support
0.0,0.9923224568138196,0.9980694980694981,0.9951876804619827,518.0
1.0,0.957089552238806,0.9903474903474904,0.9734345351043643,518.0
2.0,0.994140625,0.975095785440613,0.9845261121856866,522.0
3.0,0.952212389380531,0.9817518248175182,0.9667565139263252,548.0
4.0,0.9796334012219959,0.9267822736030829,0.9524752475247524,519.0
accuracy,0.9744761904761905,0.9744761904761905,0.9744761904761905,0.9744761904761905
macro avg,0.9750796849310305,0.9744093744556406,0.9744760178406222,2625.0
weighted avg,0.9748491244015265,0.9744761904761905,0.9743947281223881,2625.0
