,precision,recall,f1-score,support
0.0,0.9926131117266851,0.9990706319702602,0.9958314034275126,1076.0
1.0,0.9990723562152134,0.992626728110599,0.9958391123439667,1085.0
accuracy,0.995835261453031,0.995835261453031,0.995835261453031,0.995835261453031
macro avg,0.9958427339709492,0.9958486800404296,0.9958352578857397,2161.0
weighted avg,0.9958561845032021,0.995835261453031,0.9958352739385505,2161.0
