,precision,recall,f1-score,support
0.0,1.0,0.9823529411764705,0.9910979228486646,170.0
1.0,0.9815950920245399,1.0,0.9907120743034055,160.0
accuracy,0.990909090909091,0.990909090909091,0.990909090909091,0.990909090909091
macro avg,0.99079754601227,0.9911764705882353,0.990904998576035,330.0
weighted avg,0.9910764082543224,0.990909090909091,0.9909108447661147,330.0
