,precision,recall,f1-score,support
0.0,0.9380952380952381,0.9270588235294117,0.9325443786982249,425.0
1.0,0.9375,0.9556786703601108,0.9465020576131686,361.0
2.0,0.8710526315789474,0.9376770538243626,0.903137789904502,353.0
3.0,0.9327956989247311,0.8653366583541147,0.8978007761966363,401.0
4.0,0.9284064665127021,0.9284064665127021,0.9284064665127022,433.0
accuracy,0.9219462747085656,0.9219462747085656,0.9219462747085656,0.9219462747085656
macro avg,0.9215700070223237,0.9228315345161404,0.9216782937850467,1973.0
weighted avg,0.9227879525629304,0.9219462747085656,0.9218673871445716,1973.0
