,precision,recall,f1-score,support
0.0,0.8807785888077859,0.851764705882353,0.8660287081339713,425.0
1.0,0.8934426229508197,0.9058171745152355,0.8995873452544704,361.0
2.0,0.8299120234604106,0.8016997167138811,0.8155619596541788,353.0
3.0,0.8578811369509044,0.827930174563591,0.8426395939086295,401.0
4.0,0.905982905982906,0.9792147806004619,0.9411764705882353,433.0
accuracy,0.8758236188545362,0.8758236188545362,0.8758236188545362,0.8758236188545362
macro avg,0.8735994556305654,0.8732853104551044,0.872998815507897,1973.0
weighted avg,0.8748725624014144,0.8758236188545362,0.8748781010004019,1973.0
