,precision,recall,f1-score,support
0.0,0.8540497193263833,0.8432304038004751,0.848605577689243,1263.0
1.0,0.9572338489535942,0.95897903372835,0.9581056466302368,1097.0
2.0,0.8316467341306347,0.8225659690627843,0.8270814272644099,1099.0
3.0,0.8117752007136485,0.8003518029903254,0.8060230292294065,1137.0
4.0,0.8552631578947368,0.8823529411764706,0.8685968819599109,1326.0
accuracy,0.8613644039175954,0.8613644039175954,0.8613644039175954,0.8613644039175954
macro avg,0.8619937322037996,0.861496030151681,0.8616825125546415,5922.0
weighted avg,0.8611613372510506,0.8613644039175954,0.8611956901808758,5922.0
