,precision,recall,f1-score,support
0.0,0.8666666666666667,0.7952941176470588,0.8294478527607362,425.0
1.0,0.8801089918256131,0.8947368421052632,0.8873626373626373,361.0
2.0,0.7889182058047494,0.8470254957507082,0.8169398907103825,353.0
3.0,0.8668478260869565,0.7955112219451371,0.8296488946684004,401.0
4.0,0.8422174840085288,0.9122401847575058,0.8758314855875832,433.0
accuracy,0.8484541307653319,0.8484541307653319,0.8484541307653319,0.8484541307653319
macro avg,0.848951834878503,0.8489615724411346,0.8478461522179479,1973.0
weighted avg,0.8498869512762386,0.8484541307653319,0.8480269999764025,1973.0
