,precision,recall,f1-score,support
0.0,0.9492753623188406,0.8562091503267973,0.9003436426116839,153.0
1.0,0.9725158562367865,0.9815078236130867,0.976991150442478,1406.0
2.0,0.8166666666666667,0.8305084745762712,0.8235294117647058,118.0
accuracy,0.9594514013118665,0.9594514013118665,0.9594514013118665,0.9594514013118665
macro avg,0.912819295074098,0.8894084828387184,0.9002880682729559,1677.0
weighted avg,0.9594293923496546,0.9594514013118665,0.9592001224984776,1677.0
