,precision,recall,f1-score,support
0.0,0.9905660377358491,0.9905660377358491,0.9905660377358491,424.0
1.0,0.990521327014218,0.990521327014218,0.990521327014218,422.0
accuracy,0.9905437352245863,0.9905437352245863,0.9905437352245863,0.9905437352245863
macro avg,0.9905436823750335,0.9905436823750335,0.9905436823750335,846.0
weighted avg,0.9905437352245863,0.9905437352245863,0.9905437352245863,846.0
