,precision,recall,f1-score,support
0.0,0.9798994974874372,0.9798994974874372,0.9798994974874372,796.0
1.0,0.9783783783783784,0.9783783783783784,0.9783783783783784,740.0
accuracy,0.9791666666666666,0.9791666666666666,0.9791666666666666,0.9791666666666666
macro avg,0.9791389379329078,0.9791389379329078,0.9791389379329078,1536.0
weighted avg,0.9791666666666666,0.9791666666666666,0.9791666666666666,1536.0
