,precision,recall,f1-score,support
0.0,0.987546699875467,0.9962311557788944,0.9918699186991868,796.0
1.0,0.9959072305593452,0.9864864864864865,0.9911744738628648,740.0
accuracy,0.9915364583333334,0.9915364583333334,0.9915364583333334,0.9915364583333334
macro avg,0.9917269652174061,0.9913588211326905,0.9915221962810259,1536.0
weighted avg,0.9915745597101479,0.9915364583333334,0.9915348736608546,1536.0
