,precision,recall,f1-score,support
0.0,0.9251373626373627,0.9492600422832981,0.9370434782608696,1419.0
1.0,0.9776744186046512,0.9665849172286941,0.9720980422383229,3262.0
accuracy,0.9613330484939115,0.9613330484939115,0.9613330484939115,0.9613330484939115
macro avg,0.951405890621007,0.9579224797559961,0.9545707602495963,4681.0
weighted avg,0.9617483168277697,0.9613330484939115,0.96147158928297,4681.0
