,precision,recall,f1-score,support
0.0,0.9987413467589679,0.996859296482412,0.9977994341402076,1592.0
1.0,0.996005326231691,0.9966688874083944,0.9963369963369964,1501.0
2.0,0.9958711808422791,0.9975186104218362,0.996694214876033,1209.0
accuracy,0.996978149697815,0.996978149697815,0.996978149697815,0.996978149697815
macro avg,0.9968726179443127,0.9970155981042143,0.996943548451079,4302.0
weighted avg,0.9969801200261181,0.996978149697815,0.9969785765779093,4302.0
