,precision,recall,f1-score,support
0.0,0.9539295392953929,0.9287598944591029,0.9411764705882353,379.0
1.0,0.956989247311828,0.9175257731958762,0.9368421052631579,291.0
2.0,0.9337979094076655,0.9436619718309859,0.9387040280210158,284.0
3.0,0.8828337874659401,0.9283667621776505,0.9050279329608939,349.0
4.0,0.9361702127659575,0.9390243902439024,0.9375951293759512,328.0
accuracy,0.9313304721030042,0.9313304721030042,0.9313304721030042,0.9313304721030042
macro avg,0.9327441392493568,0.9314677583815036,0.9318691332418508,1631.0
weighted avg,0.9321855268211648,0.9313304721030042,0.9315173697002774,1631.0
