,precision,recall,f1-score,support
0.0,0.9774266365688488,0.9954022988505747,0.9863325740318907,435.0
1.0,0.9335260115606936,0.9528023598820059,0.9430656934306568,339.0
2.0,0.9682539682539683,0.9336734693877551,0.9506493506493506,392.0
3.0,0.9373368146214099,0.9348958333333334,0.9361147327249022,384.0
4.0,0.9771241830065359,0.9771241830065359,0.9771241830065359,306.0
accuracy,0.959051724137931,0.959051724137931,0.959051724137931,0.959051724137931
macro avg,0.9587335228022914,0.958779628892041,0.9586573067686673,1856.0
weighted avg,0.9591265071102917,0.959051724137931,0.9589852061410414,1856.0
