,precision,recall,f1-score,support
0.0,0.9817629179331308,0.9969135802469136,0.9892802450229708,324.0
1.0,0.9140625,0.9236842105263158,0.9188481675392671,380.0
2.0,0.9361179361179361,0.927007299270073,0.9315403422982885,411.0
3.0,0.971875,0.9628482972136223,0.9673405909797823,323.0
4.0,0.9777777777777777,0.972972972972973,0.975369458128079,407.0
accuracy,0.9550135501355014,0.9550135501355014,0.9550135501355014,0.9550135501355014
macro avg,0.9563192263657688,0.9566852720459795,0.9564757607936777,1845.0
weighted avg,0.9550409689487055,0.9550135501355014,0.9550019317515223,1845.0
