,precision,recall,f1-score,support
0.0,0.9936507936507937,0.9968152866242038,0.9952305246422894,314.0
1.0,0.9960159362549801,1.0,0.998003992015968,250.0
2.0,1.0,0.9905660377358491,0.9952606635071091,212.0
accuracy,0.9961340206185567,0.9961340206185567,0.9961340206185567,0.9961340206185567
macro avg,0.996555576635258,0.9957937747866842,0.9961650600551222,776.0
weighted avg,0.9961473366882657,0.9961340206185567,0.9961322724293531,776.0
