,precision,recall,f1-score,support
0.0,0.9766081871345029,0.9681159420289855,0.9723435225618632,345.0
1.0,0.949290060851927,0.9521871820956256,0.9507364144235653,983.0
2.0,0.8227272727272728,0.8227272727272728,0.8227272727272728,220.0
accuracy,0.9373385012919897,0.9373385012919897,0.9373385012919897,0.9373385012919897
macro avg,0.9162085069045677,0.9143434656172946,0.9152690699042337,1548.0
weighted avg,0.9373914433971885,0.9373385012919897,0.9373594384122788,1548.0
