,precision,recall,f1-score,support
0.0,0.9982321744254566,0.9970570924072985,0.9976442873969376,1699.0
1.0,0.9987951807228915,0.9975932611311673,0.9981938591210116,831.0
2.0,0.991166077738516,0.9964476021314387,0.9937998228520816,563.0
accuracy,0.997090203685742,0.997090203685742,0.997090203685742,0.997090203685742
macro avg,0.9960644776289547,0.9970326518899681,0.9965459897900102,3093.0
weighted avg,0.9970972393457349,0.997090203685742,0.9970921569617457,3093.0
