,precision,recall,f1-score,support
0.0,0.995850622406639,0.9988109393579072,0.9973285841495992,1682.0
1.0,0.9958604376108812,0.9958604376108812,0.9958604376108812,1691.0
2.0,0.9928443649373881,0.9893048128342246,0.9910714285714286,561.0
3.0,0.9942660550458715,0.9908571428571429,0.9925586720091585,875.0
accuracy,0.9952173008941568,0.9952173008941568,0.9952173008941568,0.9952173008941568
macro avg,0.994705370000195,0.9937083331650389,0.9942047805852668,4809.0
weighted avg,0.9952150621299605,0.9952173008941568,0.995214511951801,4809.0
