,precision,recall,f1-score,support
0.0,0.9935064935064936,0.998220640569395,0.9958579881656804,1686.0
1.0,0.9964136282127914,0.9946300715990454,0.995521051060018,1676.0
2.0,0.9904761904761905,0.9873417721518988,0.988906497622821,632.0
3.0,0.9942473633748802,0.9913957934990439,0.9928195308760172,1046.0
accuracy,0.9942460317460318,0.9942460317460318,0.9942460317460318,0.9942460317460318
macro avg,0.9936609188925889,0.9928970694548458,0.9932762669311342,5040.0
weighted avg,0.9942470006761238,0.9942460317460318,0.9942436479003698,5040.0
