,precision,recall,f1-score,support
0.0,0.9803738317757009,0.9896226415094339,0.9849765258215962,1060.0
1.0,0.988659793814433,0.9805725971370143,0.9845995893223819,978.0
2.0,0.9775112443778111,0.9745889387144993,0.9760479041916168,669.0
3.0,0.9586374695863747,0.9586374695863747,0.9586374695863747,411.0
accuracy,0.9794740218088518,0.9794740218088518,0.9794740218088518,0.9794740218088518
macro avg,0.9762955848885799,0.9758554117368305,0.9760653722304924,3118.0
weighted avg,0.9794934453244112,0.9794740218088518,0.9794706746736284,3118.0
