,precision,recall,f1-score,support
0.0,0.9910846953937593,0.9977561705310396,0.9944092433842714,1337.0
1.0,0.9939759036144579,0.995475113122172,0.9947249434815374,1326.0
2.0,0.9951620706337687,0.9908477842003853,0.9930002413709872,2076.0
3.0,0.9945839487936977,0.9936055090998525,0.9940944881889765,2033.0
accuracy,0.9939456585942115,0.9939456585942115,0.9939456585942115,0.9939456585942115
macro avg,0.9937016546089209,0.9944211442383624,0.9940572291064431,6772.0
weighted avg,0.9939512570093796,0.9939456585942115,0.9939446292137696,6772.0
