,precision,recall,f1-score,support
0.0,0.4741624077228847,1.0,0.6432973805855161,1670.0
1.0,0.0,0.0,0.0,1852.0
accuracy,0.4741624077228847,0.4741624077228847,0.4741624077228847,0.4741624077228847
macro avg,0.23708120386144235,0.5,0.32164869029275805,3522.0
weighted avg,0.22482998889756317,0.4741624077228847,0.30502743486025324,3522.0
