,precision,recall,f1-score,support
0.0,0.7897196261682243,0.922237380627558,0.8508495909376966,733.0
1.0,0.849493487698987,0.8338068181818182,0.8415770609318997,1408.0
2.0,0.8620420888542478,0.8014492753623188,0.8306421329327824,1380.0
accuracy,0.8395342232320363,0.8395342232320363,0.8395342232320363,0.8395342232320363
macro avg,0.8337517342404864,0.8524978247238982,0.8410229282674596,3521.0
weighted avg,0.8419680202443466,0.8395342232320363,0.8392216402717086,3521.0
