,precision,recall,f1-score,support
0.0,0.9761904761904762,0.9951456310679612,0.9855769230769231,618.0
1.0,0.993963782696177,0.997979797979798,0.995967741935484,990.0
2.0,0.9968479117415288,0.9844357976653697,0.990602975724354,1285.0
accuracy,0.9913584514344971,0.9913584514344971,0.9913584514344971,0.9913584514344971
macro avg,0.9890007235427273,0.9925204089043763,0.990715880245587,2893.0
weighted avg,0.9914481250407168,0.9913584514344971,0.9913651665342075,2893.0
