,precision,recall,f1-score,support
0.0,0.9929370217775162,0.9946933962264151,0.9938144329896907,1696.0
1.0,0.9887640449438202,0.991108476585655,0.9899348727057431,1687.0
2.0,0.9970095693779905,0.9928528886241811,0.9949268874962698,1679.0
accuracy,0.9928881864875543,0.9928881864875543,0.9928881864875543,0.9928881864875543
macro avg,0.9929035453664423,0.9928849204787503,0.9928920643972345,5062.0
weighted avg,0.9928971157132631,0.9928881864875543,0.9928904884850536,5062.0
