,precision,recall,f1-score,support
0.0,0.9791666666666666,0.9920844327176781,0.9855832241153342,758.0
1.0,0.9920844327176781,0.9817232375979112,0.9868766404199475,766.0
2.0,0.9871630295250321,0.9884318766066839,0.9877970456005138,778.0
3.0,0.9920704845814978,0.9859894921190894,0.9890206411945544,1142.0
4.0,0.9855371900826446,0.99375,0.9896265560165977,480.0
accuracy,0.9877675840978594,0.9877675840978594,0.9877675840978594,0.9877675840978594
macro avg,0.9872043607147039,0.9883958078082726,0.9877808214693895,3924.0
weighted avg,0.9878084073387589,0.9877675840978594,0.9877696256499622,3924.0
