,precision,recall,f1-score,support
0.0,0.9849785407725322,0.9935064935064936,0.9892241379310345,462.0
1.0,0.9984076433121019,0.9889589905362776,0.9936608557844692,634.0
2.0,0.9796839729119639,0.9931350114416476,0.9863636363636363,437.0
3.0,0.995260663507109,0.9905660377358491,0.9929078014184397,848.0
accuracy,0.991180176396472,0.991180176396472,0.991180176396472,0.991180176396472
macro avg,0.9895827051259267,0.991541633305067,0.9905391078743949,2381.0
weighted avg,0.9912446327229479,0.991180176396472,0.9911924649245012,2381.0
