,precision,recall,f1-score,support
0.0,0.9431137724550899,0.9473684210526315,0.9452363090772693,665.0
1.0,0.9794419970631424,0.9751461988304093,0.9772893772893771,684.0
2.0,0.952023988005997,0.952023988005997,0.952023988005997,667.0
accuracy,0.9583333333333334,0.9583333333333334,0.9583333333333334,0.9583333333333334
macro avg,0.9581932525080764,0.9581795359630126,0.9581832247908811,2016.0
weighted avg,0.958387393191381,0.9583333333333334,0.9583571823424196,2016.0
