,precision,recall,f1-score,support
0.0,0.9400386847195358,0.9400386847195358,0.9400386847195358,517.0
1.0,0.8690364826941066,0.8958534233365477,0.8822412155745489,1037.0
2.0,0.9875322441960447,0.9939420164430982,0.9907267629933146,2311.0
3.0,0.9058064516129032,0.8908629441624365,0.8982725527831094,788.0
4.0,0.916055962691539,0.8957654723127035,0.9057971014492754,1535.0
accuracy,0.9355203619909502,0.9355203619909502,0.9355203619909502,0.9355203619909502
macro avg,0.9236939651828259,0.9232925081948643,0.9234152635039568,6188.0
weighted avg,0.9355687193751338,0.9355203619909502,0.9354704285950365,6188.0
