,precision,recall,f1-score,support
0.0,0.9601941747572815,0.9821251241310824,0.9710358370152185,1007.0
1.0,0.9924554183813443,0.983016304347826,0.9877133105802047,1472.0
2.0,0.9702970297029703,0.9735099337748344,0.9719008264462811,1208.0
3.0,0.9792207792207792,0.9617346938775511,0.9703989703989704,1176.0
4.0,0.9949016751638747,0.9920116194625999,0.9934545454545454,1377.0
5.0,0.9828431372549019,0.9925742574257426,0.9876847290640395,1212.0
accuracy,0.9812130971551262,0.9812130971551262,0.9812130971551262,0.9812130971551262
macro avg,0.979985369080192,0.9808286555032727,0.9803647031598764,7452.0
weighted avg,0.9813040589286557,0.9812130971551262,0.9812202454778862,7452.0
