,precision,recall,f1-score,support
0.0,0.946969696969697,0.9363295880149812,0.9416195856873824,534.0
1.0,0.937888198757764,0.949685534591195,0.94375,477.0
2.0,0.9029535864978903,0.9029535864978903,0.9029535864978903,237.0
accuracy,0.9350961538461539,0.9350961538461539,0.9350961538461539,0.9350961538461539
macro avg,0.9292704940751171,0.9296562363680222,0.929441057395091,1248.0
weighted avg,0.9351398148952498,0.9350961538461539,0.9350910326579024,1248.0
