,precision,recall,f1-score,support
0.0,0.8203883495145631,0.9388888888888889,0.8756476683937824,180.0
1.0,0.9492753623188406,0.8952164009111617,0.921453692848769,1317.0
2.0,0.8623481781376519,0.9181034482758621,0.8893528183716075,696.0
3.0,0.909952606635071,0.927536231884058,0.9186602870813397,207.0
accuracy,0.9079166666666667,0.9079166666666667,0.9079166666666667,0.9079166666666667
macro avg,0.8854911241515316,0.9199362424899927,0.9012786166738747,2400.0
weighted avg,0.9110083652682499,0.9079166666666667,0.9084680561688274,2400.0
