,precision,recall,f1-score,support
0.0,0.5370370370370371,0.4989247311827957,0.5172798216276477,465.0
1.0,0.8588548601864181,0.8651911468812877,0.8620113598396258,1491.0
2.0,0.7070707070707071,0.6259314456035767,0.6640316205533596,671.0
3.0,0.7518656716417911,0.828365878725591,0.7882640586797066,973.0
accuracy,0.7633333333333333,0.7633333333333333,0.7633333333333333,0.7633333333333333
macro avg,0.7137070689839884,0.7046033005983128,0.7078967151750849,3600.0
weighted avg,0.7600790449200218,0.7633333333333333,0.7606500558512215,3600.0
