,precision,recall,f1-score,support
0.0,0.9935567010309279,1.0,0.9967679379444085,771.0
1.0,1.0,0.9934383202099738,0.9967083607636603,762.0
2.0,0.9860583016476553,0.9936143039591315,0.989821882951654,783.0
3.0,0.979757085020243,0.9641434262948207,0.9718875502008032,753.0
4.0,0.9832689832689833,0.9909208819714657,0.9870801033591731,771.0
accuracy,0.9885416666666667,0.9885416666666667,0.9885416666666667,0.9885416666666667
macro avg,0.9885282141935618,0.9884233864870783,0.9884531670439399,3840.0
weighted avg,0.9885347233868719,0.9885416666666667,0.9885157474998231,3840.0
