,precision,recall,f1-score,support
0.0,0.6961805555555556,0.899103139013453,0.7847358121330724,446.0
1.0,0.9056603773584906,0.7116968698517299,0.7970479704797049,607.0
accuracy,0.7910731244064577,0.7910731244064577,0.7910731244064577,0.7910731244064577
macro avg,0.8009204664570231,0.8054000044325914,0.7908918913063887,1053.0
weighted avg,0.8169348308018818,0.7910731244064577,0.7918331341809413,1053.0
