,precision,recall,f1-score,support
0.0,0.9875518672199171,0.8981132075471698,0.9407114624505929,265.0
1.0,0.9549248747913188,0.9947826086956522,0.9744463373083475,575.0
accuracy,0.9642857142857143,0.9642857142857143,0.9642857142857143,0.9642857142857143
macro avg,0.9712383710056179,0.946447908121411,0.9575788998794702,840.0
weighted avg,0.9652179140693885,0.9642857142857143,0.9638037875020321,840.0
