,precision,recall,f1-score,support
0.0,0.8445692883895131,0.9376299376299376,0.8886699507389163,481.0
1.0,0.8457502623294858,0.9190421892816419,0.8808743169398907,877.0
2.0,0.8613678373382625,0.9282868525896414,0.8935762224352829,502.0
3.0,0.9831278390655419,0.8864833235810415,0.9323076923076923,1709.0
accuracy,0.9072569347156066,0.9072569347156066,0.9072569347156066,0.9072569347156066
macro avg,0.8837038067807008,0.9178605757705657,0.8988570456054455,3569.0
weighted avg,0.9135704508504158,0.9072569347156066,0.9083401883099078,3569.0
