,precision,recall,f1-score,support
0.0,0.9965337954939342,1.0,0.998263888888889,575.0
1.0,0.9881481481481481,0.9751461988304093,0.9816041206769683,684.0
2.0,0.9809663250366032,0.9940652818991098,0.9874723655121592,674.0
3.0,0.9793205317577548,0.9764359351988218,0.9778761061946903,679.0
accuracy,0.9858346094946401,0.9858346094946401,0.9858346094946401,0.9858346094946401
macro avg,0.98624220010911,0.9864118539820852,0.9863041203181766,2612.0
weighted avg,0.9858461752988252,0.9858346094946401,0.9858166941483719,2612.0
