,precision,recall,f1-score,support
0.0,1.0,1.0,1.0,479.0
1.0,0.9964664310954063,0.9964664310954063,0.9964664310954063,283.0
2.0,0.9946236559139785,0.9946236559139785,0.9946236559139785,186.0
3.0,1.0,1.0,1.0,186.0
accuracy,0.9982363315696648,0.9982363315696648,0.9982363315696648,0.9982363315696648
macro avg,0.9977725217523462,0.9977725217523462,0.9977725217523462,1134.0
weighted avg,0.9982363315696648,0.9982363315696648,0.9982363315696648,1134.0
