,precision,recall,f1-score,support
0.0,0.9893992932862191,1.0,0.9946714031971582,840.0
1.0,1.0,0.9890510948905109,0.9944954128440366,822.0
accuracy,0.9945848375451264,0.9945848375451264,0.9945848375451264,0.9945848375451264
macro avg,0.9946996466431095,0.9945255474452555,0.9945834080205974,1662.0
weighted avg,0.9946422420941179,0.9945848375451264,0.9945843610369499,1662.0
