,precision,recall,f1-score,support
0.0,0.9931192660550459,0.9988465974625144,0.9959746981023576,867.0
1.0,0.9966139954853274,0.9921348314606742,0.9943693693693694,890.0
2.0,0.9984544049459042,0.9976833976833976,0.9980687524140596,1295.0
accuracy,0.9963958060288336,0.9963958060288336,0.9963958060288336,0.9963958060288336
macro avg,0.9960625554954258,0.9962216088688621,0.9961376066285955,3052.0
weighted avg,0.9964021343566881,0.9963958060288336,0.9963950971067137,3052.0
