,precision,recall,f1-score,support
0.0,0.9668874172185431,1.0,0.9831649831649832,146.0
1.0,1.0,0.9635036496350365,0.9814126394052044,137.0
accuracy,0.9823321554770318,0.9823321554770318,0.9823321554770318,0.9823321554770318
macro avg,0.9834437086092715,0.9817518248175183,0.9822888112850938,283.0
weighted avg,0.9829171834413684,0.9823321554770318,0.9823166754084824,283.0
