,precision,recall,f1-score,support
0.0,0.8867403314917127,0.889196675900277,0.8879668049792532,361.0
1.0,0.9555555555555556,0.9678456591639871,0.9616613418530352,311.0
2.0,0.8454258675078864,0.8322981366459627,0.838810641627543,322.0
3.0,0.8201219512195121,0.8328173374613003,0.8264208909370199,323.0
4.0,0.959349593495935,0.946524064171123,0.9528936742934052,374.0
accuracy,0.8947368421052632,0.8947368421052632,0.8947368421052632,0.8947368421052632
macro avg,0.8934386598541202,0.89373637466853,0.8935506707380514,1691.0
weighted avg,0.894863574804972,0.8947368421052632,0.8947639872715931,1691.0
