,precision,recall,f1-score,support
0.0,0.8818681318681318,0.889196675900277,0.8855172413793103,361.0
1.0,0.863768115942029,0.9581993569131833,0.9085365853658537,311.0
2.0,0.8813559322033898,0.8074534161490683,0.8427876823338736,322.0
3.0,0.8549382716049383,0.8575851393188855,0.8562596599690881,323.0
4.0,0.90633608815427,0.8796791443850267,0.89280868385346,374.0
accuracy,0.8781785925487877,0.8781785925487877,0.8781785925487877,0.8781785925487877
macro avg,0.8776533079545518,0.8784227465332881,0.8771819705803171,1691.0
weighted avg,0.8787094314192491,0.8781785925487877,0.8776384114899044,1691.0
