,precision,recall,f1-score,support
0.0,0.9444444444444444,0.9444444444444444,0.9444444444444444,126.0
1.0,0.9890572390572391,0.9702725020644096,0.9795748228428511,1211.0
2.0,0.7479674796747967,0.92,0.8251121076233183,100.0
accuracy,0.964509394572025,0.964509394572025,0.964509394572025,0.964509394572025
macro avg,0.89382305439216,0.9449056488362847,0.9163771249702046,1437.0
weighted avg,0.9683681729059125,0.964509394572025,0.9657455262526267,1437.0
