,precision,recall,f1-score,support
0.0,1.0,0.9961685823754789,0.9980806142034548,261.0
1.0,1.0,1.0,1.0,151.0
2.0,0.9904761904761905,1.0,0.9952153110047847,104.0
accuracy,0.998062015503876,0.998062015503876,0.998062015503876,0.998062015503876
macro avg,0.9968253968253968,0.9987228607918263,0.9977653084027466,516.0
weighted avg,0.998080472499077,0.998062015503876,0.9980647919604638,516.0
