,precision,recall,f1-score,support
0.0,0.9918032786885246,1.0,0.9958847736625513,242.0
1.0,1.0,0.9863945578231292,0.9931506849315068,294.0
2.0,1.0,1.0,1.0,112.0
3.0,0.9896907216494846,1.0,0.9948186528497409,192.0
accuracy,0.9952380952380953,0.9952380952380953,0.9952380952380953,0.9952380952380953
macro avg,0.9953735000845023,0.9965986394557823,0.9959635278609498,840.0
weighted avg,0.9952821571420524,0.9952380952380953,0.9952328546944652,840.0
