,precision,recall,f1-score,support
0.0,0.985781990521327,1.0,0.9928400954653938,208.0
1.0,0.986784140969163,0.9955555555555555,0.9911504424778761,225.0
2.0,1.0,0.9855491329479769,0.992721979621543,346.0
3.0,0.9914285714285714,0.9914285714285714,0.9914285714285714,350.0
accuracy,0.9920283436669619,0.9920283436669619,0.9920283436669619,0.9920283436669619
macro avg,0.9909986757297654,0.993133314983026,0.9920352722483461,1129.0
weighted avg,0.9920895356479165,0.9920283436669619,0.9920295787098122,1129.0
