,precision,recall,f1-score,support
0.0,0.9928825622775801,0.9858657243816255,0.9893617021276595,283.0
1.0,0.9869281045751634,0.993421052631579,0.9901639344262295,304.0
accuracy,0.989778534923339,0.989778534923339,0.989778534923339,0.989778534923339
macro avg,0.9899053334263718,0.9896433885066023,0.9897628182769445,587.0
weighted avg,0.9897988226838241,0.989778534923339,0.9897771682584351,587.0
