,precision,recall,f1-score,support
0.0,0.9606299212598425,0.9606299212598425,0.9606299212598425,127.0
1.0,0.9295774647887324,0.9850746268656716,0.9565217391304348,201.0
2.0,0.9959514170040485,0.9498069498069498,0.9723320158102767,259.0
accuracy,0.9642248722316865,0.9642248722316865,0.9642248722316865,0.9642248722316865
macro avg,0.9620529343508745,0.9651704993108212,0.9631612254001847,587.0
weighted avg,0.9655817503008242,0.9642248722316865,0.9643864764226218,587.0
