,precision,recall,f1-score,support
0.0,1.0,1.0,1.0,110.0
1.0,0.9880952380952381,1.0,0.9940119760479043,166.0
2.0,1.0,0.9903381642512077,0.9951456310679612,207.0
accuracy,0.9958592132505176,0.9958592132505176,0.9958592132505176,0.9958592132505176
macro avg,0.996031746031746,0.9967793880837359,0.9963858690386219,483.0
weighted avg,0.9959085083308685,0.9958592132505176,0.9958615603623605,483.0
