,precision,recall,f1-score,support
0.0,0.9747899159663865,1.0,0.9872340425531915,116.0
1.0,0.989247311827957,0.989247311827957,0.989247311827957,93.0
2.0,1.0,0.9763779527559056,0.9880478087649402,127.0
accuracy,0.9880952380952381,0.9880952380952381,0.9880952380952381,0.9880952380952381
macro avg,0.9880124092647812,0.9885417548612875,0.988176387715363,336.0
weighted avg,0.9883203281312525,0.9880952380952381,0.9880988709801118,336.0
