,precision,recall,f1-score,support
0.0,0.978494623655914,0.9680851063829787,0.9732620320855615,94.0
1.0,0.9052132701421801,0.9646464646464646,0.9339853300733496,198.0
2.0,0.9862258953168044,0.9916897506925207,0.988950276243094,361.0
3.0,0.9338842975206612,0.9576271186440678,0.9456066945606695,118.0
4.0,0.9713114754098361,0.9080459770114943,0.9386138613861387,261.0
accuracy,0.9593023255813954,0.9593023255813954,0.9593023255813954,0.9593023255813954
macro avg,0.9550259124090792,0.9580188834755052,0.9560836388697627,1032.0
weighted avg,0.9602218144482357,0.9593023255813954,0.9592893254595583,1032.0
