,precision,recall,f1-score,support
0.0,0.9653179190751445,0.9881656804733728,0.976608187134503,169.0
1.0,0.9836734693877551,0.9958677685950413,0.9897330595482547,242.0
2.0,0.9855769230769231,0.9808612440191388,0.9832134292565947,209.0
3.0,0.989010989010989,0.972972972972973,0.9809264305177112,185.0
4.0,1.0,1.0,1.0,224.0
5.0,0.9952380952380953,0.9812206572769953,0.9881796690307328,213.0
accuracy,0.9871175523349437,0.9871175523349437,0.9871175523349437,0.9871175523349437
macro avg,0.9864695659648178,0.9865147205562534,0.9864434625812994,1242.0
weighted avg,0.9872190274487604,0.9871175523349437,0.987123550644412,1242.0
