,precision,recall,f1-score,support
0.0,0.9477611940298507,0.9694656488549618,0.9584905660377357,131.0
1.0,0.9642857142857143,0.9515418502202643,0.9578713968957872,227.0
2.0,0.9817232375979112,0.9817232375979112,0.9817232375979112,383.0
accuracy,0.970310391363023,0.970310391363023,0.970310391363023,0.970310391363023
macro avg,0.9645900486378255,0.967576912224379,0.9660284001771448,741.0
weighted avg,0.9703772922547471,0.970310391363023,0.970309137984193,741.0
