,precision,recall,f1-score,support
0.0,0.9473684210526315,0.96,0.9536423841059603,75.0
1.0,0.9647058823529412,0.9425287356321839,0.9534883720930232,87.0
2.0,0.9148936170212766,0.9347826086956522,0.924731182795699,46.0
accuracy,0.9471153846153846,0.9471153846153846,0.9471153846153846,0.9471153846153846
macro avg,0.9423226401422831,0.9457704481092787,0.9439539796648941,208.0
weighted avg,0.9474382198395769,0.9471153846153846,0.9471841422530874,208.0
