,precision,recall,f1-score,support
0.0,0.9726027397260274,1.0,0.9861111111111112,71.0
1.0,1.0,0.9809523809523809,0.9903846153846153,105.0
accuracy,0.9886363636363636,0.9886363636363636,0.9886363636363636,0.9886363636363636
macro avg,0.9863013698630136,0.9904761904761905,0.9882478632478633,176.0
weighted avg,0.988947696139477,0.9886363636363636,0.9886606449106449,176.0
