,precision,recall,f1-score,support
0.0,0.9058823529411765,1.0,0.9506172839506173,77.0
1.0,0.9256756756756757,0.9448275862068966,0.9351535836177474,145.0
2.0,0.9558823529411765,0.9701492537313433,0.962962962962963,67.0
3.0,1.0,0.9607843137254902,0.98,306.0
accuracy,0.9630252100840336,0.9630252100840336,0.9630252100840336,0.9630252100840336
macro avg,0.9468600953895072,0.9689402884159325,0.9571834576328319,595.0
weighted avg,0.9647395492378191,0.9630252100840336,0.9633501159786375,595.0
