,precision,recall,f1-score,support
0.0,0.9856115107913669,1.0,0.9927536231884058,137.0
1.0,1.0,0.9857142857142858,0.9928057553956835,140.0
accuracy,0.9927797833935018,0.9927797833935018,0.9927797833935018,0.9927797833935018
macro avg,0.9928057553956835,0.9928571428571429,0.9927796892920446,277.0
weighted avg,0.9928836714022282,0.9927797833935018,0.9927799715964163,277.0
