,precision,recall,f1-score,support
0.0,0.9206349206349206,0.9206349206349206,0.9206349206349206,63.0
1.0,0.9649122807017544,0.9482758620689655,0.9565217391304347,58.0
2.0,0.813953488372093,0.8333333333333334,0.8235294117647058,42.0
3.0,0.8461538461538461,0.9166666666666666,0.8799999999999999,48.0
4.0,0.9552238805970149,0.9014084507042254,0.927536231884058,71.0
accuracy,0.9078014184397163,0.9078014184397163,0.9078014184397163,0.9078014184397163
macro avg,0.9001756832919258,0.9040638466816222,0.9016444606828238,282.0
weighted avg,0.9098838259932707,0.9078014184397163,0.9083743568349326,282.0
