,precision,recall,f1-score,support
0.0,0.9242424242424242,0.9682539682539683,0.9457364341085271,63.0
1.0,0.9821428571428571,0.9482758620689655,0.9649122807017544,58.0
2.0,1.0,0.9761904761904762,0.9879518072289156,42.0
3.0,0.9375,0.9375,0.9375,48.0
4.0,0.9577464788732394,0.9577464788732394,0.9577464788732394,71.0
accuracy,0.9574468085106383,0.9574468085106383,0.9574468085106383,0.9574468085106383
macro avg,0.9603263520517041,0.9575933570773298,0.9587694001824874,282.0
weighted avg,0.9581260937643915,0.9574468085106383,0.9575896579189839,282.0
