,precision,recall,f1-score,support
0.0,1.0,0.9206349206349206,0.9586776859504132,63.0
1.0,0.95,0.9827586206896551,0.9661016949152542,58.0
2.0,0.9090909090909091,0.9523809523809523,0.9302325581395349,42.0
3.0,0.9574468085106383,0.9375,0.9473684210526315,48.0
4.0,0.9726027397260274,1.0,0.9861111111111112,71.0
accuracy,0.9609929078014184,0.9609929078014184,0.9609929078014184,0.9609929078014184
macro avg,0.957828091465515,0.9586548987411057,0.9576982942337888,282.0
weighted avg,0.9620356720243857,0.9609929078014184,0.9609501172384269,282.0
