,precision,recall,f1-score,support
0.0,0.8910891089108911,0.9523809523809523,0.9207161125319693,189.0
1.0,0.8726287262872628,0.8541114058355438,0.8632707774798928,377.0
2.0,0.9779310344827586,0.981994459833795,0.9799585348997927,722.0
3.0,0.8291814946619217,0.8472727272727273,0.8381294964028776,275.0
4.0,0.8683127572016461,0.844,0.8559837728194727,500.0
accuracy,0.9045079980610761,0.9045079980610761,0.9045079980610761,0.9045079980610761
macro avg,0.8878286243088962,0.8959519090646036,0.891611738826801,2063.0
weighted avg,0.904335612178313,0.9045079980610761,0.904253993454503,2063.0
