,precision,recall,f1-score,support
0.0,0.984472049689441,0.990625,0.987538940809969,320.0
1.0,0.9838709677419355,0.991869918699187,0.9878542510121457,492.0
2.0,0.9849246231155779,0.9537712895377128,0.969097651421508,411.0
3.0,0.9612403100775194,0.9763779527559056,0.9687500000000001,381.0
4.0,0.9912663755458515,0.9912663755458515,0.9912663755458515,458.0
5.0,0.9881796690307328,0.990521327014218,0.9893491124260355,422.0
accuracy,0.9826892109500805,0.9826892109500805,0.9826892109500805,0.9826892109500805
macro avg,0.982325665866843,0.9824053105921458,0.9823093885359183,2484.0
weighted avg,0.9827471701290902,0.9826892109500805,0.9826630284763255,2484.0
