,precision,recall,f1-score,support
0.0,0.9813084112149533,0.9459459459459459,0.963302752293578,111.0
1.0,0.9688473520249221,0.9395770392749244,0.9539877300613496,331.0
2.0,0.7954545454545454,0.9459459459459459,0.8641975308641975,74.0
accuracy,0.9418604651162791,0.9418604651162791,0.9418604651162791,0.9418604651162791
macro avg,0.9152034362314736,0.9438229770556054,0.9271626710730416,516.0
weighted avg,0.9466615184665609,0.9418604651162791,0.9431146539512489,516.0
