,precision,recall,f1-score,support
0.0,0.9644970414201184,0.9367816091954023,0.9504373177842567,174.0
1.0,0.9466019417475728,0.9701492537313433,0.9582309582309582,201.0
accuracy,0.9546666666666667,0.9546666666666667,0.9546666666666667,0.9546666666666667
macro avg,0.9555494915838456,0.9534654314633728,0.9543341380076074,375.0
weighted avg,0.9549052679956339,0.9546666666666667,0.9546147090636887,375.0
