,precision,recall,f1-score,support
0.0,0.9490084985835694,0.9598853868194842,0.9544159544159545,349.0
1.0,0.9839357429718876,0.9819639278557114,0.9829488465396188,499.0
2.0,0.9810874704491725,0.9540229885057471,0.9673659673659672,435.0
3.0,0.9281914893617021,0.9407008086253369,0.9344042838018741,371.0
4.0,0.960919540229885,0.9766355140186916,0.9687137891077636,428.0
5.0,0.9598997493734336,0.9527363184079602,0.9563046192259675,402.0
accuracy,0.962157809983897,0.962157809983897,0.962157809983897,0.962157809983897
macro avg,0.960507081828275,0.960990824038822,0.9606922434095243,2484.0
weighted avg,0.9623483318895855,0.962157809983897,0.9621959687101813,2484.0
