,precision,recall,f1-score,support
0.0,0.9193548387096774,0.8976377952755905,0.9083665338645418,127.0
1.0,0.8333333333333334,0.9223300970873787,0.8755760368663594,103.0
2.0,0.9555555555555556,0.8865979381443299,0.9197860962566844,97.0
3.0,0.9150943396226415,0.9509803921568627,0.9326923076923077,102.0
4.0,0.9384615384615385,0.9037037037037037,0.920754716981132,135.0
accuracy,0.9113475177304965,0.9113475177304965,0.9113475177304965,0.9113475177304965
macro avg,0.9123599211365493,0.912249985273573,0.911435138332205,564.0
weighted avg,0.9136741437449795,0.9113475177304965,0.9117067998439689,564.0
