,precision,recall,f1-score,support
0.0,0.3076923076923077,0.23908045977011494,0.2690815006468305,435.0
1.0,0.33375,0.6357142857142857,0.4377049180327869,420.0
2.0,0.5832127351664255,0.5716312056737589,0.5773638968481375,705.0
3.0,0.4662004662004662,0.28653295128939826,0.354924578527063,698.0
accuracy,0.43135518157661645,0.43135518157661645,0.43135518157661645,0.43135518157661645
macro avg,0.42271387726479986,0.4332397256118894,0.40976872351370447,2258.0
weighted avg,0.4475615843872494,0.43135518157661645,0.42323535050707206,2258.0
