,precision,recall,f1-score,support
0.0,0.12994350282485875,0.4011627906976744,0.19630156472261737,172.0
1.0,0.21010638297872342,0.23372781065088757,0.22128851540616248,338.0
2.0,0.6827485380116959,0.5926395939086294,0.6345108695652174,788.0
3.0,0.22327044025157233,0.2795275590551181,0.24825174825174826,254.0
4.0,0.34415584415584416,0.10371819960861056,0.1593984962406015,511.0
accuracy,0.3582161900145419,0.3582161900145419,0.3582161900145419,0.3582161900145419
macro avg,0.3180449416445389,0.32215519078418403,0.2919502388372694,2063.0
weighted avg,0.4187815880142688,0.3582161900145419,0.3650327330062317,2063.0
