,precision,recall,f1-score,support
0.0,1.0,1.0,1.0,176.0
1.0,0.9927536231884058,1.0,0.9963636363636363,137.0
2.0,1.0,0.984375,0.9921259842519685,64.0
3.0,1.0,1.0,1.0,46.0
accuracy,0.9976359338061466,0.9976359338061466,0.9976359338061466,0.9976359338061466
macro avg,0.9981884057971014,0.99609375,0.9971224051539012,423.0
weighted avg,0.9976530647205949,0.9976359338061466,0.9976309247610973,423.0
