,precision,recall,f1-score,support
0.0,0.9927360774818402,1.0,0.9963547995139732,410.0
1.0,1.0,0.9916201117318436,0.9957924263674615,358.0
accuracy,0.99609375,0.99609375,0.99609375,0.99609375
macro avg,0.9963680387409202,0.9958100558659218,0.9960736129407173,768.0
weighted avg,0.9961221246973366,0.99609375,0.9960926516149482,768.0
