,precision,recall,f1-score,support
0.0,0.9647058823529412,0.9939393939393939,0.9791044776119404,165.0
1.0,0.9945054945054945,0.9679144385026738,0.9810298102981031,187.0
2.0,0.9914529914529915,0.9830508474576272,0.9872340425531915,118.0
3.0,0.9833333333333333,0.9888268156424581,0.9860724233983287,179.0
accuracy,0.9830508474576272,0.9830508474576272,0.9830508474576272,0.9830508474576272
macro avg,0.9834994254111902,0.9834328738855382,0.9833601884653909,649.0
weighted avg,0.9832929394743951,0.9830508474576272,0.9830591589234097,649.0
