,precision,recall,f1-score,support
0.0,0.9913793103448276,0.9829059829059829,0.9871244635193134,117.0
1.0,0.9789473684210527,0.9893617021276596,0.9841269841269842,94.0
2.0,1.0,1.0,1.0,77.0
accuracy,0.9895833333333334,0.9895833333333334,0.9895833333333334,0.9895833333333334
macro avg,0.9901088929219601,0.9907558950112142,0.9904171492154324,288.0
weighted avg,0.9896264997983464,0.9895833333333334,0.9895885372906117,288.0
