,precision,recall,f1-score,support
0.0,0.9698492462311558,0.9698492462311558,0.9698492462311558,199.0
1.0,0.9631901840490797,0.9573170731707317,0.9602446483180427,164.0
2.0,0.9435483870967742,0.9212598425196851,0.9322709163346614,127.0
3.0,0.9516129032258065,0.9619565217391305,0.9567567567567569,184.0
4.0,0.9722222222222222,0.9859154929577465,0.979020979020979,142.0
accuracy,0.9607843137254902,0.9607843137254902,0.9607843137254902,0.9607843137254902
macro avg,0.9600845885650076,0.95925963532369,0.9596285093323191,816.0
weighted avg,0.9607183395765237,0.9607843137254902,0.9607141555917686,816.0
