,precision,recall,f1-score,support
0.0,0.8895027624309392,0.9640718562874252,0.9252873563218391,167.0
1.0,0.8209876543209876,0.6273584905660378,0.7112299465240641,212.0
2.0,0.7474747474747475,0.729064039408867,0.7381546134663343,203.0
3.0,0.9685534591194969,0.9390243902439024,0.9535603715170279,164.0
4.0,0.7623318385650224,0.96045197740113,0.85,177.0
accuracy,0.8299024918743229,0.8299024918743229,0.8299024918743229,0.8299024918743229
macro avg,0.8377700923822387,0.8439941507814724,0.835646457565853,923.0
weighted avg,0.8321876711820113,0.8299024918743229,0.8255504058844065,923.0
