,precision,recall,f1-score,support
0.0,0.990909090909091,0.990909090909091,0.990909090909091,220.0
1.0,0.9842931937172775,0.9740932642487047,0.9791666666666667,193.0
2.0,0.958974358974359,0.9790575916230366,0.9689119170984456,191.0
3.0,0.978494623655914,0.9732620320855615,0.9758713136729223,187.0
4.0,1.0,0.9927007299270073,0.9963369963369962,137.0
accuracy,0.9816810344827587,0.9816810344827587,0.9816810344827587,0.9816810344827587
macro avg,0.9825342534513283,0.9820045417586802,0.9822391969368244,928.0
weighted avg,0.9818008443698202,0.9816810344827587,0.9817106109778824,928.0
