,precision,recall,f1-score,support
0.0,0.9633507853403142,0.9735449735449735,0.9684210526315788,189.0
1.0,0.9876288659793815,0.9716024340770791,0.9795501022494888,493.0
2.0,0.9191919191919192,0.978494623655914,0.9479166666666667,93.0
accuracy,0.9729032258064516,0.9729032258064516,0.9729032258064516,0.9729032258064516
macro avg,0.956723856837205,0.9745473437593222,0.9652959405159115,775.0
weighted avg,0.9734957133445198,0.9729032258064516,0.9730400378791825,775.0
