,precision,recall,f1-score,support
0.0,0.9920091324200914,0.9965596330275229,0.9942791762013731,872.0
1.0,0.9975903614457832,0.9975903614457832,0.9975903614457832,415.0
2.0,0.9921875,0.9769230769230769,0.9844961240310077,260.0
accuracy,0.9935358758888171,0.9935358758888171,0.9935358758888171,0.9935358758888171
macro avg,0.9939289979552915,0.9903576904654611,0.9921218872260548,1547.0
weighted avg,0.9935363370848866,0.9935358758888171,0.9935232281161339,1547.0
