,precision,recall,f1-score,support
0.0,1.0,0.9987995198079231,0.9993993993993994,833.0
1.0,0.9976133651551312,0.9976133651551312,0.9976133651551312,838.0
2.0,0.9927797833935018,1.0,0.996376811594203,275.0
3.0,0.9978165938864629,0.9956427015250545,0.9967284623773173,459.0
accuracy,0.997920997920998,0.997920997920998,0.997920997920998,0.997920997920998
macro avg,0.997052435608774,0.9980138966220272,0.9975295096315128,2405.0
weighted avg,0.9979260943979624,0.997920997920998,0.997921699425902,2405.0
