,precision,recall,f1-score,support
0.0,0.9976498237367802,0.9929824561403509,0.9953106682297772,855.0
1.0,0.9856459330143541,0.9951690821256038,0.9903846153846154,828.0
2.0,0.9910179640718563,0.9735294117647059,0.9821958456973294,340.0
3.0,0.9939879759519038,0.9979879275653923,0.995983935742972,497.0
accuracy,0.9920634920634921,0.9920634920634921,0.9920634920634921,0.9920634920634921
macro avg,0.9920754241937236,0.9899172193990132,0.9909687662636735,2520.0
weighted avg,0.9920887157394285,0.9920634920634921,0.9920554311413771,2520.0
