,precision,recall,f1-score,support
0.0,0.9981916817359855,0.9963898916967509,0.997289972899729,554.0
1.0,0.9939024390243902,0.9979591836734694,0.9959266802443992,490.0
2.0,1.0,0.9941520467836257,0.9970674486803519,342.0
3.0,0.9942528735632183,1.0,0.9971181556195965,173.0
accuracy,0.9967928159076331,0.9967928159076331,0.9967928159076331,0.9967928159076331
macro avg,0.9965867485808986,0.9971252805384615,0.9968505643610193,1559.0
weighted avg,0.9968031648044413,0.9967928159076331,0.996793602743474,1559.0
