,precision,recall,f1-score,support
0.0,0.9941944847605225,0.9956395348837209,0.9949164851125636,688.0
1.0,0.9928057553956835,0.9942363112391931,0.9935205183585314,694.0
2.0,0.9970530451866405,0.9950980392156863,0.9960745829244358,1020.0
3.0,0.9959349593495935,0.9959349593495935,0.9959349593495935,984.0
accuracy,0.9952746603662138,0.9952746603662138,0.9952746603662138,0.9952746603662138
macro avg,0.99499706117311,0.9952272111720485,0.9951116364362811,3386.0
weighted avg,0.9952767589634427,0.9952746603662138,0.9952752085295892,3386.0
