,precision,recall,f1-score,support
0.0,0.9811827956989247,0.9864864864864865,0.9838274932614555,370.0
1.0,0.9914285714285714,0.9914285714285714,0.9914285714285714,700.0
2.0,0.9912917271407837,0.9884225759768451,0.9898550724637681,691.0
accuracy,0.9892106757524134,0.9892106757524134,0.9892106757524134,0.9892106757524134
macro avg,0.9879676980894265,0.9887792112973011,0.9883703790512651,1761.0
weighted avg,0.9892221566512684,0.9892106757524134,0.9892140985685419,1761.0
