,precision,recall,f1-score,support
0.0,0.8477011494252874,0.9161490683229814,0.8805970149253731,322.0
1.0,0.9518072289156626,0.7775590551181102,0.8559046587215602,508.0
2.0,0.8201754385964912,0.9092382495948136,0.862413528055342,617.0
accuracy,0.8645473393227368,0.8645473393227368,0.8645473393227368,0.8645473393227368
macro avg,0.8732279389791472,0.8676487910119683,0.8663050672340917,1447.0
weighted avg,0.8725128459005765,0.8645473393227368,0.8641748115042631,1447.0
