,precision,recall,f1-score,support
0.0,0.9894179894179894,0.9973333333333333,0.9933598937583001,375.0
1.0,0.9973614775725593,0.9869451697127938,0.9921259842519685,383.0
2.0,0.9921671018276762,0.987012987012987,0.9895833333333333,385.0
3.0,0.9880952380952381,0.9965694682675815,0.9923142613151152,583.0
4.0,1.0,0.9915254237288136,0.9957446808510638,236.0
accuracy,0.9923547400611621,0.9923547400611621,0.9923547400611621,0.9923547400611621
macro avg,0.9934083613826926,0.9918772764111019,0.9926256307019562,1962.0
weighted avg,0.9923878949822709,0.9923547400611621,0.9923541052440178,1962.0
