,precision,recall,f1-score,support
0.0,0.7598566308243727,0.9098712446351931,0.8281250000000001,233.0
1.0,0.8381877022653722,0.8519736842105263,0.8450244698205546,304.0
2.0,0.803921568627451,0.8506224066390041,0.8266129032258065,241.0
3.0,0.9281609195402298,0.7820823244552058,0.8488830486202364,413.0
accuracy,0.8387909319899244,0.8387909319899244,0.8387909319899244,0.8387909319899244
macro avg,0.8325317053143564,0.8486374149849824,0.8371613554166495,1191.0
weighted avg,0.8471294830227393,0.8387909319899244,0.8393307914215161,1191.0
