,precision,recall,f1-score,support
0.0,0.5662650602409639,0.8367952522255193,0.6754491017964072,337.0
1.0,0.6068548387096774,0.869942196531792,0.7149643705463182,346.0
2.0,1.0,0.043076923076923075,0.08259587020648967,325.0
accuracy,0.5922619047619048,0.5922619047619048,0.5922619047619048,0.5922619047619048
macro avg,0.7243732996502138,0.583271457278078,0.49100311418307174,1008.0
weighted avg,0.7200427574352711,0.5922619047619048,0.4978647592574647,1008.0
