,precision,recall,f1-score,support
0.0,0.7045454545454546,0.8157894736842105,0.7560975609756098,304.0
1.0,0.9018867924528302,0.8143100511073254,0.855863921217547,587.0
2.0,0.7207446808510638,0.8390092879256966,0.7753934191702433,323.0
3.0,0.9599644128113879,0.9238013698630136,0.9415357766143105,1168.0
accuracy,0.871536523929471,0.871536523929471,0.871536523929471,0.871536523929471
macro avg,0.8217853351651841,0.8482275456450615,0.8322226694944277,2382.0
weighted avg,0.8806164279723863,0.871536523929471,0.8742282291220775,2382.0
