,precision,recall,f1-score,support
0.0,0.9215686274509803,0.9915611814345991,0.9552845528455285,237.0
1.0,0.9558541266794626,0.9431818181818182,0.9494756911344137,528.0
2.0,0.9948096885813149,0.9922346850733391,0.9935205183585314,1159.0
3.0,0.9447115384615384,0.946987951807229,0.9458483754512635,415.0
4.0,0.9557640750670241,0.9443708609271523,0.950033311125916,755.0
accuracy,0.9660633484162896,0.9660633484162896,0.9660633484162896,0.9660633484162896
macro avg,0.9545416112480641,0.9636672994848275,0.9588324897831306,3094.0
weighted avg,0.9663039230108353,0.9660633484162896,0.9660692018206979,3094.0
