,precision,recall,f1-score,support
0.0,0.8912213740458015,0.9302788844621513,0.9103313840155945,502.0
1.0,0.9601648351648352,0.9295212765957447,0.9445945945945946,752.0
2.0,0.9010067114093959,0.8905472636815921,0.8957464553794829,603.0
3.0,0.8820326678765881,0.8756756756756757,0.8788426763110309,555.0
4.0,0.9727403156384505,0.952247191011236,0.9623846699787084,712.0
5.0,0.9174603174603174,0.9601328903654485,0.9383116883116882,602.0
accuracy,0.9245840042941492,0.9245840042941492,0.9245840042941492,0.9245840042941492
macro avg,0.9207710369325648,0.923067196965308,0.92170191143185,3726.0
weighted avg,0.9251676004594762,0.9245840042941492,0.9246633948593371,3726.0
