,precision,recall,f1-score,support
0.0,0.9052863436123348,0.9856115107913669,0.9437428243398392,417.0
1.0,0.9016620498614959,0.9531478770131772,0.9266903914590748,683.0
2.0,0.9875835721107927,0.9207479964381122,0.9529953917050692,1123.0
accuracy,0.9428699955015745,0.9428699955015745,0.9428699955015745,0.9428699955015745
macro avg,0.9315106551948745,0.9531691280808854,0.9411428691679945,2223.0
weighted avg,0.9457471600639522,0.9428699955015745,0.9431777417908475,2223.0
