,precision,recall,f1-score,support
0.0,0.9887218045112782,0.9633699633699634,0.9758812615955473,273.0
1.0,0.961038961038961,0.961038961038961,0.961038961038961,231.0
2.0,0.9212598425196851,0.975,0.9473684210526315,120.0
accuracy,0.9647435897435898,0.9647435897435898,0.9647435897435898,0.9647435897435898
macro avg,0.9570068693566415,0.9664696414696414,0.9614295478957132,624.0
weighted avg,0.9655003745736236,0.9647435897435898,0.9649035175350965,624.0
