,precision,recall,f1-score,support
0.0,0.8844444444444445,0.961352657004831,0.9212962962962964,207.0
1.0,0.9290780141843972,0.9247058823529412,0.9268867924528301,425.0
2.0,0.9855072463768116,0.9577464788732394,0.9714285714285714,568.0
accuracy,0.9466666666666667,0.9466666666666667,0.9466666666666667,0.9466666666666667
macro avg,0.9330099016685511,0.9479350060770039,0.939870553392566,1200.0
weighted avg,0.9480885599753314,0.9466666666666667,0.9470055405810123,1200.0
