,precision,recall,f1-score,support
0.0,0.844,0.8612244897959184,0.8525252525252526,245.0
1.0,0.9538043478260869,0.9473684210526315,0.9505754908598512,741.0
2.0,0.9312320916905444,0.9129213483146067,0.9219858156028368,356.0
3.0,0.9333333333333333,0.9475982532751092,0.9404117009750813,458.0
accuracy,0.9288888888888889,0.9288888888888889,0.9288888888888889,0.9288888888888889
macro avg,0.9155924432124911,0.9172781281095664,0.9163745649907554,1800.0
weighted avg,0.929185729470906,0.9288888888888889,0.9289892416650187,1800.0
