,precision,recall,f1-score,support
0.0,0.9973684210526316,1.0,0.9986824769433464,379.0
1.0,1.0,1.0,1.0,399.0
2.0,0.9920212765957447,0.9920212765957447,0.9920212765957447,376.0
3.0,0.9925742574257426,0.9901234567901235,0.9913473423980222,405.0
4.0,0.997229916897507,0.997229916897507,0.997229916897507,361.0
accuracy,0.9958333333333333,0.9958333333333333,0.9958333333333333,0.9958333333333333
macro avg,0.9958387743943252,0.9958749300566752,0.995856202566924,1920.0
weighted avg,0.995830836373111,0.9958333333333333,0.9958314231420454,1920.0
