,precision,recall,f1-score,support
0.0,0.9952830188679245,0.9952830188679245,0.9952830188679245,212.0
1.0,0.9968253968253968,0.9968253968253968,0.9968253968253968,315.0
accuracy,0.9962049335863378,0.9962049335863378,0.9962049335863378,0.9962049335863378
macro avg,0.9960542078466607,0.9960542078466607,0.9960542078466607,527.0
weighted avg,0.9962049335863378,0.9962049335863378,0.9962049335863378,527.0
