,precision,recall,f1-score,support
0.0,0.9921875,0.9921875,0.9921875,128.0
1.0,0.9965870307167235,0.9965870307167235,0.9965870307167235,293.0
accuracy,0.995249406175772,0.995249406175772,0.995249406175772,0.995249406175772
macro avg,0.9943872653583617,0.9943872653583617,0.9943872653583617,421.0
weighted avg,0.995249406175772,0.995249406175772,0.995249406175772,421.0
