,precision,recall,f1-score,support
0.0,0.8859315589353612,0.966804979253112,0.9246031746031746,241.0
1.0,0.8893528183716075,0.9362637362637363,0.9122055674518201,455.0
2.0,0.924901185770751,0.9397590361445783,0.9322709163346613,249.0
3.0,0.9898734177215189,0.930952380952381,0.9595092024539877,840.0
accuracy,0.938375350140056,0.938375350140056,0.938375350140056,0.938375350140056
macro avg,0.9225147451998097,0.9434450331534519,0.9321472152109109,1785.0
weighted avg,0.9411535597789896,0.938375350140056,0.9389389840328423,1785.0
