,precision,recall,f1-score,support
0.0,0.9796610169491525,1.0,0.9897260273972603,289.0
1.0,0.9970326409495549,0.9882352941176471,0.9926144756277696,340.0
2.0,0.9943502824858758,0.9915492957746479,0.9929478138222848,355.0
3.0,0.996875,0.9906832298136646,0.9937694704049845,322.0
accuracy,0.9923430321592649,0.9923430321592649,0.9923430321592649,0.9923430321592649
macro avg,0.9919797350961459,0.9926169549264899,0.9922644468130748,1306.0
weighted avg,0.9924205452554667,0.9923430321592649,0.9923506791796064,1306.0
