,precision,recall,f1-score,support
0.0,0.9931972789115646,1.0,0.9965870307167235,438.0
1.0,1.0,0.9923857868020305,0.9961783439490446,394.0
accuracy,0.9963942307692307,0.9963942307692307,0.9963942307692307,0.9963942307692307
macro avg,0.9965986394557823,0.9961928934010152,0.996382687332884,832.0
weighted avg,0.996418759811617,0.9963942307692307,0.9963934939541448,832.0
