,precision,recall,f1-score,support
0.0,0.9958677685950413,0.9979296066252588,0.9968976215098242,483.0
1.0,0.997737556561086,0.9954853273137697,0.9966101694915254,443.0
accuracy,0.9967602591792657,0.9967602591792657,0.9967602591792657,0.9967602591792657
macro avg,0.9968026625780637,0.9967074669695142,0.9967538955006747,926.0
weighted avg,0.9967622783887323,0.9967602591792657,0.9967601039675927,926.0
