,precision,recall,f1-score,support
0.0,0.9381443298969072,0.9680851063829787,0.9528795811518325,188.0
1.0,0.9887005649717514,0.9459459459459459,0.9668508287292817,185.0
2.0,0.958904109589041,0.9722222222222222,0.9655172413793104,144.0
3.0,0.9651162790697675,0.9822485207100592,0.9736070381231672,169.0
4.0,0.9554140127388535,0.9375,0.9463722397476341,160.0
accuracy,0.9609929078014184,0.9609929078014184,0.9609929078014184,0.9609929078014184
macro avg,0.9612558592532642,0.9612003590522413,0.9610453858262453,846.0
weighted avg,0.9613874982532172,0.9609929078014184,0.9609957389273274,846.0
