,precision,recall,f1-score,support
0.0,0.9425493716337523,0.9325044404973357,0.9375000000000001,563.0
1.0,0.975609756097561,0.9836065573770492,0.9795918367346939,488.0
2.0,0.9110169491525424,0.9409190371991247,0.9257265877287406,457.0
3.0,0.9287211740041929,0.911522633744856,0.9200415368639668,486.0
4.0,0.9537037037037037,0.9466911764705882,0.9501845018450185,544.0
accuracy,0.9428684003152088,0.9428684003152088,0.9428684003152088,0.9428684003152088
macro avg,0.9423201909183504,0.9430487690577907,0.9426088926344839,2538.0
weighted avg,0.9429712010831273,0.9428684003152088,0.9428490633720028,2538.0
