,precision,recall,f1-score,support
0.0,0.9468085106382979,0.9468085106382979,0.9468085106382979,188.0
1.0,0.9722222222222222,0.9459459459459459,0.9589041095890412,185.0
2.0,0.8986486486486487,0.9236111111111112,0.9109589041095891,144.0
3.0,0.9451219512195121,0.9171597633136095,0.9309309309309309,169.0
4.0,0.9457831325301205,0.98125,0.9631901840490796,160.0
accuracy,0.9432624113475178,0.9432624113475178,0.9432624113475178,0.9432624113475178
macro avg,0.9417168930517603,0.9429550662017929,0.9421585278633877,846.0
weighted avg,0.943637621131718,0.9432624113475178,0.9432778950838459,846.0
