,precision,recall,f1-score,support
0.0,0.9847080630213161,0.9725400457665904,0.9785862307160947,2185.0
1.0,0.9772296015180265,0.9873466257668712,0.9822620637039863,2608.0
accuracy,0.9805967035259754,0.9805967035259754,0.9805967035259754,0.9805967035259754
macro avg,0.9809688322696712,0.9799433357667308,0.9804241472100406,4793.0
weighted avg,0.9806388313082806,0.9805967035259754,0.9805863501470191,4793.0
