,precision,recall,f1-score,support
0.0,0.591324200913242,0.8409090909090909,0.6943699731903485,308.0
1.0,0.7535545023696683,0.62109375,0.6809421841541755,256.0
2.0,0.8151260504201681,0.47549019607843135,0.6006191950464397,204.0
accuracy,0.6705729166666666,0.6705729166666666,0.6705729166666666,0.6705729166666666
macro avg,0.7200015845676928,0.6458310123291741,0.6586437841303213,768.0
weighted avg,0.7048483343406614,0.6705729166666666,0.6649914930671484,768.0
