,precision,recall,f1-score,support
0.0,0.8342391304347826,0.7309523809523809,0.7791878172588833,420.0
1.0,0.42704626334519574,0.7058823529411765,0.532150776053215,510.0
2.0,0.41776315789473684,0.2351851851851852,0.3009478672985782,540.0
3.0,0.6261127596439169,0.9377777777777778,0.7508896797153025,450.0
4.0,0.6088560885608856,0.3055555555555556,0.406905055487053,540.0
accuracy,0.5613821138211382,0.5613821138211382,0.5613821138211382,0.5613821138211382
macro avg,0.5828034799759035,0.5830706504824151,0.5540162391626063,2460.0
weighted avg,0.570853318705064,0.5613821138211382,0.5360962248829259,2460.0
