,precision,recall,f1-score,support
0.0,0.32773851590106007,0.3633692458374143,0.3446353924756154,1021.0
1.0,0.5610119047619048,0.3692458374142997,0.4453632604843473,1021.0
2.0,0.5590484282073067,0.6444662095984329,0.5987261146496816,1021.0
3.0,0.6340557275541796,0.6688438928804703,0.6509853782581055,1531.0
4.0,0.2169811320754717,0.21630094043887146,0.21664050235478807,638.0
accuracy,0.4908256880733945,0.4908256880733945,0.4908256880733945,0.4908256880733945
macro avg,0.45976714169998456,0.45244522523389774,0.4512701296445075,5232.0
weighted avg,0.49452903399200066,0.4908256880733945,0.48791346375094835,5232.0
