,precision,recall,f1-score,support
0.0,0.6272189349112426,0.34471544715447155,0.4449108079748164,615.0
1.0,0.8237623762376237,0.5079365079365079,0.6283987915407856,819.0
2.0,0.5619524405506884,0.7312703583061889,0.6355272469922152,614.0
3.0,0.6177429876060013,0.8402839396628217,0.7120300751879701,1127.0
accuracy,0.63748031496063,0.63748031496063,0.63748031496063,0.63748031496063
macro avg,0.6576691848263889,0.6060515632649975,0.6052167304239469,3175.0
weighted avg,0.6619326540595635,0.63748031496063,0.623921380020938,3175.0
