,precision,recall,f1-score,support
0.0,0.4418262150220913,0.35377358490566035,0.3929273084479371,848.0
1.0,0.6988202637057599,0.648840206185567,0.6729034413631807,1552.0
2.0,0.5085662759242561,0.6650943396226415,0.57639243740419,848.0
3.0,0.9000960614793467,0.9056056701030928,0.9028424602537337,3104.0
accuracy,0.7370906801007556,0.7370906801007556,0.7370906801007556,0.7370906801007556
macro avg,0.6373272040328635,0.6433284502042405,0.6362664118672603,6352.0
weighted avg,0.737468522737049,0.7370906801007556,0.7350050821955054,6352.0
