,precision,recall,f1-score,support
0.0,0.316588785046729,0.42080745341614906,0.36133333333333334,644.0
1.0,0.2868217054263566,0.12802768166089964,0.1770334928229665,1156.0
2.0,0.3206997084548105,0.3416149068322981,0.3308270676691729,644.0
3.0,0.5840740740740741,0.6815038893690579,0.6290386916633427,2314.0
accuracy,0.4657419083648592,0.4657419083648592,0.4657419083648592,0.4657419083648592
macro avg,0.3770460682504926,0.3929884828196012,0.37455814637220386,4758.0
weighted avg,0.44000148984768117,0.4657419083648592,0.44262243557333725,4758.0
