,precision,recall,f1-score,support
0.0,0.5666666666666667,0.6138147566718996,0.589299171062547,637.0
1.0,0.639763779527559,0.8165829145728644,0.717439293598234,398.0
2.0,0.6837209302325581,0.6176470588235294,0.6490066225165563,238.0
3.0,0.31313131313131315,0.1297071129707113,0.18343195266272191,239.0
accuracy,0.5912698412698413,0.5912698412698413,0.5912698412698413,0.5912698412698413
macro avg,0.5508206723895243,0.5444379607597511,0.5347942599600148,1512.0
weighted avg,0.5642570212647936,0.5912698412698413,0.5682726346985917,1512.0
