,precision,recall,f1-score,support
0.0,0.20520231213872833,0.14791666666666667,0.17191283292978207,480.0
1.0,0.48604651162790696,0.49176470588235294,0.4888888888888889,425.0
2.0,0.4095860566448802,0.45083932853717024,0.4292237442922374,417.0
3.0,0.25523809523809526,0.3094688221709007,0.2797494780793319,433.0
4.0,0.3696969696969697,0.366,0.36783919597989945,500.0
accuracy,0.34811529933481156,0.34811529933481156,0.34811529933481156,0.34811529933481156
macro avg,0.3451539890693161,0.3531979046514181,0.34752282803402795,2255.0
weighted avg,0.3420092430048538,0.34811529933481156,0.3433850824621892,2255.0
