,precision,recall,f1-score,support
0.0,0.32050333086602517,0.3004857737682165,0.31017191977077363,1441.0
1.0,0.8094462540716613,0.779607843137255,0.7942469037155414,1275.0
2.0,0.40395305744286597,0.5223642172523961,0.45559038662486934,1252.0
3.0,0.37681159420289856,0.3,0.3340471092077088,1300.0
4.0,0.44169381107491856,0.452,0.44678747940691926,1500.0
accuracy,0.4652777777777778,0.4652777777777778,0.4652777777777778,0.4652777777777778
macro avg,0.47048160953167395,0.4708915668315735,0.46816875974516253,6768.0
weighted avg,0.46572610678397236,0.4652777777777778,0.46313004783713607,6768.0
