,precision,recall,f1-score,support
0.0,0.9386973180076629,0.9496124031007752,0.9441233140655106,258.0
1.0,0.9135802469135802,0.925,0.9192546583850932,240.0
2.0,0.9312977099236641,0.9457364341085271,0.9384615384615385,258.0
3.0,0.9518716577540107,0.905852417302799,0.9282920469361147,393.0
4.0,0.8988095238095238,0.949685534591195,0.9235474006116209,159.0
accuracy,0.9311926605504587,0.9311926605504587,0.9311926605504587,0.9311926605504587
macro avg,0.9268512912816883,0.9351773578206594,0.9307357916919756,1308.0
weighted avg,0.9317387249606895,0.9311926605504587,0.9311856430485793,1308.0
