,precision,recall,f1-score,support
0.0,0.9171597633136095,0.9538461538461539,0.9351432880844645,325.0
1.0,0.9434782608695652,0.9234042553191489,0.9333333333333333,470.0
2.0,0.9264705882352942,0.9242053789731052,0.9253365973072215,409.0
3.0,0.93048128342246,0.8923076923076924,0.9109947643979058,390.0
4.0,0.9630434782608696,0.9486081370449678,0.9557713052858683,467.0
5.0,0.9099099099099099,0.9550827423167849,0.9319492502883506,423.0
accuracy,0.9327697262479872,0.9327697262479872,0.9327697262479872,0.9327697262479872
macro avg,0.9317572140019514,0.9329090599679755,0.9320880897828574,2484.0
weighted avg,0.9331558265089901,0.9327697262479872,0.9327289026362428,2484.0
