,precision,recall,f1-score,support
0.0,0.9586206896551724,0.9586206896551724,0.9586206896551724,145.0
1.0,0.970873786407767,0.970873786407767,0.970873786407767,206.0
accuracy,0.9658119658119658,0.9658119658119658,0.9658119658119658,0.9658119658119658
macro avg,0.9647472380314697,0.9647472380314697,0.9647472380314697,351.0
weighted avg,0.9658119658119658,0.9658119658119658,0.9658119658119658,351.0
