,precision,recall,f1-score,support
0.0,0.9664429530201343,0.9664429530201343,0.9664429530201343,149.0
1.0,0.9673202614379085,0.9673202614379085,0.9673202614379085,153.0
accuracy,0.9668874172185431,0.9668874172185431,0.9668874172185431,0.9668874172185431
macro avg,0.9668816072290214,0.9668816072290214,0.9668816072290214,302.0
weighted avg,0.9668874172185431,0.9668874172185431,0.9668874172185431,302.0
