,precision,recall,f1-score,support
0.0,0.9523809523809523,0.9876543209876543,0.9696969696969696,81.0
1.0,0.9838709677419355,0.8970588235294118,0.9384615384615386,68.0
2.0,0.9347826086956522,1.0,0.9662921348314606,43.0
accuracy,0.9583333333333334,0.9583333333333334,0.9583333333333334,0.9583333333333334
macro avg,0.95701150960618,0.9615710481723553,0.9581502143299896,192.0
weighted avg,0.9595923704334469,0.9583333333333334,0.9578718799926665,192.0
