,precision,recall,f1-score,support
0.0,0.9595959595959596,0.9595959595959596,0.9595959595959596,99.0
1.0,0.9393939393939394,0.9323308270676691,0.9358490566037736,133.0
2.0,0.9758064516129032,0.952755905511811,0.9641434262948209,127.0
3.0,0.9615384615384616,0.9920634920634921,0.9765625,126.0
4.0,0.9692307692307692,0.9692307692307692,0.9692307692307692,130.0
accuracy,0.9609756097560975,0.9609756097560975,0.9609756097560975,0.9609756097560975
macro avg,0.9611131162744065,0.9611953906939401,0.9610763423450646,615.0
weighted avg,0.9610092023545997,0.9609756097560975,0.9609122189719417,615.0
