,precision,recall,f1-score,support
0.0,0.8879668049792531,0.8842975206611571,0.886128364389234,242.0
1.0,0.8439716312056738,0.9407114624505929,0.8897196261682243,253.0
2.0,0.9571984435797666,0.9144981412639405,0.9353612167300379,269.0
3.0,0.9585062240663901,0.8783269961977186,0.9166666666666667,263.0
4.0,0.9266409266409267,0.9486166007905138,0.9375,253.0
accuracy,0.91328125,0.91328125,0.91328125,0.91328125
macro avg,0.914856806094402,0.9132901442727845,0.9130751747908326,1280.0
weighted avg,0.9159581735879586,0.91328125,0.9136133829972414,1280.0
