,precision,recall,f1-score,support
0.0,1.0,0.9929577464788732,0.9964664310954063,142.0
1.0,0.9929078014184397,1.0,0.9964412811387899,140.0
accuracy,0.9964539007092199,0.9964539007092199,0.9964539007092199,0.9964539007092199
macro avg,0.9964539007092199,0.9964788732394366,0.9964538561170981,282.0
weighted avg,0.9964790503495798,0.9964539007092199,0.9964539453013416,282.0
