,precision,recall,f1-score,support
0.0,0.9495798319327731,0.9912280701754386,0.9699570815450643,114.0
1.0,0.9705882352941176,0.99,0.9801980198019802,100.0
2.0,1.0,0.989010989010989,0.994475138121547,91.0
3.0,0.9836065573770492,0.9375,0.96,128.0
accuracy,0.9745958429561201,0.9745958429561201,0.9745958429561201,0.9745958429561201
macro avg,0.9759436561509849,0.9769347647966069,0.9761575598671479,433.0
weighted avg,0.9750867522263515,0.9745958429561201,0.9745315169639633,433.0
