,precision,recall,f1-score,support
0.0,0.9530612244897959,0.9729166666666667,0.9628865979381444,480.0
1.0,0.9878618113912232,0.9787234042553191,0.9832713754646841,1081.0
accuracy,0.9769378603459321,0.9769378603459321,0.9769378603459321,0.9769378603459321
macro avg,0.9704615179405096,0.9758200354609929,0.9730789867014142,1561.0
weighted avg,0.9771607981223667,0.9769378603459321,0.9770031543162286,1561.0
