,precision,recall,f1-score,support
0.0,0.9973498233215548,0.9955908289241623,0.9964695498676082,1134.0
1.0,0.9955277280858676,0.9973118279569892,0.9964189794091316,1116.0
accuracy,0.9964444444444445,0.9964444444444445,0.9964444444444445,0.9964444444444445
macro avg,0.9964387757037112,0.9964513284405758,0.9964442646383699,2250.0
weighted avg,0.9964460640846539,0.9964444444444445,0.9964444669202037,2250.0
