,precision,recall,f1-score,support
0.0,1.0,1.0,1.0,134.0
1.0,0.9772727272727273,1.0,0.9885057471264368,86.0
2.0,1.0,0.9770114942528736,0.9883720930232558,87.0
3.0,1.0,1.0,1.0,123.0
4.0,1.0,1.0,1.0,114.0
accuracy,0.9963235294117647,0.9963235294117647,0.9963235294117647,0.9963235294117647
macro avg,0.9954545454545455,0.9954022988505746,0.9953755680299384,544.0
weighted avg,0.9964070855614973,0.9963235294117647,0.9963232837240751,544.0
