,precision,recall,f1-score,support
0.0,0.9924812030075187,1.0,0.9962264150943396,132.0
1.0,0.9850746268656716,0.9777777777777777,0.9814126394052044,135.0
2.0,1.0,0.9777777777777777,0.9887640449438202,135.0
3.0,0.9461538461538461,1.0,0.9723320158102766,123.0
4.0,1.0,0.9574468085106383,0.9782608695652174,94.0
accuracy,0.9838449111470113,0.9838449111470113,0.9838449111470113,0.9838449111470113
macro avg,0.9847419352054073,0.9826004728132387,0.9833991969637716,619.0
weighted avg,0.9844418683372879,0.9838449111470113,0.9838919206193305,619.0
