,precision,recall,f1-score,support
0.0,0.9910714285714286,1.0,0.9955156950672646,111.0
1.0,0.9862068965517241,1.0,0.9930555555555556,143.0
2.0,0.9777777777777777,0.9565217391304348,0.967032967032967,138.0
3.0,1.0,1.0,1.0,97.0
4.0,0.9761904761904762,0.9761904761904762,0.9761904761904762,126.0
accuracy,0.9853658536585366,0.9853658536585366,0.9853658536585366,0.9853658536585366
macro avg,0.9862493158182813,0.9865424430641822,0.9863589387692526,615.0
weighted avg,0.9853168261978186,0.9853658536585366,0.9853003838170086,615.0
