,precision,recall,f1-score,support
0.0,0.9565217391304348,0.990990990990991,0.9734513274336283,111.0
1.0,0.973293768545994,0.9909365558912386,0.9820359281437124,331.0
2.0,1.0,0.8648648648648649,0.927536231884058,74.0
accuracy,0.9728682170542635,0.9728682170542635,0.9728682170542635,0.9728682170542635
macro avg,0.9766051692254764,0.9489308039156982,0.9610078291537997,516.0
weighted avg,0.9735157954112447,0.9728682170542635,0.9723733928684533,516.0
