,precision,recall,f1-score,support
0.0,0.9285714285714286,0.9285714285714286,0.9285714285714286,70.0
1.0,0.9768518518518519,0.9768518518518519,0.9768518518518519,216.0
accuracy,0.965034965034965,0.965034965034965,0.965034965034965,0.965034965034965
macro avg,0.9527116402116402,0.9527116402116402,0.9527116402116402,286.0
weighted avg,0.965034965034965,0.965034965034965,0.965034965034965,286.0
