,precision,recall,f1-score,support
0.0,0.998220640569395,1.0,0.9991095280498664,561.0
1.0,1.0,1.0,1.0,274.0
2.0,1.0,0.9948979591836735,0.9974424552429668,196.0
accuracy,0.9990300678952473,0.9990300678952473,0.9990300678952473,0.9990300678952473
macro avg,0.9994068801897983,0.9982993197278912,0.998850661097611,1031.0
weighted avg,0.999031793753085,0.9990300678952473,0.9990292594215292,1031.0
