,precision,recall,f1-score,support
0.0,0.9869451697127938,0.9973614775725593,0.9921259842519685,379.0
1.0,0.9966555183946488,0.9867549668874173,0.9916805324459235,302.0
2.0,1.0,0.9798994974874372,0.9898477157360407,199.0
3.0,0.9754601226993865,0.99375,0.9845201238390093,160.0
accuracy,0.9903846153846154,0.9903846153846154,0.9903846153846154,0.9903846153846154
macro avg,0.9897652027017073,0.9894414854868534,0.9895435890682356,1040.0
weighted avg,0.990495966834841,0.9903846153846154,0.9903905616114217,1040.0
