,precision,recall,f1-score,support
0.0,0.9953161592505855,0.9906759906759907,0.9929906542056075,429.0
1.0,0.9914163090128756,0.9956896551724138,0.9935483870967742,464.0
2.0,0.9956331877729258,0.9927431059506531,0.9941860465116278,689.0
3.0,0.9926253687315634,0.9955621301775148,0.9940915805022156,676.0
accuracy,0.9937998228520815,0.9937998228520815,0.9937998228520815,0.9937998228520815
macro avg,0.9937477561919875,0.9936677204941431,0.9937041670790563,2258.0
weighted avg,0.9938059412482544,0.9937998228520815,0.9937996176851719,2258.0
