,precision,recall,f1-score,support
0.0,0.9848484848484849,0.9774436090225563,0.981132075471698,266.0
1.0,0.9913606911447084,0.9828693790149893,0.9870967741935484,467.0
2.0,0.9821029082774049,0.9954648526077098,0.9887387387387389,441.0
accuracy,0.9863713798977853,0.9863713798977853,0.9863713798977853,0.9863713798977853
macro avg,0.9861040280901993,0.9852592802150851,0.9856558628013284,1174.0
weighted avg,0.9864075999017132,0.9863713798977853,0.9863621034136648,1174.0
