,precision,recall,f1-score,support
0.0,0.995575221238938,1.0,0.9977827050997783,225.0
1.0,1.0,0.9906542056074766,0.9953051643192489,321.0
2.0,0.9928741092636579,0.9976133651551312,0.9952380952380953,419.0
accuracy,0.9958549222797928,0.9958549222797928,0.9958549222797928,0.9958549222797928
macro avg,0.9961497768341987,0.9960891902542026,0.9961086548857074,965.0
weighted avg,0.9958742762282216,0.9958549222797928,0.9958537080815448,965.0
