,precision,recall,f1-score,support
0.0,0.9846153846153847,1.0,0.9922480620155039,64.0
1.0,1.0,0.9857142857142858,0.9928057553956835,70.0
2.0,0.9696969696969697,0.9846153846153847,0.9770992366412214,65.0
3.0,0.9642857142857143,0.9473684210526315,0.9557522123893805,57.0
accuracy,0.98046875,0.98046875,0.98046875,0.98046875
macro avg,0.9796495171495172,0.9794245228455755,0.9794763166104472,256.0
weighted avg,0.980507708437396,0.98046875,0.9804281458381413,256.0
