,precision,recall,f1-score,support
0.0,0.9964788732394366,0.9964788732394366,0.9964788732394366,568.0
1.0,0.9929453262786596,0.99822695035461,0.995579133510168,564.0
2.0,1.0,0.9946043165467626,0.9972948602344455,556.0
accuracy,0.9964454976303317,0.9964454976303317,0.9964454976303317,0.9964454976303317
macro avg,0.9964747331726987,0.9964367133802696,0.99645095566135,1688.0
weighted avg,0.9964580355575617,0.9964454976303317,0.9964470222690085,1688.0
