,precision,recall,f1-score,support
0.0,0.9961685823754789,1.0,0.9980806142034548,260.0
1.0,1.0,0.9959839357429718,0.9979879275653923,249.0
2.0,0.996268656716418,1.0,0.9981308411214954,267.0
3.0,1.0,0.9973474801061007,0.99867197875166,377.0
4.0,1.0,1.0,1.0,155.0
accuracy,0.9984709480122325,0.9984709480122325,0.9984709480122325,0.9984709480122325
macro avg,0.9984874478183794,0.9986662831698144,0.9985742723284006,1308.0
weighted avg,0.9984767299395322,0.9984709480122325,0.9984711194384527,1308.0
