,precision,recall,f1-score,support
0.0,1.0,0.9941176470588236,0.9970501474926253,170.0
1.0,0.9850746268656716,1.0,0.9924812030075187,198.0
2.0,0.9793103448275862,0.9861111111111112,0.9826989619377162,144.0
3.0,0.996415770609319,0.9858156028368794,0.9910873440285204,282.0
accuracy,0.9911838790931989,0.9911838790931989,0.9911838790931989,0.9911838790931989
macro avg,0.9902001855756442,0.9915110902517035,0.9908294141165952,794.0
weighted avg,0.9912527872624728,0.9911838790931989,0.9911902831288524,794.0
