,precision,recall,f1-score,support
0.0,0.9969418960244648,0.9969418960244648,0.9969418960244648,327.0
1.0,0.9940476190476191,0.9940476190476191,0.9940476190476191,168.0
accuracy,0.9959595959595959,0.9959595959595959,0.9959595959595959,0.9959595959595959
macro avg,0.995494757536042,0.995494757536042,0.995494757536042,495.0
weighted avg,0.9959595959595959,0.9959595959595959,0.9959595959595959,495.0
