,precision,recall,f1-score,support
0.0,0.9773371104815864,0.9885386819484241,0.982905982905983,349.0
1.0,0.9919678714859438,0.9899799599198397,0.9909729187562688,499.0
2.0,0.9861431870669746,0.9816091954022989,0.9838709677419354,435.0
3.0,0.9783783783783784,0.9757412398921833,0.9770580296896085,371.0
4.0,0.9976525821596244,0.9929906542056075,0.9953161592505856,428.0
5.0,0.9900990099009901,0.9950248756218906,0.9925558312655087,402.0
accuracy,0.9875201288244766,0.9875201288244766,0.9875201288244766,0.9875201288244766
macro avg,0.9869296899122495,0.9873141011650407,0.9871133149349817,2484.0
weighted avg,0.9875396100348587,0.9875201288244766,0.987522075202954,2484.0
