,precision,recall,f1-score,support
0.0,0.9391025641025641,0.9898648648648649,0.9638157894736843,296.0
1.0,0.9658848614072495,0.9700214132762313,0.967948717948718,467.0
2.0,0.9942938659058488,0.9694019471488178,0.9816901408450703,719.0
accuracy,0.9736842105263158,0.9736842105263158,0.9736842105263158,0.9736842105263158
macro avg,0.9664270971385541,0.9764294084299713,0.9711515494224908,1482.0
weighted avg,0.974318406773178,0.9736842105263158,0.9737899704681966,1482.0
