,precision,recall,f1-score,support
0.0,0.8232044198895028,0.9738562091503268,0.8922155688622755,153.0
1.0,0.9409448818897638,0.8754578754578755,0.9070208728652751,273.0
2.0,0.989041095890411,0.9652406417112299,0.9769959404600812,374.0
accuracy,0.93625,0.93625,0.93625,0.93625
macro avg,0.9177301325565592,0.9381849087731441,0.925410794062544,800.0
weighted avg,0.9409119985775163,0.93625,0.9369027025752732,800.0
