,precision,recall,f1-score,support
0.0,1.0,1.0,1.0,277.0
1.0,1.0,1.0,1.0,248.0
2.0,0.9962264150943396,1.0,0.998109640831758,264.0
3.0,0.9919028340080972,0.9959349593495935,0.9939148073022313,246.0
4.0,1.0,0.9918367346938776,0.9959016393442623,245.0
accuracy,0.99765625,0.99765625,0.99765625,0.99765625
macro avg,0.9976258498204874,0.9975543388086943,0.9975852174956504,1280.0
weighted avg,0.9976655240241389,0.99765625,0.9976561636056853,1280.0
