,precision,recall,f1-score,support
0.0,0.9720670391061452,1.0,0.9858356940509915,174.0
1.0,0.9783393501805054,0.9713261648745519,0.9748201438848921,279.0
2.0,0.967391304347826,0.9834254143646409,0.9753424657534246,181.0
3.0,0.9963636363636363,0.9856115107913669,0.9909584086799277,556.0
accuracy,0.9840336134453781,0.9840336134453781,0.9840336134453781,0.9840336134453781
macro avg,0.9785403324995283,0.98509077250764,0.9817391780923089,1190.0
weighted avg,0.9841784465629988,0.9840336134453781,0.9840504978455186,1190.0
