,precision,recall,f1-score,support
0.0,1.0,0.9948186528497409,0.9974025974025974,193.0
1.0,1.0,1.0,1.0,229.0
2.0,0.9856459330143541,1.0,0.9927710843373494,206.0
3.0,1.0,0.9917695473251029,0.9958677685950413,243.0
accuracy,0.9965556831228473,0.9965556831228473,0.9965556831228473,0.9965556831228473
macro avg,0.9964114832535885,0.996647050043711,0.996510362583747,871.0
weighted avg,0.9966051230780217,0.9965556831228473,0.9965618971765675,871.0
