,precision,recall,f1-score,support
0.0,0.9813664596273292,1.0,0.9905956112852665,158.0
1.0,0.987012987012987,0.9806451612903225,0.9838187702265372,155.0
2.0,1.0,0.971830985915493,0.9857142857142858,142.0
3.0,0.986013986013986,0.9929577464788732,0.9894736842105264,142.0
4.0,0.9805194805194806,0.9869281045751634,0.9837133550488599,153.0
accuracy,0.9866666666666667,0.9866666666666667,0.9866666666666667,0.9866666666666667
macro avg,0.9869825826347565,0.9864723996519704,0.9866631412970952,750.0
weighted avg,0.9867685068554635,0.9866666666666667,0.9866544680266457,750.0
