,precision,recall,f1-score,support
0.0,0.9938650306748467,1.0,0.9969230769230769,324.0
1.0,1.0,0.9931972789115646,0.9965870307167235,294.0
accuracy,0.9967637540453075,0.9967637540453075,0.9967637540453075,0.9967637540453075
macro avg,0.9969325153374233,0.9965986394557823,0.9967550538199001,618.0
weighted avg,0.9967836083149682,0.9967637540453075,0.9967632102812195,618.0
