,precision,recall,f1-score,support
0.0,0.984375,0.9921259842519685,0.988235294117647,127.0
1.0,0.9902912621359223,0.9902912621359223,0.9902912621359223,103.0
2.0,0.9693877551020408,0.979381443298969,0.9743589743589743,97.0
3.0,0.9615384615384616,0.9803921568627451,0.970873786407767,102.0
4.0,0.9923664122137404,0.9629629629629629,0.9774436090225563,135.0
accuracy,0.9804964539007093,0.9804964539007093,0.9804964539007093,0.9804964539007093
macro avg,0.979591778198033,0.9810307619025137,0.9802405852085734,564.0
weighted avg,0.9806606843451702,0.9804964539007093,0.9805012700308494,564.0
