,precision,recall,f1-score,support
0.0,0.983739837398374,0.952755905511811,0.968,127.0
1.0,0.970873786407767,0.970873786407767,0.970873786407767,103.0
2.0,0.9117647058823529,0.9587628865979382,0.9346733668341709,97.0
3.0,0.9238095238095239,0.9509803921568627,0.9371980676328502,102.0
4.0,0.9923664122137404,0.9629629629629629,0.9774436090225563,135.0
accuracy,0.9592198581560284,0.9592198581560284,0.9592198581560284,0.9592198581560284
macro avg,0.9565108531423515,0.9592671867274684,0.9576377659794687,564.0
weighted avg,0.9602378952085251,0.9592198581560284,0.9594829906019687,564.0
