,precision,recall,f1-score,support
0.0,0.96875,0.9763779527559056,0.9725490196078432,127.0
1.0,0.9351851851851852,0.9805825242718447,0.9573459715639812,103.0
2.0,0.9893617021276596,0.9587628865979382,0.9738219895287958,97.0
3.0,0.9705882352941176,0.9705882352941176,0.9705882352941176,102.0
4.0,0.9696969696969697,0.9481481481481482,0.9588014981273408,135.0
accuracy,0.9663120567375887,0.9663120567375887,0.9663120567375887,0.9663120567375887
macro avg,0.9667164184607865,0.966891949413591,0.9666213428244157,564.0
weighted avg,0.9667242909389149,0.9663120567375887,0.9663462691361175,564.0
