,precision,recall,f1-score,support
0.0,0.6974248927038627,0.7869249394673123,0.7394766780432309,413.0
1.0,0.8117154811715481,0.5623188405797102,0.6643835616438356,345.0
2.0,0.7082066869300911,0.8442028985507246,0.7702479338842975,276.0
accuracy,0.7272727272727273,0.7272727272727273,0.7272727272727273,0.7272727272727273
macro avg,0.7391156869351674,0.7311488928659157,0.7247027245237879,1034.0
weighted avg,0.7384365254193274,0.7272727272727273,0.7226350353491718,1034.0
