,precision,recall,f1-score,support
0.0,0.9110576923076923,0.8425967096487328,0.8754908754908755,2249.0
1.0,0.9125560538116592,0.9044444444444445,0.9084821428571429,2250.0
2.0,0.6606334841628959,0.7786666666666666,0.714810281517748,750.0
3.0,0.7641741988496302,0.8003442340791739,0.7818411097099622,1162.0
accuracy,0.849165496802371,0.849165496802371,0.849165496802371,0.849165496802371
macro avg,0.8121053572829694,0.8315130137097544,0.8201561023939321,6411.0
weighted avg,0.8556645458215061,0.849165496802371,0.8512979068833002,6411.0
