,precision,recall,f1-score,support
0.0,0.753880266075388,0.7589285714285714,0.7563959955506118,2240.0
1.0,0.7610520425293789,0.6071428571428571,0.6754407747703004,2240.0
2.0,0.5769644779332616,0.638095238095238,0.6059920859242509,840.0
3.0,0.5345911949685535,0.6678571428571428,0.5938393140679581,1400.0
accuracy,0.6742559523809524,0.6742559523809524,0.6742559523809524,0.6742559523809524
macro avg,0.6566219953766456,0.6680059523809523,0.6579170425782803,6720.0
weighted avg,0.6884711615616953,0.6742559523809524,0.6767444579449934,6720.0
