,precision,recall,f1-score,support
0.0,0.8587962962962963,0.3633692458374143,0.5106675843083276,1021.0
1.0,0.4415,0.865686274509804,0.5847682119205297,1020.0
2.0,0.8976190476190476,0.3692458374142997,0.5232477446217905,1021.0
3.0,0.659047619047619,0.6779882429784455,0.6683837733419189,1531.0
4.0,0.6019900497512438,0.7586206896551724,0.6712898751733704,638.0
accuracy,0.6027528197285413,0.6027528197285413,0.6027528197285413,0.6027528197285413
macro avg,0.6917906025428413,0.606982058079027,0.5916714378731874,5231.0
weighted avg,0.6952211092794427,0.6027528197285413,0.5933224286644387,5231.0
