,precision,recall,f1-score,support
0.0,0.22266666666666668,0.2372159090909091,0.2297111416781293,704.0
1.0,0.3105542900531511,0.2959479015918958,0.30307521304186735,1382.0
2.0,0.879079888094498,0.9321028345418589,0.9048152295632699,3034.0
3.0,0.15244487056567593,0.15056818181818182,0.1515007146260124,1056.0
4.0,0.37825182101977106,0.3506994693680656,0.3639549436795995,2073.0
accuracy,0.5200630379439932,0.5200630379439932,0.5200630379439932,0.5200630379439932
macro avg,0.38859950727995257,0.3933068592821823,0.3906114485177757,8249.0
weighted avg,0.5089307250523498,0.5200630379439932,0.5140307125170449,8249.0
