,precision,recall,f1-score,support
0.0,0.5377697841726619,0.35259433962264153,0.42592592592592593,848.0
1.0,0.7095459837019791,0.7854381443298969,0.745565749235474,1552.0
2.0,0.4642857142857143,0.7205188679245284,0.5646950092421442,848.0
3.0,0.9033309196234612,0.8038015463917526,0.8506648482782134,3104.0
accuracy,0.7279596977329975,0.7279596977329975,0.7279596977329975,0.7279596977329975
macro avg,0.6537331004459541,0.6655882245672049,0.6467128831704394,6352.0
weighted avg,0.7485670031343512,0.7279596977329975,0.730105208578645,6352.0
