,precision,recall,f1-score,support
0.0,0.6488388458831809,0.6834692364714603,0.6657039711191336,1349.0
1.0,0.9376601195559351,0.563076923076923,0.7036206344120474,1950.0
2.0,0.64578111946533,0.4582098399525785,0.5360610263522886,1687.0
3.0,0.5159306875349358,0.6153333333333333,0.5612648221343872,1500.0
4.0,0.6509475539885412,0.8205555555555556,0.7259768985008601,1800.0
5.0,0.7146960268070848,0.9048484848484849,0.7986092538111794,1650.0
accuracy,0.6729066022544283,0.6729066022544283,0.6729066022544283,0.6729066022544283
macro avg,0.6856423922058346,0.6742488955397227,0.6652061010549827,9936.0
weighted avg,0.6962564067514054,0.6729066022544283,0.6683565584632739,9936.0
