,precision,recall,f1-score,support
0.0,0.8747628083491461,0.900390625,0.8873917228103946,1024.0
1.0,0.944,0.921875,0.9328063241106719,1024.0
2.0,0.8086642599277978,0.65625,0.7245283018867925,1024.0
3.0,0.6221864951768489,0.755859375,0.6825396825396824,1024.0
4.0,0.6094853683148335,0.58984375,0.5995037220843672,1024.0
accuracy,0.76484375,0.76484375,0.76484375,0.76484375
macro avg,0.7718197863537253,0.76484375,0.7653539506863817,5120.0
weighted avg,0.7718197863537253,0.76484375,0.7653539506863817,5120.0
