,precision,recall,f1-score,support
0.0,0.8064516129032258,0.9433962264150944,0.8695652173913043,742.0
1.0,0.8962386511024644,0.7494577006507592,0.8163024217365624,922.0
2.0,0.8956521739130435,0.6897321428571429,0.7793190416141237,896.0
3.0,0.7196180555555556,0.9001085776330076,0.7998070429329475,921.0
accuracy,0.815282964665326,0.815282964665326,0.815282964665326,0.815282964665326
macro avg,0.8294901233685723,0.820673661889001,0.8162484309187344,3481.0
weighted avg,0.8302188193287618,0.815282964665326,0.8137720114831823,3481.0
