,precision,recall,f1-score,support
0.0,0.5792025862068966,0.8711507293354943,0.6957928802588996,1234.0
1.0,0.7406199021207178,0.36761133603238866,0.4913419913419913,1235.0
accuracy,0.6192790603483191,0.6192790603483191,0.6192790603483191,0.6192790603483191
macro avg,0.6599112441638072,0.6193810326839415,0.5935674358004455,2469.0
weighted avg,0.6599439329681639,0.6192790603483191,0.5935260322182427,2469.0
