,precision,recall,f1-score,support
0.0,0.2543859649122807,0.21641791044776118,0.2338709677419355,134.0
1.0,0.23076923076923078,0.313953488372093,0.2660098522167488,86.0
2.0,0.16666666666666666,0.1839080459770115,0.17486338797814208,87.0
3.0,0.2764227642276423,0.2764227642276423,0.2764227642276423,123.0
4.0,0.24468085106382978,0.20175438596491227,0.22115384615384615,114.0
accuracy,0.23713235294117646,0.23713235294117646,0.23713235294117646,0.23713235294117646
macro avg,0.23458509552793005,0.23849131899788403,0.234464163663663,544.0
weighted avg,0.23957259221631624,0.23713235294117646,0.23647097460238342,544.0
