,precision,recall,f1-score,support
0.0,0.9677980852915579,0.969485614646905,0.9686411149825784,1147.0
1.0,0.9696969696969697,0.9680207433016422,0.9688581314878894,1157.0
accuracy,0.96875,0.96875,0.96875,0.96875
macro avg,0.9687475274942638,0.9687531789742736,0.968749623235234,2304.0
weighted avg,0.9687516483371574,0.96875,0.9687500941911915,2304.0
