,precision,recall,f1-score,support
0.0,0.9132947976878613,0.920388349514563,0.9168278529980658,515.0
1.0,0.8674242424242424,0.8841698841698842,0.875717017208413,518.0
2.0,0.8266666666666667,0.8781869688385269,0.8516483516483516,353.0
3.0,0.9371428571428572,0.8770053475935828,0.9060773480662982,561.0
accuracy,0.8906009244992296,0.8906009244992296,0.8906009244992296,0.8906009244992296
macro avg,0.8861321409804069,0.8899376375291392,0.8875676424802822,1947.0
weighted avg,0.8922563197614187,0.8906009244992296,0.8909753567565605,1947.0
