,precision,recall,f1-score,support
0.0,0.8680351906158358,0.8579710144927536,0.8629737609329446,345.0
1.0,0.8,0.8251748251748252,0.8123924268502583,286.0
2.0,0.9385964912280702,0.9184549356223176,0.928416485900217,233.0
accuracy,0.8634259259259259,0.8634259259259259,0.8634259259259259,0.8634259259259259
macro avg,0.868877227281302,0.8672002584299654,0.8679275578944733,864.0
weighted avg,0.8645429666881987,0.8634259259259259,0.8638787301108685,864.0
