,precision,recall,f1-score,support
0.0,0.9932030586236194,0.9778335424508574,0.9854583772391992,2391.0
1.0,0.9754354622599375,0.9918256130790191,0.9835622607520829,2202.0
2.0,0.9897849462365591,0.9897849462365591,0.9897849462365591,1860.0
accuracy,0.9860529986052998,0.9860529986052998,0.9860529986052998,0.9860529986052998
macro avg,0.9861411557067052,0.9864813672554785,0.986268528075947,6453.0
weighted avg,0.9861548738672643,0.9860529986052998,0.9860584345505984,6453.0
