,precision,recall,f1-score,support
0.0,0.9312169312169312,0.8148148148148148,0.8691358024691357,648.0
1.0,0.7939508506616257,0.8045977011494253,0.7992388201712654,522.0
2.0,0.8097643097643098,0.8558718861209964,0.8321799307958476,562.0
3.0,0.7964169381107492,0.8232323232323232,0.8096026490066225,594.0
4.0,0.9018789144050104,0.9452954048140044,0.923076923076923,457.0
accuracy,0.8444125044915559,0.8444125044915559,0.8444125044915559,0.8444125044915559
macro avg,0.8466455888317252,0.8487624260263129,0.8466468251039588,2783.0
weighted avg,0.8473549344888096,0.8444125044915559,0.8447135869898506,2783.0
