,precision,recall,f1-score,support
0.0,0.9123809523809524,0.8903345724907064,0.9012229539040453,538.0
1.0,0.9308641975308642,0.8177874186550976,0.8706697459584295,461.0
2.0,0.7366167023554604,0.8171021377672208,0.7747747747747749,421.0
3.0,0.7427007299270073,0.7621722846441947,0.7523105360443623,534.0
4.0,0.8862275449101796,0.9024390243902439,0.8942598187311178,492.0
accuracy,0.8385118560915781,0.8385118560915781,0.8385118560915781,0.8385118560915781
macro avg,0.8417580254208928,0.8379670875894927,0.8386475658825459,2446.0
weighted avg,0.8433078990233687,0.8385118560915781,0.8397900814925561,2446.0
