,precision,recall,f1-score,support
0.0,0.9978260869565218,0.9978260869565218,0.9978260869565218,460.0
1.0,1.0,1.0,1.0,388.0
2.0,0.9968354430379747,0.9968354430379747,0.9968354430379747,316.0
accuracy,0.9982817869415808,0.9982817869415808,0.9982817869415808,0.9982817869415808
macro avg,0.9982205099981655,0.9982205099981655,0.9982205099981655,1164.0
weighted avg,0.9982817869415808,0.9982817869415808,0.9982817869415808,1164.0
