,precision,recall,f1-score,support
0.0,0.8539741219963032,0.8918918918918919,0.8725212464589236,518.0
1.0,0.8813559322033898,0.8825526137135098,0.8819538670284939,1473.0
2.0,0.5620915032679739,0.5196374622356495,0.5400313971742543,331.0
accuracy,0.8329026701119724,0.8329026701119724,0.8329026701119724,0.8329026701119724
macro avg,0.7658071858225556,0.7646939892803504,0.7648355035538906,2322.0
weighted avg,0.8297365077137715,0.8329026701119724,0.8311087184596779,2322.0
