,precision,recall,f1-score,support
0.0,0.8994082840236687,0.9101796407185628,0.9047619047619048,668.0
1.0,0.9595687331536388,0.9544235924932976,0.9569892473118279,1492.0
accuracy,0.9407407407407408,0.9407407407407408,0.9407407407407408,0.9407407407407408
macro avg,0.9294885085886537,0.9323016166059301,0.9308755760368663,2160.0
weighted avg,0.9409635572189998,0.9407407407407408,0.9408374580417591,2160.0
