,precision,recall,f1-score,support
0.0,0.975457732761979,0.9980071741729772,0.9866036249014972,2509.0
1.0,0.9943820224719101,0.9687255668491008,0.9813861386138613,1279.0
2.0,0.9854897218863361,0.9565727699530516,0.9708159618820725,852.0
accuracy,0.9823275862068965,0.9823275862068965,0.9823275862068965,0.9823275862068965
macro avg,0.9851098257067417,0.9744351703250432,0.9796019084658103,4640.0
weighted avg,0.9825162287259777,0.9823275862068965,0.9822665012259721,4640.0
