,precision,recall,f1-score,support
0.0,0.9940758293838863,0.9948616600790514,0.9944685894903201,2530.0
1.0,0.9893992932862191,0.9925167388735723,0.9909555642941409,2539.0
2.0,0.9389671361502347,0.963855421686747,0.9512485136741974,830.0
3.0,0.9859594383775351,0.9619482496194824,0.9738058551617873,1314.0
accuracy,0.9844724802440039,0.9844724802440039,0.9844724802440039,0.9844724802440039
macro avg,0.9771004242994689,0.9782955175647133,0.9776196306551114,7213.0
weighted avg,0.9846097433838511,0.9844724802440039,0.9844945056405803,7213.0
