,precision,recall,f1-score,support
0.0,0.9797619047619047,0.9755037534571316,0.977628192437141,2531.0
1.0,0.9487583760346866,0.9624150339864055,0.9555379118697898,2501.0
2.0,0.9517684887459807,0.9446808510638298,0.9482114255205553,940.0
3.0,0.9713375796178344,0.9603274559193955,0.9658011399620013,1588.0
accuracy,0.9641534391534392,0.9641534391534392,0.9641534391534392,0.9641534391534392
macro avg,0.9629065872901016,0.9607317736066906,0.9617946674473719,7560.0
weighted avg,0.9642550972578671,0.9641534391534392,0.9641783363616043,7560.0
