,precision,recall,f1-score,support
0.0,0.9034360189573459,0.9633607075173721,0.9324365637419749,1583.0
1.0,0.9273591310251188,0.9242219215155616,0.9257878685191461,1478.0
2.0,0.9357696566998892,0.8382936507936508,0.8843537414965987,1008.0
3.0,0.8809135399673735,0.8881578947368421,0.8845208845208845,608.0
accuracy,0.9142612785973915,0.9142612785973915,0.9142612785973915,0.9142612785973915
macro avg,0.9118695866624319,0.9035085436408566,0.9067747645696511,4677.0
weighted avg,0.9150368312846389,0.9142612785973915,0.9137436004473196,4677.0
