,precision,recall,f1-score,support
0.0,0.9886138613861386,0.973196881091618,0.9808447937131631,2052.0
1.0,0.9817823732151649,0.9808165272995573,0.9812992125984251,2033.0
2.0,0.9780039395929088,0.9890438247011952,0.9834929019478376,3012.0
3.0,0.9888925187847108,0.9888925187847108,0.9888925187847108,3061.0
accuracy,0.9841504233116756,0.9841504233116756,0.9841504233116756,0.9841504233116756
macro avg,0.9843231732447308,0.9829874379692705,0.9836323567610341,10158.0
weighted avg,0.984184590900239,0.9841504233116756,0.984146036284593,10158.0
