,precision,recall,f1-score,support
0.0,0.9695121951219512,0.9900373599003736,0.9796672828096118,803.0
1.0,0.9907834101382489,0.9717514124293786,0.9811751283513975,885.0
accuracy,0.9804502369668247,0.9804502369668247,0.9804502369668247,0.9804502369668247
macro avg,0.9801478026301,0.980894386164876,0.9804212055805046,1688.0
weighted avg,0.9806644612886714,0.9804502369668247,0.980457829790939,1688.0
