,precision,recall,f1-score,support
0.0,0.8065693430656934,0.7985546522131888,0.8025419881979119,1107.0
1.0,0.8815055762081785,0.9085249042145593,0.894811320754717,2088.0
2.0,0.9060963618485742,0.8830857690464782,0.8944430963358408,2087.0
accuracy,0.8754259750094661,0.8754259750094661,0.8754259750094661,0.8754259750094661
macro avg,0.8647237603741488,0.8633884418247421,0.8639321350961566,5282.0
weighted avg,0.8755166628311952,0.8754259750094661,0.8753280501181063,5282.0
