,precision,recall,f1-score,support
0.0,0.9457593688362919,1.0,0.9721236695387734,959.0
1.0,0.9917355371900827,0.9775967413441955,0.9846153846153847,1473.0
2.0,0.9898558462359851,0.9722076560041951,0.980952380952381,1907.0
accuracy,0.9801797649227932,0.9801797649227932,0.9801797649227932,0.9801797649227932
macro avg,0.9757835840874532,0.9832681324494635,0.9792304783688465,4339.0
weighted avg,0.9807478174157686,0.9801797649227932,0.9802445842595842,4339.0
