,precision,recall,f1-score,support
0.0,0.8951310861423221,0.8385964912280702,0.8659420289855072,285.0
1.0,0.8832116788321168,0.8642857142857143,0.8736462093862816,280.0
2.0,0.7086092715231788,0.7379310344827587,0.722972972972973,290.0
3.0,0.7766990291262136,0.8080808080808081,0.792079207920792,297.0
accuracy,0.8116319444444444,0.8116319444444444,0.8116319444444444,0.8116319444444444
macro avg,0.8159127664059578,0.8122235120193377,0.8136601048163885,1152.0
weighted avg,0.814746467027571,0.8116319444444444,0.8127813401073488,1152.0
