,precision,recall,f1-score,support
0.0,0.9854215918045706,0.9842581660763479,0.9848395353416027,2541.0
1.0,0.9653815892997639,0.9757455268389662,0.9705358908443742,2515.0
2.0,0.990449661758854,0.9810800157666535,0.9857425742574256,2537.0
accuracy,0.9803766627156592,0.9803766627156592,0.9803766627156592,0.9803766627156592
macro avg,0.9804176142877296,0.9803612362273224,0.9803726668144676,7593.0
weighted avg,0.9804638158496685,0.9803766627156592,0.9804035210941263,7593.0
