,precision,recall,f1-score,support
0.0,0.9282136894824707,0.9644405897658282,0.9459804338579327,1153.0
1.0,0.9362068965517242,0.9585172109443955,0.9472307021369385,1133.0
2.0,0.9716376944190301,0.9210754553339116,0.9456812110418522,1153.0
3.0,0.9609419873635842,0.9681712962962963,0.9645430959930815,1728.0
4.0,0.978386167146974,0.9443671766342142,0.9610757254069356,719.0
accuracy,0.9534488617057424,0.9534488617057424,0.9534488617057424,0.9534488617057424
macro avg,0.9550772869927566,0.9513143457949292,0.9529022336873482,5886.0
weighted avg,0.9539956622110909,0.9534488617057424,0.9534560276136993,5886.0
