,precision,recall,f1-score,support
0.0,0.9527777777777777,0.98,0.9661971830985915,350.0
1.0,0.9902097902097902,0.976551724137931,0.9833333333333332,725.0
accuracy,0.9776744186046512,0.9776744186046512,0.9776744186046512,0.9776744186046512
macro avg,0.9714937839937839,0.9782758620689656,0.9747652582159623,1075.0
weighted avg,0.9780226233714605,0.9776744186046512,0.9777541216289988,1075.0
