,precision,recall,f1-score,support
0.0,0.8931082981715893,0.9202898550724637,0.9064953604568167,690.0
1.0,0.9449244060475162,0.9521218715995647,0.9485094850948509,919.0
2.0,0.8887343532684284,0.9260869565217391,0.9070262597586942,690.0
3.0,0.9671052631578947,0.9238020424194815,0.9449578143832864,1273.0
accuracy,0.9308510638297872,0.9308510638297872,0.9308510638297872,0.9308510638297872
macro avg,0.9234680801613571,0.9305751814033123,0.9267472299234121,3572.0
weighted avg,0.9319658338889361,0.9308510638297872,0.9311146227493825,3572.0
