,precision,recall,f1-score,support
0.0,0.872173058013766,0.8756169792694966,0.8738916256157636,1013.0
1.0,0.9401960784313725,0.963819095477387,0.9518610421836228,995.0
2.0,0.889564336372847,0.8641732283464567,0.8766849725411883,1016.0
accuracy,0.9007936507936508,0.9007936507936508,0.9007936507936508,0.9007936507936508
macro avg,0.9006444909393285,0.9012031010311133,0.9008125467801916,3024.0
weighted avg,0.9003980726064728,0.9007936507936508,0.9004847506029499,3024.0
