,precision,recall,f1-score,support
0.0,0.5638297872340425,0.5584826132771338,0.5611434621492853,949.0
1.0,0.7771191464137522,0.7530155083285468,0.76487747957993,1741.0
2.0,0.739514348785872,0.7067510548523207,0.7227615965480044,948.0
3.0,0.9222252975366731,0.9498289623717218,0.9358236202780508,3508.0
accuracy,0.8176602294990204,0.8176602294990204,0.8176602294990204,0.8176602294990204
macro avg,0.7506721449925849,0.7420195347074308,0.7461515396388176,7146.0
weighted avg,0.8150384618526596,0.8176602294990204,0.8161522657418472,7146.0
