,precision,recall,f1-score,support
0.0,0.7187910643889619,0.6863237139272271,0.7021822849807445,797.0
1.0,0.6836236933797909,0.6280409731113956,0.6546546546546546,1562.0
2.0,0.9627565982404692,0.9655882352941176,0.9641703377386197,3400.0
3.0,0.5745614035087719,0.6610597140454163,0.6147829487680876,1189.0
4.0,0.6757693974859125,0.6682383197599657,0.6719827586206897,2333.0
accuracy,0.7710376037064971,0.7710376037064971,0.7710376037064971,0.7710376037064971
macro avg,0.7231004314007813,0.7218501912276245,0.7215545969525592,9281.0
weighted avg,0.7729547068744095,0.7710376037064971,0.7713718028185386,9281.0
