,precision,recall,f1-score,support
0.0,0.9906417112299465,0.9814569536423841,0.9860279441117765,755.0
1.0,0.981675392670157,0.9907529722589168,0.9861932938856015,757.0
accuracy,0.9861111111111112,0.9861111111111112,0.9861111111111112,0.9861111111111112
macro avg,0.9861585519500518,0.9861049629506504,0.986110618998689,1512.0
weighted avg,0.9861526218451842,0.9861111111111112,0.986110728357005,1512.0
