,precision,recall,f1-score,support
0.0,0.9069912609238452,0.957811470006592,0.9317088810516191,1517.0
1.0,0.968261269549218,0.943100358422939,0.9555152065365411,2232.0
2.0,0.8951653944020356,0.9371337240277038,0.9156689224362311,1877.0
3.0,0.9297900262467191,0.8454653937947494,0.885625,1676.0
4.0,0.9776785714285714,0.9801093983092989,0.9788924757884282,2011.0
5.0,0.9541381128096995,0.9705093833780161,0.9622541201488569,1865.0
accuracy,0.9406870638754696,0.9406870638754696,0.9406870638754696,0.9406870638754696
macro avg,0.9386707725600149,0.9390216213232166,0.9382774343269461,11178.0
weighted avg,0.9412415112963318,0.9406870638754696,0.9404443624839701,11178.0
