,precision,recall,f1-score,support
0.0,0.36363636363636365,0.3198757763975155,0.34035522511358945,1288.0
1.0,0.5779517286366601,0.43559488692232057,0.49677600224278107,2034.0
2.0,0.6152885335998002,0.7358828801912161,0.6702040816326531,3347.0
accuracy,0.5639526165841955,0.5639526165841955,0.5639526165841955,0.5639526165841955
macro avg,0.5189588752909413,0.49711784783701735,0.5024451029963412,6669.0
weighted avg,0.5552988715503275,0.5639526165841955,0.5536051851450907,6669.0
