,precision,recall,f1-score,support
0.0,0.6698717948717948,0.7359154929577465,0.7013422818791947,284.0
1.0,0.8112429087158329,0.8033707865168539,0.8072876571721836,1958.0
2.0,0.697754749568221,0.7746883988494727,0.7342117219445706,1043.0
3.0,0.7696335078534031,0.4666666666666667,0.5810276679841897,315.0
accuracy,0.7602777777777778,0.7602777777777778,0.7602777777777778,0.7602777777777778
macro avg,0.7371257402523129,0.695160336247685,0.7059673322450346,3600.0
weighted avg,0.7635694343840741,0.7602777777777778,0.7579602728333427,3600.0
