,precision,recall,f1-score,support
0.0,0.6292749658002736,0.6562054208273894,0.6424581005586593,701.0
1.0,0.8974236641221374,0.8608695652173913,0.8787666433076383,2185.0
2.0,0.7364685004436557,0.7988450433108758,0.7663896583564174,1039.0
3.0,0.8554633471645919,0.8386440677966102,0.8469702156795618,1475.0
accuracy,0.8162962962962963,0.8162962962962963,0.8162962962962963,0.8162962962962963
macro avg,0.7796576193826646,0.7886410242880667,0.7836461544755693,5400.0
weighted avg,0.8201836418817766,0.8162962962962963,0.8177829939404593,5400.0
