,precision,recall,f1-score,support
0.0,0.9541984732824428,0.9750390015600624,0.9645061728395062,641.0
1.0,0.9827027027027027,0.9680511182108626,0.9753218884120172,939.0
accuracy,0.970886075949367,0.970886075949367,0.970886075949367,0.970886075949367
macro avg,0.9684505879925727,0.9715450598854625,0.9699140306257616,1580.0
weighted avg,0.9711386450708123,0.970886075949367,0.9709339936765872,1580.0
