,precision,recall,f1-score,support
0.0,0.7252358490566038,0.8447802197802198,0.7804568527918782,728.0
1.0,0.745275888133031,0.7631578947368421,0.754110898661568,1292.0
2.0,0.7194928684627575,0.6253443526170799,0.6691230655858511,726.0
3.0,0.8780870246961976,0.8592251630226314,0.8685537029856534,2607.0
accuracy,0.8023538202876892,0.8023538202876892,0.8023538202876892,0.8023538202876892
macro avg,0.7670229075871475,0.7731269075391933,0.7680611300062377,5353.0
weighted avg,0.8037348853853975,0.8023538202876892,0.8019029925653203,5353.0
