,precision,recall,f1-score,support
0.0,0.9468085106382979,0.967391304347826,0.956989247311828,828.0
1.0,0.9106976744186046,0.944069431051109,0.9270833333333333,1037.0
2.0,0.9299492385786802,0.9078295341922695,0.9187562688064193,1009.0
3.0,0.933728981206726,0.9050814956855225,0.9191820837390458,1043.0
accuracy,0.9292826142455961,0.9292826142455961,0.9292826142455961,0.9292826142455961
macro avg,0.9302961012105772,0.9310929413191817,0.9305027332976565,3917.0
weighted avg,0.9294227838409771,0.9292826142455961,0.9291561148854638,3917.0
