,precision,recall,f1-score,support
0.0,0.9805013927576601,0.9929478138222849,0.9866853538892781,709.0
1.0,0.9175257731958762,0.9866962305986696,0.9508547008547008,451.0
2.0,0.8844765342960289,0.9210526315789473,0.9023941068139962,266.0
3.0,0.9909502262443439,0.7963636363636364,0.8830645161290323,275.0
accuracy,0.9482657260435038,0.9482657260435038,0.9482657260435038,0.9482657260435038
macro avg,0.9433634816234773,0.9242650780908845,0.9307496694217519,1701.0
weighted avg,0.9504771790220221,0.9482657260435038,0.9472515933809378,1701.0
