,precision,recall,f1-score,support
0.0,0.9772079772079773,1.0,0.9884726224783863,686.0
1.0,0.9922958397534669,0.9640718562874252,0.9779802581624905,668.0
2.0,0.911976911976912,0.9561270801815431,0.9335302806499262,661.0
3.0,0.8715328467153285,0.8805309734513275,0.876008804108584,678.0
4.0,0.8606811145510835,0.8152492668621701,0.8373493975903615,682.0
accuracy,0.922962962962963,0.922962962962963,0.922962962962963,0.922962962962963
macro avg,0.9227389380409537,0.9231958353564931,0.9226682725979496,3375.0
weighted avg,0.9226426140247582,0.922962962962963,0.9225045349109819,3375.0
