,precision,recall,f1-score,support
0.0,0.9772241992882562,0.9884809215262779,0.9828203292770221,1389.0
1.0,0.9883466860888566,0.9769618430525558,0.9826212889210717,1389.0
accuracy,0.9827213822894169,0.9827213822894169,0.9827213822894169,0.9827213822894169
macro avg,0.9827854426885564,0.9827213822894169,0.9827208090990469,2778.0
weighted avg,0.9827854426885565,0.9827213822894169,0.982720809099047,2778.0
