,precision,recall,f1-score,support
0.0,0.9901140684410646,0.9977011494252873,0.9938931297709924,1305.0
1.0,0.9901290812452543,0.9609432571849669,0.9753178758414361,1357.0
2.0,0.9779033915724563,0.9932150313152401,0.9854997410668048,1916.0
accuracy,0.9849279161205766,0.9849279161205766,0.9849279161205766,0.9849279161205766
macro avg,0.9860488470862584,0.9839531459751648,0.9849035822264112,4578.0
weighted avg,0.9850080648357854,0.9849279161205766,0.9848742673114836,4578.0
