,precision,recall,f1-score,support
0.0,0.7107652399481194,0.6744615384615384,0.6921376697189768,1625.0
1.0,0.9059649122807018,0.8971507991660875,0.9015363128491619,1439.0
2.0,0.6984126984126984,0.7275341480948958,0.7126760563380282,1391.0
3.0,0.5574324324324325,0.5670103092783505,0.5621805792163543,1455.0
4.0,0.7176949941792782,0.7235915492957746,0.7206312098188195,1704.0
accuracy,0.7167060677698975,0.7167060677698975,0.7167060677698975,0.7167060677698975
macro avg,0.718054055450646,0.7179496688593294,0.717832365588268,7614.0
weighted avg,0.717649795961435,0.7167060677698975,0.7170075106567562,7614.0
