,precision,recall,f1-score,support
0.0,0.8125,0.78,0.7959183673469388,550.0
1.0,0.7801268498942917,0.7784810126582279,0.7793030623020064,474.0
2.0,0.8076923076923077,0.7164179104477612,0.759322033898305,469.0
3.0,0.6512027491408935,0.791231732776618,0.7144203581526862,479.0
4.0,0.7323420074349443,0.6973451327433628,0.7144152311876701,565.0
accuracy,0.7516752069373276,0.7516752069373276,0.7516752069373276,0.7516752069373276
macro avg,0.7567727828324874,0.7526951577251939,0.7526758105775213,2537.0
weighted avg,0.7572574577046978,0.7516752069373276,0.7525103447561856,2537.0
