,precision,recall,f1-score,support
0.0,0.7650727650727651,0.6690909090909091,0.7138700290979633,550.0
1.0,0.8240917782026769,0.9092827004219409,0.8645937813440321,474.0
2.0,0.5684410646387833,0.6375266524520256,0.6010050251256283,469.0
3.0,0.6288888888888889,0.5908141962421712,0.6092572658772875,479.0
4.0,0.9299820466786356,0.9168141592920354,0.9233511586452763,565.0
accuracy,0.7485218762317698,0.7485218762317698,0.7485218762317698,0.7485218762317698
macro avg,0.74329530869635,0.7447057234998165,0.7424154520180376,2537.0
weighted avg,0.7507631127807987,0.7485218762317698,0.7480665983975847,2537.0
