,precision,recall,f1-score,support
0.0,0.8467908902691511,0.7436363636363637,0.791868344627299,550.0
1.0,0.9096774193548387,0.8924050632911392,0.9009584664536742,474.0
2.0,0.7388392857142857,0.7057569296375267,0.7219193020719739,469.0
3.0,0.6866438356164384,0.837160751565762,0.7544684854186265,479.0
4.0,0.8186714542190305,0.8070796460176991,0.8128342245989304,565.0
accuracy,0.7962160031533307,0.7962160031533307,0.7962160031533307,0.7962160031533307
macro avg,0.8001245770347488,0.7972077508296981,0.7964097646341008,2537.0
weighted avg,0.8020849350872105,0.7962160031533307,0.7969269991051359,2537.0
