,precision,recall,f1-score,support
0.0,0.8948504471168671,0.883947608894304,0.8893656144652161,6566.0
1.0,0.9034342922316563,0.9126872359493022,0.9080371927143039,7811.0
accuracy,0.8995618000973777,0.8995618000973777,0.8995618000973777,0.8995618000973777
macro avg,0.8991423696742618,0.8983174224218031,0.89870140358976,14377.0
weighted avg,0.899514035778731,0.8995618000973777,0.8995098516289933,14377.0
