,precision,recall,f1-score,support
0.0,0.9242144177449169,0.9861932938856016,0.9541984732824428,507.0
1.0,0.9391534391534392,0.8964646464646465,0.9173126614987082,396.0
2.0,0.8252427184466019,0.8629441624365483,0.8436724565756824,197.0
3.0,0.958041958041958,0.8154761904761905,0.8810289389067524,168.0
accuracy,0.916403785488959,0.916403785488959,0.916403785488959,0.916403785488959
macro avg,0.911663133346729,0.8902695733157466,0.8990531325658965,1268.0
weighted avg,0.9179852809041517,0.916403785488959,0.9158129145027056,1268.0
