,precision,recall,f1-score,support
0.0,0.9617083946980854,0.9717261904761905,0.9666913397483345,672.0
1.0,0.9719350073855244,0.9619883040935673,0.9669360764144013,684.0
accuracy,0.9668141592920354,0.9668141592920354,0.9668141592920354,0.9668141592920354
macro avg,0.966821701041805,0.9668572472848789,0.9668137080813679,1356.0
weighted avg,0.9668669515404219,0.9668141592920354,0.9668147909869701,1356.0
