,precision,recall,f1-score,support
0.0,0.9093484419263456,0.9469026548672567,0.9277456647398843,339.0
1.0,0.8716216216216216,0.9148936170212766,0.8927335640138409,282.0
2.0,0.9674418604651163,0.8559670781893004,0.9082969432314411,243.0
accuracy,0.9108796296296297,0.9108796296296297,0.9108796296296297,0.9108796296296297
macro avg,0.9161373080043612,0.9059211166926112,0.9095920573283887,864.0
weighted avg,0.9133736009298052,0.9108796296296297,0.9108481511619955,864.0
