,precision,recall,f1-score,support
0.0,0.8484848484848485,0.8270042194092827,0.8376068376068376,474.0
1.0,0.7097844112769486,0.7521968365553603,0.7303754266211604,569.0
2.0,0.7300319488817891,0.7491803278688525,0.7394822006472492,610.0
3.0,0.9145299145299145,0.8508946322067594,0.8815653964984552,503.0
4.0,0.8865131578947368,0.8821603927986906,0.8843314191960623,611.0
accuracy,0.8109866281170943,0.8109866281170943,0.8109866281170943,0.8109866281170943
macro avg,0.8178688562136476,0.8122872817677891,0.814672256113953,2767.0
weighted avg,0.8142525202379923,0.8109866281170943,0.8122324874360031,2767.0
