,precision,recall,f1-score,support
0.0,0.9525773195876288,0.8587360594795539,0.9032258064516129,538.0
1.0,0.85625,0.8934782608695652,0.874468085106383,460.0
2.0,0.8206896551724138,0.8479809976247031,0.8341121495327103,421.0
3.0,0.8433962264150944,0.8418079096045198,0.8426013195098963,531.0
4.0,0.8953488372093024,0.9314516129032258,0.9130434782608696,496.0
accuracy,0.8744889615699101,0.8744889615699101,0.8744889615699101,0.8744889615699101
macro avg,0.8736524076768879,0.8746909680963135,0.8734901677722945,2446.0
weighted avg,0.876454767885511,0.8744889615699101,0.8747517922527887,2446.0
