,precision,recall,f1-score,support
0.0,0.8167155425219942,0.8757861635220126,0.8452200303490136,636.0
1.0,0.8574610244988864,0.7333333333333333,0.7905544147843943,525.0
2.0,0.8152985074626866,0.7586805555555556,0.7859712230215828,576.0
3.0,0.7725118483412322,0.8402061855670103,0.8049382716049382,582.0
4.0,0.927536231884058,0.9655172413793104,0.9461457233368532,464.0
accuracy,0.832195472511678,0.832195472511678,0.832195472511678,0.832195472511678
macro avg,0.8379046309417715,0.8347046958714444,0.8345659326193564,2783.0
weighted avg,0.8333412757934643,0.832195472511678,0.831047833714188,2783.0
