,precision,recall,f1-score,support
0.0,0.9676724137931034,1.0,0.9835706462212486,449.0
1.0,0.9949109414758269,0.9974489795918368,0.9961783439490446,392.0
2.0,1.0,0.9504643962848297,0.9746031746031747,323.0
accuracy,0.9853951890034365,0.9853951890034365,0.9853951890034365,0.9853951890034365
macro avg,0.9875277850896435,0.9826377919588888,0.9847840549244893,1164.0
weighted avg,0.9858161536526011,0.9853951890034365,0.9853281412183775,1164.0
