,precision,recall,f1-score,support
0.0,0.8073217726396917,0.8042226487523992,0.8057692307692308,521.0
1.0,0.866622864651774,0.8978897208985704,0.8819792711467735,1469.0
2.0,0.5480427046263345,0.463855421686747,0.502446982055465,332.0
accuracy,0.8148148148148148,0.8148148148148148,0.8148148148148148,0.8148148148148148
macro avg,0.7406624473059334,0.7219892637792388,0.730065161323823,2322.0
weighted avg,0.807766498559293,0.8148148148148148,0.810614003698447,2322.0
