,precision,recall,f1-score,support
0.0,0.9825378346915018,0.9980291683090264,0.9902229174814235,2537.0
1.0,0.9944,0.985725614591594,0.9900438072481084,1261.0
2.0,0.998769987699877,0.9643705463182898,0.9812688821752267,842.0
accuracy,0.9885775862068965,0.9885775862068965,0.9885775862068965,0.9885775862068965
macro avg,0.991902607463793,0.9827084430729701,0.9871785356349195,4640.0
weighted avg,0.9887071586757836,0.9885775862068965,0.9885493925391761,4640.0
