,precision,recall,f1-score,support
0.0,0.9972430090586846,0.9972430090586846,0.9972430090586846,2539.0
1.0,0.979264475743349,0.98893717898064,0.9840770591704345,2531.0
2.0,0.9506024096385542,0.9326241134751773,0.9415274463007159,846.0
3.0,0.9836956521739131,0.976869699306091,0.9802707930367505,1297.0
accuracy,0.9830860945515042,0.9830860945515042,0.9830860945515042,0.9830860945515042
macro avg,0.9777013866536252,0.9739185002051483,0.9757795768916463,7213.0
weighted avg,0.9830280448537639,0.9830860945515042,0.9830365277830918,7213.0
