,precision,recall,f1-score,support
0.0,0.9422835633626098,0.9518377693282636,0.9470365699873896,1578.0
1.0,0.9250663129973474,0.9393939393939394,0.9321750751754093,1485.0
2.0,0.913946587537092,0.924924924924925,0.9194029850746268,999.0
3.0,0.9397163120567376,0.8617886178861789,0.899067005937235,615.0
accuracy,0.930297199059226,0.930297199059226,0.930297199059226,0.930297199059226
macro avg,0.9302531939884466,0.9194863128833267,0.9244204090436652,4677.0
weighted avg,0.9304265791429778,0.930297199059226,0.9301076512329559,4677.0
