,precision,recall,f1-score,support
0.0,0.968937875751503,0.9522402757262433,0.960516513533648,2031.0
1.0,0.9547244094488189,0.9575518262586377,0.9561360275998028,2026.0
2.0,0.9641588634162093,0.9761359921542988,0.9701104613385315,3059.0
3.0,0.9690075832509067,0.9661406969099277,0.9675720164609053,3042.0
accuracy,0.9646583973223075,0.9646583973223075,0.9646583973223075,0.9646583973223075
macro avg,0.9642071829668595,0.9630171977622769,0.9635837547332219,10158.0
weighted avg,0.9646847322931731,0.9646583973223075,0.9646448716492108,10158.0
