,precision,recall,f1-score,support
0.0,0.823199251637044,0.7978241160471442,0.8103130755064457,1103.0
1.0,0.8608058608058609,0.8965188364329996,0.8782994627423499,2097.0
2.0,0.917200591424347,0.8938520653218059,0.9053758209681342,2082.0
accuracy,0.874858008330178,0.874858008330178,0.874858008330178,0.874858008330178
macro avg,0.8670685679557506,0.86273167260065,0.8646627864056433,5282.0
weighted avg,0.8751818053788415,0.874858008330178,0.8747750387940124,5282.0
