,precision,recall,f1-score,support
0.0,0.639618138424821,0.9305555555555556,0.7581329561527581,288.0
1.0,0.8977777777777778,0.73992673992674,0.8112449799196788,273.0
2.0,0.6293929712460063,0.6746575342465754,0.6512396694214876,292.0
3.0,0.6512820512820513,0.42474916387959866,0.5141700404858299,299.0
accuracy,0.6892361111111112,0.6892361111111112,0.6892361111111112,0.6892361111111112
macro avg,0.7045177346826641,0.6924722484021174,0.6836969114949386,1152.0
weighted avg,0.7012321511604591,0.6892361111111112,0.6803046844326425,1152.0
