,precision,recall,f1-score,support
0.0,0.9315068493150684,0.9418282548476454,0.9366391184573002,722.0
1.0,0.9415041782729805,0.931129476584022,0.9362880886426592,726.0
accuracy,0.93646408839779,0.93646408839779,0.93646408839779,0.93646408839779
macro avg,0.9365055137940245,0.9364788657158337,0.9364636035499797,1448.0
weighted avg,0.936519322259436,0.93646408839779,0.9364631187021694,1448.0
