,precision,recall,f1-score,support
0.0,0.9857142857142858,0.9741176470588235,0.9798816568047337,2550.0
1.0,0.965571824297586,0.9744408945686901,0.9699860862651559,2504.0
2.0,0.9874312647289867,0.9901536037810161,0.9887905604719764,2539.0
accuracy,0.9795864612142763,0.9795864612142763,0.9795864612142763,0.9795864612142763
macro avg,0.9795724582469528,0.9795707151361767,0.9795527678472887,7593.0
weighted avg,0.9796458919741184,0.9795864612142763,0.9795973420121651,7593.0
