,precision,recall,f1-score,support
0.0,0.9463696369636964,0.9870912220309811,0.9663016006739681,1162.0
1.0,0.9735883424408015,0.9328097731239092,0.9527629233511586,1146.0
2.0,0.9726390114739629,0.9599303135888502,0.9662428759316088,1148.0
3.0,0.9693757361601885,0.9676660787771899,0.9685201529861724,1701.0
4.0,0.9530201342281879,0.9739368998628258,0.9633649932157394,729.0
accuracy,0.963982330954808,0.963982330954808,0.963982330954808,0.963982330954808
macro avg,0.9629985722533675,0.9642868574767511,0.9634385092317295,5886.0
weighted avg,0.9642648910672634,0.963982330954808,0.9639316092417295,5886.0
