,precision,recall,f1-score,support
0.0,0.8904299583911235,0.9331395348837209,0.9112845990063875,688.0
1.0,0.9441401971522454,0.9431072210065645,0.9436234263820471,914.0
2.0,0.9320809248554913,0.9267241379310345,0.9293948126801153,696.0
3.0,0.9301765650080257,0.9097331240188383,0.9198412698412698,1274.0
accuracy,0.9260918253079508,0.9260918253079508,0.9260918253079508,0.9260918253079508
macro avg,0.9242069113517215,0.9281760044600397,0.9260360269774549,3572.0
weighted avg,0.9264650669344602,0.9260918253079508,0.9261400289005386,3572.0
