,precision,recall,f1-score,support
0.0,0.9598825831702544,0.981,0.9703264094955488,1000.0
1.0,0.9949647532729103,0.9762845849802372,0.9855361596009975,1012.0
2.0,0.9663032705649157,0.9634387351778656,0.9648688767936664,1012.0
accuracy,0.9735449735449735,0.9735449735449735,0.9735449735449735,0.9735449735449735
macro avg,0.9737168690026935,0.973574440052701,0.9735771486300709,3024.0
weighted avg,0.9737717669623459,0.9735449735449735,0.9735900483885412,3024.0
