,precision,recall,f1-score,support
0.0,0.6703296703296703,0.6836861768368617,0.6769420468557336,803.0
1.0,0.5577536694320357,0.5679012345679012,0.5627817128139085,1539.0
2.0,0.9712507409602845,0.9548368298368298,0.962973846605936,3432.0
3.0,0.5428571428571428,0.5777027027027027,0.5597381342062193,1184.0
4.0,0.670499778858912,0.65260439087387,0.6614310645724258,2323.0
accuracy,0.7434543691412563,0.7434543691412563,0.7434543691412563,0.7434543691412563
macro avg,0.682538200487609,0.687346266963633,0.6847733610108446,9281.0
weighted avg,0.7467195354960063,0.7434543691412563,0.7449483972739189,9281.0
