,precision,recall,f1-score,support
0.0,0.6986951364175563,0.62,0.6569994422755159,950.0
1.0,0.81640625,0.8398392652123995,0.8279569892473118,1742.0
2.0,0.7366296670030272,0.7580477673935618,0.7471852610030706,963.0
3.0,0.9332386363636364,0.9409911200229161,0.9370988446726572,3491.0
accuracy,0.8490064371676462,0.8490064371676462,0.8490064371676462,0.8490064371676462
macro avg,0.7962424224460549,0.7897195381572193,0.7923101342996389,7146.0
weighted avg,0.8470823559986074,0.8490064371676462,0.8476633107373022,7146.0
