,precision,recall,f1-score,support
0.0,0.8191964285714286,0.9702577660277594,0.8883509833585477,1513.0
1.0,0.9566682715454983,0.9077204202832344,0.9315518049695265,2189.0
2.0,0.9210816777041942,0.8715404699738903,0.8956265092567749,1915.0
3.0,0.886968085106383,0.7964179104477612,0.8392576281849637,1675.0
4.0,0.9778325123152709,0.9783144406111385,0.9780734170978074,2029.0
5.0,0.9057564951604686,0.9574582660204631,0.930890052356021,1857.0
accuracy,0.9143853998926462,0.9143853998926462,0.9143853998926462,0.9143853998926462
macro avg,0.9112505784005406,0.9136182122273745,0.9106250658706068,11178.0
weighted avg,0.9169033796027077,0.9143853998926462,0.9140541261274734,11178.0
