,precision,recall,f1-score,support
0.0,0.7982551799345693,0.912718204488778,0.8516579406631761,802.0
1.0,0.8211624441132638,0.7905308464849354,0.8055555555555556,697.0
2.0,0.8661971830985915,0.6595174262734584,0.7488584474885844,373.0
accuracy,0.8167735042735043,0.8167735042735043,0.8167735042735043,0.8167735042735043
macro avg,0.8285382690488081,0.7875888257490574,0.802023981235772,1872.0
weighted avg,0.8203218093751304,0.8167735042735043,0.8140096642881046,1872.0
