,precision,recall,f1-score,support
0.0,0.8050221565731167,0.8397534668721109,0.8220211161387633,649.0
1.0,0.850996015936255,0.8592115848753017,0.8550840672538031,1243.0
2.0,0.9430455635491607,0.9209601873536299,0.9318720379146919,1708.0
accuracy,0.885,0.885,0.885,0.885
macro avg,0.8663545786861775,0.8733084130336808,0.869659073769086,3600.0
weighted avg,0.8863803472129679,0.885,0.88555517798023,3600.0
