,precision,recall,f1-score,support
0.0,0.6134868421052632,0.5253521126760563,0.566009104704097,710.0
1.0,0.8479120879120879,0.8824336688014639,0.8648285137861467,2186.0
2.0,0.7397129186602871,0.7397129186602871,0.739712918660287,1045.0
3.0,0.813858695652174,0.8211103495544894,0.817468440805186,1459.0
accuracy,0.7912962962962963,0.7912962962962963,0.7912962962962963,0.7912962962962963
macro avg,0.7537426360824531,0.7421522624230741,0.7470047444889292,5400.0
weighted avg,0.7869502442642745,0.7912962962962963,0.7885311204835541,5400.0
