,precision,recall,f1-score,support
0.0,0.9815789473684211,0.961340206185567,0.9713541666666667,1164.0
1.0,0.9601694915254237,0.9852173913043478,0.9725321888412017,1150.0
2.0,0.9636992221261884,0.9645328719723183,0.9641158668396023,1156.0
3.0,0.930316742081448,0.9065255731922398,0.9182670835194282,1134.0
4.0,0.9490662139219015,0.967128027681661,0.9580119965724079,1156.0
accuracy,0.9571180555555555,0.9571180555555555,0.9571180555555555,0.9571180555555555
macro avg,0.9569661234046766,0.9569488140672269,0.9568562604878613,5760.0
weighted avg,0.9570987568720546,0.9571180555555555,0.9570074565942183,5760.0
