,precision,recall,f1-score,support
0.0,0.7955555555555556,0.9649595687331537,0.8721071863580998,371.0
1.0,0.9839506172839506,0.8965129358830146,0.9381989405532666,889.0
accuracy,0.9166666666666666,0.9166666666666666,0.9166666666666666,0.9166666666666666
macro avg,0.8897530864197531,0.9307362523080842,0.9051530634556832,1260.0
weighted avg,0.9284787379972564,0.9166666666666666,0.9187385907069119,1260.0
