,precision,recall,f1-score,support
0.0,0.6818897637795276,0.5899182561307902,0.6325785244704163,734.0
1.0,0.6445868945868946,0.699922660479505,0.671116054875788,1293.0
2.0,0.6039603960396039,0.5841313269493844,0.5938803894297636,731.0
3.0,0.8158803222094362,0.8196531791907514,0.8177623990772779,2595.0
accuracy,0.7270689333084251,0.7270689333084251,0.7270689333084251,0.7270689333084251
macro avg,0.6865793441538657,0.6734063556876078,0.6788343419633115,5353.0
weighted avg,0.7271926820387569,0.7270689333084251,0.7263750581345737,5353.0
