,precision,recall,f1-score,support
0.0,0.8816503800217155,0.9830508474576272,0.929593589009731,826.0
1.0,0.9745676500508647,0.9310009718172984,0.9522862823061631,1029.0
2.0,0.9414838035527691,0.8903162055335968,0.915185373285932,1012.0
3.0,0.9346590909090909,0.94,0.9373219373219374,1050.0
accuracy,0.9338779678325249,0.9338779678325249,0.9338779678325249,0.9338779678325249
macro avg,0.93309023113361,0.9360920062021305,0.9335967954809409,3917.0
weighted avg,0.9357281032550994,0.9338779678325249,0.9339041411714263,3917.0
