,precision,recall,f1-score,support
0.0,0.9971139971139971,0.9637377963737797,0.9801418439716313,717.0
1.0,0.9455445544554455,0.8721461187214612,0.9073634204275534,438.0
2.0,0.8130841121495327,0.9961832061068703,0.895368782161235,262.0
3.0,1.0,0.9964788732394366,0.998236331569665,284.0
accuracy,0.9506172839506173,0.9506172839506173,0.9506172839506173,0.9506172839506173
macro avg,0.9389356659297439,0.9571364986103869,0.9452775945325212,1701.0
weighted avg,0.9559713628250432,0.9506172839506173,0.9513654434843953,1701.0
