,precision,recall,f1-score,support
0.0,0.9839883551673945,1.0,0.991929567131328,676.0
1.0,0.9493487698986975,0.984984984984985,0.9668386145910096,666.0
2.0,0.9401197604790419,0.9276218611521418,0.9338289962825279,677.0
3.0,0.9142011834319527,0.9210134128166915,0.9175946547884186,671.0
4.0,0.9096477794793262,0.8671532846715329,0.8878923766816142,685.0
accuracy,0.9398518518518518,0.9398518518518518,0.9398518518518518,0.9398518518518518
macro avg,0.9394611696912826,0.9401547087250701,0.9396168418949795,3375.0
weighted avg,0.9393899880640538,0.9398518518518518,0.939429163428621,3375.0
