,precision,recall,f1-score,support
0.0,0.9394812680115274,0.9421965317919075,0.9408369408369409,1384.0
1.0,0.9424460431654677,0.93974175035868,0.9410919540229884,1394.0
accuracy,0.9409647228221742,0.9409647228221742,0.9409647228221742,0.9409647228221742
macro avg,0.9409636555884975,0.9409691410752938,0.9409644474299647,2778.0
weighted avg,0.9409689917568811,0.9409647228221742,0.9409649064169806,2778.0
