,precision,recall,f1-score,support
0.0,0.9923605805958747,1.0,0.9961656441717792,1299.0
1.0,0.9947565543071161,0.9779086892488954,0.9862606758262161,1358.0
2.0,0.9881075491209927,0.9947943779281624,0.9914396887159532,1921.0
accuracy,0.9912625600698995,0.9912625600698995,0.9912625600698995,0.9912625600698995
macro avg,0.9917415613413278,0.9909010223923526,0.9912886695713162,4578.0
weighted avg,0.9912866747061013,0.9912625600698995,0.9912443887231299,4578.0
