,precision,recall,f1-score,support
0.0,0.6477341389728096,0.6560587515299877,0.6518698692611736,1634.0
1.0,0.8566359119943222,0.854210898796886,0.8554216867469879,1413.0
2.0,0.6265320836337419,0.6137005649717514,0.6200499464859079,1416.0
3.0,0.6525179856115108,0.6259489302967564,0.6389573793589292,1449.0
4.0,0.7732656514382402,0.8055229142185664,0.7890647482014388,1702.0
accuracy,0.7126346204360389,0.7126346204360389,0.7126346204360389,0.7126346204360389
macro avg,0.7113371543301249,0.7110884119627896,0.7110727260108876,7614.0
weighted avg,0.711530109936156,0.7126346204360389,0.7119377959154498,7614.0
