,precision,recall,f1-score,support
0.0,0.7065420560747664,0.7065420560747664,0.7065420560747664,535.0
1.0,0.9149425287356322,0.8172484599589322,0.8633405639913232,487.0
2.0,0.6895874263261297,0.7484008528784648,0.7177914110429449,469.0
3.0,0.7110187110187111,0.7080745341614907,0.7095435684647304,483.0
4.0,0.7400346620450606,0.7584369449378331,0.749122807017544,563.0
accuracy,0.7473393772171857,0.7473393772171857,0.7473393772171857,0.7473393772171857
macro avg,0.75242507684006,0.7477405696022974,0.7492680813182618,2537.0
weighted avg,0.7516969123352836,0.7473393772171857,0.748741312716696,2537.0
