,precision,recall,f1-score,support
0.0,0.9146341463414634,0.8379888268156425,0.8746355685131196,179.0
1.0,0.9474801061007958,0.9840220385674932,0.9654054054054054,1815.0
2.0,0.7757009345794392,0.5123456790123457,0.617100371747212,162.0
accuracy,0.936456400742115,0.936456400742115,0.936456400742115,0.936456400742115
macro avg,0.8792717290072328,0.7781188481318271,0.8190471152219123,2156.0
weighted avg,0.9318457588914358,0.936456400742115,0.9316979767150778,2156.0
