,precision,recall,f1-score,support
0.0,0.6712218649517685,0.6273478587528174,0.6485436893203884,1331.0
1.0,0.46842525979216626,0.47681041497152155,0.4725806451612903,1229.0
2.0,0.46831955922865015,0.498046875,0.48272598201609085,1024.0
accuracy,0.5387834821428571,0.5387834821428571,0.5387834821428571,0.5387834821428571
macro avg,0.5359888946575283,0.534068382908113,0.5346167721659233,3584.0
weighted avg,0.5437081962013153,0.5387834821428571,0.5408271955840235,3584.0
