,precision,recall,f1-score,support
0.0,0.859375,0.6179775280898876,0.7189542483660131,356.0
1.0,0.6241610738255033,0.6413793103448275,0.6326530612244898,290.0
2.0,0.5056603773584906,0.4200626959247649,0.45890410958904104,319.0
3.0,0.43707093821510296,0.5823170731707317,0.4993464052287582,328.0
4.0,0.7620689655172413,0.8735177865612648,0.8139963167587476,253.0
accuracy,0.6157826649417852,0.6157826649417852,0.6157826649417852,0.6157826649417852
macro avg,0.6376672709832676,0.6270508788182954,0.6247708282334099,1546.0
weighted avg,0.6367481162982991,0.6157826649417852,0.6180686935234816,1546.0
