,precision,recall,f1-score,support
0.0,0.9914860681114551,0.9110953058321479,0.9495922905856189,1406.0
1.0,0.9294828744123573,0.984352773826458,0.9561312607944733,1406.0
2.0,0.7896825396825397,0.8504273504273504,0.8189300411522633,468.0
3.0,0.8060941828254847,0.8005502063273727,0.8033126293995858,727.0
accuracy,0.9096580983279261,0.9096580983279261,0.9096580983279261,0.9096580983279261
macro avg,0.8791864162579592,0.8866064091033323,0.8819915554829854,4007.0
weighted avg,0.9125241409218957,0.9096580983279261,0.9100860629082026,4007.0
