,precision,recall,f1-score,support
0.0,0.8057285180572852,0.9242857142857143,0.8609447771124418,1400.0
1.0,0.8118279569892473,0.5392857142857143,0.6480686695278969,1400.0
2.0,0.5111695137976346,0.7409523809523809,0.6049766718506997,525.0
3.0,0.7552602436323367,0.7794285714285715,0.7671541057367829,875.0
accuracy,0.7428571428571429,0.7428571428571429,0.7428571428571429,0.7428571428571429
macro avg,0.7209965581191259,0.7459880952380952,0.7202860560569554,4200.0
weighted avg,0.7604275649969519,0.7428571428571429,0.7384503382232801,4200.0
