,precision,recall,f1-score,support
0.0,0.1875,0.04521276595744681,0.07285714285714287,1128.0
1.0,0.8275261324041812,0.42072630646589904,0.557839107457428,1129.0
2.0,0.5308205732234,0.7985823981098642,0.6377358490566037,1693.0
3.0,0.6497777777777778,0.863555818074424,0.7415673345168653,1693.0
accuracy,0.5918837497784866,0.5918837497784866,0.5918837497784866,0.5918837497784866
macro avg,0.5489061208513397,0.5320193221519085,0.50249985847201,5643.0
weighted avg,0.5572443756387231,0.5918837497784866,0.5399864432486579,5643.0
