,precision,recall,f1-score,support
0.0,0.9178470254957507,0.5078369905956113,0.6538849646821392,638.0
1.0,0.6163522012578616,0.6144200626959248,0.6153846153846154,638.0
2.0,0.9816272965879265,0.5862068965517241,0.7340529931305202,638.0
3.0,0.47883211678832116,0.6854754440961337,0.5638160721959604,957.0
4.0,0.3931947069943289,0.5226130653266332,0.4487594390507012,398.0
accuracy,0.5977363107984093,0.5977363107984093,0.5977363107984093,0.5977363107984093
macro avg,0.6775706694248378,0.5833104918532054,0.6031796168887873,3269.0
weighted avg,0.6790551089146736,0.5977363107984093,0.6106754480065998,3269.0
