,precision,recall,f1-score,support
0.0,0.8133704735376045,0.7604166666666666,0.7860026917900403,384.0
1.0,0.9318181818181818,0.80078125,0.861344537815126,512.0
2.0,0.7614678899082569,0.8645833333333334,0.8097560975609757,384.0
3.0,0.7997329773030708,0.8508522727272727,0.8245010323468686,704.0
accuracy,0.8230846774193549,0.8230846774193549,0.8230846774193549,0.8230846774193549
macro avg,0.8265973806417786,0.8191583806818181,0.8204010898782527,1984.0
weighted avg,0.8290528511469162,0.8230846774193549,0.8237038836916987,1984.0
