,precision,recall,f1-score,support
0.0,0.6847290640394089,0.3159090909090909,0.43234836702954904,440.0
1.0,0.44025157232704404,0.16203703703703703,0.23688663282571912,864.0
2.0,0.8956692913385826,0.959915611814346,0.9266802443991853,1896.0
3.0,0.24721189591078066,0.2015151515151515,0.22203672787979967,660.0
4.0,0.37336561743341407,0.5949074074074074,0.4587920261826837,1296.0
accuracy,0.5824282389449186,0.5824282389449186,0.5824282389449186,0.5824282389449186
macro avg,0.5282454882098461,0.44685685973660655,0.45534879966338737,5156.0
weighted avg,0.5870614457992006,0.5824282389449186,0.5610992594974211,5156.0
