,precision,recall,f1-score,support
0.0,0.8051724137931034,0.5539739027283511,0.6563598032326071,843.0
1.0,0.8806959403479702,0.8720262510254306,0.8763396537510305,1219.0
2.0,0.5663224781572677,0.6764705882352942,0.6165153480328578,1054.0
3.0,0.47268673355629875,0.4520255863539446,0.462125340599455,938.0
4.0,0.8257756563245824,0.9226666666666666,0.871536523929471,1125.0
5.0,0.9108910891089109,0.8923375363724539,0.9015188633023028,1031.0
accuracy,0.7447665056360708,0.7447665056360708,0.7447665056360708,0.7447665056360708
macro avg,0.7435907185480222,0.7282500885636901,0.7307325888079541,6210.0
weighted avg,0.7505215894366785,0.7447665056360708,0.7431231297651922,6210.0
