,precision,recall,f1-score,support
0.0,0.6716171617161716,0.5716292134831461,0.6176024279210925,712.0
1.0,0.7515463917525773,0.6394736842105263,0.6909952606635071,1140.0
2.0,0.8370126820103335,0.9616837560712358,0.8950276243093923,1853.0
accuracy,0.7875843454790823,0.7875843454790823,0.7875843454790823,0.7875843454790823
macro avg,0.7533920784930275,0.7242622179216361,0.7345417709646641,3705.0
weighted avg,0.7789308516882592,0.7875843454790823,0.7789348754875897,3705.0
