,precision,recall,f1-score,support
0.0,0.983957219251337,0.9813333333333333,0.9826435246995995,375.0
1.0,0.8918205804749341,0.9013333333333333,0.8965517241379309,375.0
2.0,0.8022988505747126,0.9306666666666666,0.8617283950617285,375.0
3.0,0.871313672922252,0.8666666666666667,0.8689839572192514,375.0
4.0,0.8343949044585988,0.6986666666666667,0.7605224963715531,375.0
accuracy,0.8757333333333334,0.8757333333333334,0.8757333333333334,0.8757333333333334
macro avg,0.8767570455363668,0.8757333333333334,0.8740860194980126,1875.0
weighted avg,0.8767570455363669,0.8757333333333334,0.8740860194980128,1875.0
