,precision,recall,f1-score,support
0.0,0.6425855513307985,0.5633333333333334,0.6003552397868562,300.0
1.0,0.8285714285714286,0.7660377358490567,0.796078431372549,265.0
2.0,0.5107296137339056,0.4559386973180077,0.4817813765182187,261.0
3.0,0.5359281437125748,0.662962962962963,0.5927152317880794,270.0
4.0,0.6616766467065869,0.7060702875399361,0.6831530139103554,313.0
accuracy,0.6323633782824698,0.6323633782824698,0.6323633782824698,0.6323633782824698
macro avg,0.6358982768110588,0.6308686034006594,0.6308166586752117,1409.0
weighted avg,0.6369431599551274,0.6323633782824698,0.6321308030218311,1409.0
