,precision,recall,f1-score,support
0.0,0.5098039215686274,0.26,0.3443708609271523,300.0
1.0,0.8825757575757576,0.879245283018868,0.8809073724007562,265.0
2.0,0.30092592592592593,0.24904214559386972,0.27253668763102723,261.0
3.0,0.32935560859188545,0.5111111111111111,0.4005805515239478,270.0
4.0,0.7282913165266106,0.8306709265175719,0.7761194029850746,313.0
accuracy,0.5493257629524485,0.5493257629524485,0.5493257629524485,0.5493257629524485
macro avg,0.5501905060377614,0.5460138932482842,0.5349029750935916,1409.0
weighted avg,0.5551785772089913,0.5493257629524485,0.5386557200013048,1409.0
