,precision,recall,f1-score,support
0.0,0.6363636363636364,0.06930693069306931,0.12500000000000003,101.0
1.0,0.8728813559322034,0.91600790513834,0.8939247830279653,1012.0
2.0,0.3387096774193548,0.5,0.40384615384615385,84.0
accuracy,0.8153717627401837,0.8153717627401837,0.8153717627401837,0.8153717627401837
macro avg,0.6159848899050648,0.4951049452771364,0.4742569789580397,1197.0
weighted avg,0.8154388240428929,0.8153717627401837,0.7946532642835237,1197.0
