,precision,recall,f1-score,support
0.0,0.521398002853067,0.6013161502604881,0.5585126703170763,3647.0
1.0,0.6154456492991273,0.5361751152073733,0.573082132742273,4340.0
accuracy,0.5659196193814949,0.5659196193814949,0.5659196193814949,0.5659196193814949
macro avg,0.5684218260760971,0.5687456327339306,0.5657974015296747,7987.0
weighted avg,0.5725018948745897,0.5659196193814949,0.5664294684797598,7987.0
