,precision,recall,f1-score,support
0.0,0.941972920696325,0.9643564356435643,0.9530332681017613,1010.0
1.0,0.9644970414201184,0.9421965317919075,0.9532163742690059,1038.0
accuracy,0.953125,0.953125,0.953125,0.953125
macro avg,0.9532349810582217,0.9532764837177359,0.9531248211853836,2048.0
weighted avg,0.953388954539732,0.953125,0.9531260728876987,2048.0
