,precision,recall,f1-score,support
0.0,0.9456521739130435,0.9731543624161074,0.9592061742006616,447.0
1.0,0.9565217391304348,0.9381663113006397,0.9472551130247578,469.0
2.0,0.9402985074626866,0.9752321981424149,0.9574468085106385,323.0
3.0,0.9474789915966386,0.9166666666666666,0.9318181818181817,492.0
accuracy,0.9480069324090121,0.9480069324090121,0.9480069324090121,0.9480069324090121
macro avg,0.9474878530257009,0.9508048846314572,0.9489315693885598,1731.0
weighted avg,0.9481174460816282,0.9480069324090121,0.9478553856035752,1731.0
