,precision,recall,f1-score,support
0.0,0.8962536023054755,0.9904458598726115,0.9409984871406958,314.0
1.0,0.9863636363636363,0.8443579766536965,0.909853249475891,257.0
2.0,0.9800995024875622,1.0,0.9899497487437185,197.0
accuracy,0.9440104166666666,0.9440104166666666,0.9440104166666666,0.9440104166666666
macro avg,0.9542389137188914,0.944934612175436,0.9469338284534352,768.0
weighted avg,0.9479149578898743,0.9440104166666666,0.9431326960677019,768.0
