,precision,recall,f1-score,support
0.0,0.9971751412429378,0.9962370649106302,0.9967058823529411,2126.0
1.0,0.9917864476386037,0.9877300613496932,0.9897540983606556,1956.0
2.0,0.9885817307692307,0.9945586457073761,0.9915611814345991,1654.0
accuracy,0.9928521617852162,0.9928521617852162,0.9928521617852162,0.9928521617852162
macro avg,0.9925144398835908,0.9928419239892331,0.9926737207160653,5736.0
weighted avg,0.9928596277119774,0.9928521617852162,0.9928517985300945,5736.0
