,precision,recall,f1-score,support
0.0,0.9849472028757582,0.9796648044692737,0.9822989020838001,4475.0
1.0,0.9799956034293251,0.9851933701657458,0.9825876129601058,4525.0
accuracy,0.9824444444444445,0.9824444444444445,0.9824444444444445,0.9824444444444445
macro avg,0.9824714031525417,0.9824290873175098,0.9824432575219529,9000.0
weighted avg,0.9824576487096349,0.9824444444444445,0.9824440594966093,9000.0
