,precision,recall,f1-score,support
0.0,0.9466357308584686,0.8967032967032967,0.9209932279909706,455.0
1.0,0.9056603773584906,0.9411764705882353,0.923076923076923,408.0
2.0,0.8831908831908832,0.7928388746803069,0.8355795148247979,391.0
3.0,0.8387715930902111,0.9028925619834711,0.8696517412935324,484.0
4.0,0.912751677852349,0.9357798165137615,0.9241223103057757,436.0
accuracy,0.8955841766329347,0.8955841766329347,0.8955841766329347,0.8955841766329347
macro avg,0.8974020524700805,0.8938782040938144,0.8946847434983999,2174.0
weighted avg,0.8967256253126905,0.8955841766329347,0.8952197165258327,2174.0
