,precision,recall,f1-score,support
0.0,0.9748110831234257,0.9772727272727273,0.9760403530895335,396.0
1.0,0.9005964214711729,0.893491124260355,0.897029702970297,507.0
2.0,0.927007299270073,0.9039145907473309,0.9153153153153154,562.0
3.0,0.9573560767590619,0.980349344978166,0.9687162891046387,458.0
4.0,0.9429097605893186,0.9534450651769087,0.9481481481481482,537.0
accuracy,0.9386178861788618,0.9386178861788618,0.9386178861788618,0.9386178861788618
macro avg,0.9405361282426105,0.9416945704870976,0.9410499617255865,2460.0
weighted avg,0.9383810168230311,0.9386178861788618,0.9384312448788956,2460.0
