,precision,recall,f1-score,support
0.0,0.9152542372881356,0.968609865470852,0.9411764705882354,446.0
1.0,0.9450636942675159,0.8891385767790262,0.916248552682362,1335.0
2.0,0.6577380952380952,0.7809187279151943,0.7140549273021002,283.0
accuracy,0.8914728682170543,0.8914728682170543,0.8914728682170543,0.8914728682170543
macro avg,0.839352008931249,0.8795557233883575,0.8571599835242326,2064.0
weighted avg,0.8992264063129958,0.8914728682170543,0.8939118547188957,2064.0
