,precision,recall,f1-score,support
0.0,0.9735449735449735,0.9419795221843004,0.9575021682567216,586.0
1.0,0.974870657797487,0.9887556221889056,0.9817640491254186,1334.0
accuracy,0.9744791666666667,0.9744791666666667,0.9744791666666667,0.9744791666666667
macro avg,0.9742078156712303,0.965367572186603,0.9696331086910701,1920.0
weighted avg,0.9744660479162512,0.9744791666666667,0.9743591209019516,1920.0
