,precision,recall,f1-score,support
0.0,0.9933745583038869,0.9916225749559083,0.9924977934686673,2268.0
1.0,0.968141592920354,0.9990867579908675,0.983370786516854,1095.0
2.0,0.9945205479452055,0.9540078843626807,0.9738430583501007,761.0
accuracy,0.9866634335596508,0.9866634335596508,0.9866634335596508,0.9866634335596508
macro avg,0.9853455663898153,0.9815724057698189,0.9832372127785406,4124.0
weighted avg,0.9868861977369797,0.9866634335596508,0.9866320500066244,4124.0
