,precision,recall,f1-score,support
0.0,0.9937583593401694,0.9937583593401694,0.9937583593401694,2243.0
1.0,0.9942145082331998,0.9902482269503546,0.9922274039529203,2256.0
2.0,0.952063914780293,0.9821428571428571,0.966869506423259,728.0
3.0,0.9957301451750641,0.9839662447257383,0.9898132427843803,1185.0
accuracy,0.9893948845913911,0.9893948845913911,0.9893948845913911,0.9893948845913911
macro avg,0.9839417318821815,0.9875289220397799,0.9856671281251823,6412.0
weighted avg,0.9895493890465694,0.9893948845913911,0.9894377287419543,6412.0
