,precision,recall,f1-score,support
0.0,0.9784899034240562,0.9946452476572959,0.9865014383713212,2241.0
1.0,0.9735544598834603,0.9748653500897666,0.9742094640053823,2228.0
2.0,0.9771359807460891,0.954171562867215,0.9655172413793104,851.0
3.0,0.9942028985507246,0.98,0.9870503597122302,1400.0
accuracy,0.9799107142857143,0.9799107142857143,0.9799107142857143,0.9799107142857143
macro avg,0.9808458106510826,0.9759205401535694,0.978319625867061,6720.0
weighted avg,0.9799556529433923,0.9799107142857143,0.9798830483936071,6720.0
