,precision,recall,f1-score,support
0.0,0.968503937007874,0.9783080260303688,0.9733812949640288,1383.0
1.0,0.9490022172949002,0.9742033383915023,0.9614376637963309,1318.0
2.0,0.9387060158910329,0.9038251366120219,0.9209354120267261,915.0
3.0,0.9638783269961977,0.9371534195933456,0.950328022492971,541.0
accuracy,0.9552561943709406,0.9552561943709406,0.9552561943709406,0.9552561943709406
macro avg,0.9550226242975011,0.9483724801568097,0.9515205983200141,4157.0
weighted avg,0.9551599823723373,0.9552561943709406,0.9550504050978993,4157.0
