,precision,recall,f1-score,support
0.0,0.9372549019607843,0.956,0.9465346534653465,250.0
1.0,0.9540229885057471,0.9613899613899614,0.9576923076923077,259.0
2.0,0.8986784140969163,0.769811320754717,0.8292682926829268,265.0
3.0,0.797153024911032,0.896,0.8436911487758946,250.0
accuracy,0.89453125,0.89453125,0.89453125,0.89453125
macro avg,0.8967773323686199,0.8958003205361695,0.8942966006541189,1024.0
weighted avg,0.8973083158951419,0.89453125,0.8939012263804624,1024.0
