,precision,recall,f1-score,support
0.0,0.9716437749224635,0.9738010657193605,0.9727212242182303,2252.0
1.0,0.9617947578853843,0.9691136974037601,0.9654403567447046,2234.0
2.0,0.99776885319054,0.9880689350419797,0.9928952042628774,2263.0
accuracy,0.9770336346125352,0.9770336346125352,0.9770336346125352,0.9770336346125352
macro avg,0.9770691286661292,0.9769945660550334,0.977018928408604,6749.0
weighted avg,0.977143604239373,0.9770336346125352,0.9770756854576997,6749.0
