,precision,recall,f1-score,support
0.0,0.9764936336924583,0.9764936336924583,0.9764936336924583,1021.0
1.0,0.9661508704061895,0.9727361246348588,0.9694323144104803,1027.0
2.0,0.9787234042553191,0.9757575757575757,0.9772382397572079,990.0
3.0,0.9826142949130715,0.9763275751759437,0.9794608472400513,1563.0
4.0,0.9701726844583988,0.9793977812995246,0.9747634069400631,631.0
accuracy,0.9759174311926605,0.9759174311926605,0.9759174311926605,0.9759174311926605
macro avg,0.9748309775450874,0.9761425381120722,0.9754776884080523,5232.0
weighted avg,0.9759514948322445,0.9759174311926605,0.9759261961533983,5232.0
