,precision,recall,f1-score,support
0.0,0.9752530933633295,0.9829931972789115,0.979107848673066,882.0
1.0,0.9771490750816104,0.9868131868131869,0.981957353745216,910.0
2.0,0.9852272727272727,0.9676339285714286,0.9763513513513513,896.0
accuracy,0.9791666666666666,0.9791666666666666,0.9791666666666666,0.9791666666666666
macro avg,0.9792098137240709,0.9791467708878422,0.9791388512565445,2688.0
weighted avg,0.9792196886288536,0.9791666666666666,0.9791536924287954,2688.0
