,precision,recall,f1-score,support
0.0,0.6087824351297405,0.7227488151658767,0.6608884073672806,844.0
1.0,0.8392213410237923,0.7495170637475853,0.7918367346938776,1553.0
2.0,0.6825557809330629,0.8059880239520958,0.7391543108182318,835.0
3.0,0.9489418878065167,0.905448717948718,0.926685255043464,3120.0
accuracy,0.8299748110831234,0.8299748110831234,0.8299748110831234,0.8299748110831234
macro avg,0.7698753612232782,0.795925655203569,0.7796411769807136,6352.0
weighted avg,0.841901115380178,0.8299748110831234,0.8337474984361475,6352.0
