,precision,recall,f1-score,support
0.0,0.7734177215189874,0.8985294117647059,0.8312925170068027,680.0
1.0,0.6776750330250991,0.7344309234073013,0.7049124012366885,1397.0
2.0,0.9749092109607131,0.9797611147976112,0.9773291411550553,3014.0
3.0,0.7089285714285715,0.7483506126295947,0.728106373223292,1061.0
4.0,0.778519755147468,0.6668255481410867,0.718356867779204,2098.0
accuracy,0.8221818181818182,0.8221818181818182,0.8221818181818182,0.8221818181818182
macro avg,0.7826900584161678,0.80557952214806,0.7919994600802085,8250.0
weighted avg,0.8238206174775354,0.8221818181818182,0.8212539561362787,8250.0
