,precision,recall,f1-score,support
0.0,0.9902395740905058,0.9798068481123793,0.9849955869373345,1139.0
1.0,0.9712514092446449,0.9524599226091763,0.9617638850125594,1809.0
2.0,0.9676247109349191,0.9828859060402685,0.9751956051273515,2980.0
accuracy,0.9730094466936572,0.9730094466936572,0.9730094466936572,0.9730094466936572
macro avg,0.9763718980900232,0.9717175589206081,0.9739850256924152,5928.0
weighted avg,0.9730766384613204,0.9730094466936572,0.972979714033207,5928.0
