,precision,recall,f1-score,support
0.0,0.8449612403100775,0.9680284191829485,0.9023178807947019,563.0
1.0,0.9241706161137441,0.8728737690241719,0.8977900552486189,1117.0
2.0,0.9646666666666667,0.9519736842105263,0.9582781456953642,1520.0
accuracy,0.9271875,0.9271875,0.9271875,0.9271875
macro avg,0.911266174363496,0.9309586241392155,0.9194620272462283,3200.0
weighted avg,0.9294703405709248,0.9271875,0.9273185125178369,3200.0
