,precision,recall,f1-score,support
0.0,0.9623824451410659,0.9388379204892966,0.9504643962848298,327.0
1.0,0.9750312109862672,0.9848675914249685,0.9799247176913426,793.0
accuracy,0.9714285714285714,0.9714285714285714,0.9714285714285714,0.9714285714285714
macro avg,0.9687068280636666,0.9618527559571326,0.9651945569880862,1120.0
weighted avg,0.9713382231011057,0.9714285714285714,0.9713233559949769,1120.0
