,precision,recall,f1-score,support
0.0,0.8683788121990369,0.84399375975039,0.8560126582278481,641.0
1.0,0.8105345911949685,0.8834618680377035,0.8454284542845427,1167.0
2.0,0.779320987654321,0.8092948717948718,0.7940251572327045,624.0
3.0,0.9480812641083521,0.9028374892519346,0.9249064082801145,2326.0
accuracy,0.8778898696931484,0.8778898696931484,0.8778898696931484,0.8778898696931484
macro avg,0.8515789137891696,0.8598969972087249,0.8550931695063025,4758.0
weighted avg,0.881474990154778,0.8778898696931484,0.878966608626916,4758.0
