,precision,recall,f1-score,support
0.0,1.0,0.9780564263322884,0.9889064976228209,638.0
1.0,0.9607843137254902,0.9849246231155779,0.9727047146401986,398.0
2.0,0.9876543209876543,0.967741935483871,0.9775967413441955,248.0
3.0,0.9620253164556962,1.0,0.9806451612903226,228.0
accuracy,0.9814814814814815,0.9814814814814815,0.9814814814814815,0.9814814814814815
macro avg,0.9776159877922102,0.9826807462329343,0.9799632787243844,1512.0
weighted avg,0.9819260586108347,0.9814814814814815,0.9815409461228259,1512.0
