,precision,recall,f1-score,support
0.0,0.9899159663865547,0.9932546374367622,0.9915824915824916,593.0
1.0,0.9670510708401977,0.9898819561551433,0.9783333333333334,593.0
2.0,0.9766666666666667,0.9701986754966887,0.9734219269102989,604.0
3.0,0.9611021069692058,0.9657980456026058,0.9634443541835906,614.0
4.0,0.9672977624784854,0.9429530201342282,0.9549702633814784,596.0
accuracy,0.9723333333333334,0.9723333333333334,0.9723333333333334,0.9723333333333334
macro avg,0.972406714668222,0.9724172669650855,0.9723504738782387,3000.0
weighted avg,0.9723380932861335,0.9723333333333334,0.9722746794909969,3000.0
