,precision,recall,f1-score,support
0.0,0.9557661927330173,0.9983498349834984,0.976594027441485,1212.0
1.0,0.99833748960931,0.9554494828957836,0.9764227642276423,1257.0
accuracy,0.9765087079789389,0.9765087079789389,0.9765087079789389,0.9765087079789389
macro avg,0.9770518411711637,0.976899658939641,0.9765083958345637,2469.0
weighted avg,0.9774397934513243,0.9765087079789389,0.9765068351126878,2469.0
