,precision,recall,f1-score,support
0.0,0.9931093884582257,1.0,0.9965427830596371,1153.0
1.0,0.989778534923339,0.9847457627118644,0.9872557349192863,1180.0
2.0,0.994232987312572,0.9930875576036866,0.9936599423631123,1736.0
accuracy,0.9926271811255837,0.9926271811255837,0.9926271811255837,0.9926271811255837
macro avg,0.9923736368980456,0.9926111067718505,0.9924861534473454,4069.0
weighted avg,0.9926228218423443,0.9926271811255837,0.9926196254644587,4069.0
