,precision,recall,f1-score,support
0.0,0.7937853107344632,0.7843684577808793,0.7890487890487891,1433.0
1.0,0.9049056603773585,0.9338006230529595,0.919126101954772,1284.0
2.0,0.7951524628616107,0.8241491085899514,0.8093911659371269,1234.0
3.0,0.7690376569037657,0.6977980258162491,0.7316878980891719,1317.0
4.0,0.8274307791371539,0.8566666666666667,0.8417949557811989,1500.0
accuracy,0.8191489361702128,0.8191489361702128,0.8191489361702128,0.8191489361702128
macro avg,0.8180623740028704,0.8193565763813412,0.8182097821622119,6768.0
weighted avg,0.8177571099625047,0.8191489361702128,0.8179637889832291,6768.0
