,precision,recall,f1-score,support
0.0,0.7707509881422925,0.8423326133909287,0.8049535603715171,463.0
1.0,0.8888888888888888,0.9615384615384616,0.9237875288683602,416.0
2.0,0.773841961852861,0.6513761467889908,0.7073474470734744,436.0
3.0,0.7178329571106095,0.7227272727272728,0.7202718006795018,440.0
4.0,0.9263803680981595,0.906,0.916076845298281,500.0
accuracy,0.8181818181818182,0.8181818181818182,0.8181818181818182,0.8181818181818182
macro avg,0.8155390328185621,0.8167948988891307,0.8144874364582269,2255.0
weighted avg,0.8173247298595363,0.8181818181818182,0.8161200054693598,2255.0
