,precision,recall,f1-score,support
0.0,0.844789356984479,0.8228941684665226,0.8336980306345734,463.0
1.0,0.8597701149425288,0.8990384615384616,0.8789659224441834,416.0
2.0,0.8835443037974684,0.8004587155963303,0.8399518652226234,436.0
3.0,0.8564814814814815,0.8409090909090909,0.8486238532110092,440.0
4.0,0.8228782287822878,0.892,0.8560460652591171,500.0
accuracy,0.8514412416851441,0.8514412416851441,0.8514412416851441,0.8514412416851441
macro avg,0.8534926971976491,0.8510600873020812,0.8514571473543013,2255.0
weighted avg,0.8524692340570279,0.8514412416851441,0.8511257442128843,2255.0
