,precision,recall,f1-score,support
0.0,0.9323308270676691,0.7948717948717948,0.8581314878892733,156.0
1.0,0.9578820697954272,0.9772866789441375,0.9674870859920998,1629.0
2.0,0.768595041322314,0.7099236641221374,0.738095238095238,131.0
accuracy,0.9441544885177453,0.9441544885177453,0.9441544885177453,0.9441544885177453
macro avg,0.8862693127284701,0.8273607126460233,0.8545712706588704,1916.0
weighted avg,0.9428598387956839,0.9441544885177453,0.9428995048968336,1916.0
