,precision,recall,f1-score,support
0.0,0.9844357976653697,0.9806201550387597,0.9825242718446603,258.0
1.0,0.9876543209876543,1.0,0.9937888198757764,240.0
2.0,0.9769230769230769,0.9844961240310077,0.9806949806949806,258.0
3.0,0.9948453608247423,0.9821882951653944,0.9884763124199745,393.0
4.0,0.98125,0.9874213836477987,0.9843260188087775,159.0
accuracy,0.9862385321100917,0.9862385321100917,0.9862385321100917,0.9862385321100917
macro avg,0.9850217112801687,0.9869451915765921,0.9859620807288337,1308.0
weighted avg,0.9862848650496789,0.9862385321100917,0.9862377000742044,1308.0
