,precision,recall,f1-score,support
0.0,0.710955710955711,0.9384615384615385,0.8090185676392573,325.0
1.0,0.9593147751605996,0.9531914893617022,0.9562433297758804,470.0
2.0,0.9307228915662651,0.7555012224938875,0.8340080971659919,409.0
3.0,0.8,0.7692307692307693,0.7843137254901961,390.0
4.0,0.8934782608695652,0.880085653104925,0.8867313915857605,467.0
5.0,0.8954869358669834,0.8912529550827423,0.8933649289099526,423.0
accuracy,0.8655394524959742,0.8655394524959742,0.8655394524959742,0.8655394524959742
macro avg,0.8649930957365206,0.8646206046225942,0.8606133400945065,2484.0
weighted avg,0.8738524696998837,0.8655394524959742,0.8660845366179348,2484.0
