,precision,recall,f1-score,support
0.0,0.23015873015873015,0.21323529411764705,0.2213740458015267,136.0
1.0,0.23076923076923078,0.2231404958677686,0.22689075630252103,121.0
2.0,0.2462686567164179,0.2727272727272727,0.2588235294117647,121.0
3.0,0.2782608695652174,0.22377622377622378,0.24806201550387594,143.0
4.0,0.2047244094488189,0.2653061224489796,0.2311111111111111,98.0
accuracy,0.23747980613893377,0.23747980613893377,0.23747980613893377,0.23747980613893377
macro avg,0.23803637933168303,0.23963708178757837,0.2372522916261599,619.0
weighted avg,0.24051287263515528,0.23747980613893377,0.23747989645618633,619.0
