,precision,recall,f1-score,support
0.0,0.0,0.0,0.0,356.0
1.0,0.19363395225464192,0.6134453781512605,0.29435483870967744,476.0
2.0,0.17725409836065573,0.4229828850855746,0.24981949458483754,409.0
3.0,0.0,0.0,0.0,380.0
4.0,0.0,0.0,0.0,451.0
5.0,0.0,0.0,0.0,412.0
accuracy,0.18719806763285024,0.18719806763285024,0.18719806763285024,0.18719806763285024
macro avg,0.0618146751025496,0.17273804387280586,0.0906957222157525,2484.0
weighted avg,0.0662909369978735,0.18719806763285024,0.09753988587399558,2484.0
