,precision,recall,f1-score,support
0.0,1.0,0.9966101694915255,0.99830220713073,295.0
1.0,0.9967637540453075,1.0,0.9983792544570502,308.0
accuracy,0.9983416252072969,0.9983416252072969,0.9983416252072969,0.9983416252072969
macro avg,0.9983818770226538,0.9983050847457627,0.9983407307938901,603.0
weighted avg,0.9983469921160111,0.9983416252072969,0.9983415613206249,603.0
