,precision,recall,f1-score,support
0.0,0.9823321554770318,1.0,0.9910873440285205,278.0
1.0,1.0,0.9825174825174825,0.9911816578483245,286.0
accuracy,0.9911347517730497,0.9911347517730497,0.9911347517730497,0.9911347517730497
macro avg,0.9911660777385158,0.9912587412587412,0.9911345009384225,564.0
weighted avg,0.991291381600381,0.9911347517730497,0.9911351698307614,564.0
