,precision,recall,f1-score,support
0.0,0.9724950884086444,0.9840954274353877,0.9782608695652174,503.0
1.0,0.9844660194174757,0.9731285988483686,0.9787644787644788,521.0
accuracy,0.978515625,0.978515625,0.978515625,0.978515625
macro avg,0.9784805539130601,0.9786120131418781,0.9785126741648481,1024.0
weighted avg,0.9785857671738798,0.978515625,0.978517100417576,1024.0
