,precision,recall,f1-score,support
0.0,0.9793388429752066,0.9916317991631799,0.9854469854469855,239.0
1.0,0.9910313901345291,0.9778761061946902,0.9844097995545658,226.0
2.0,0.9852941176470589,0.9781021897810219,0.9816849816849818,137.0
3.0,0.9849056603773585,0.9886363636363636,0.9867674858223061,264.0
accuracy,0.9849884526558892,0.9849884526558892,0.9849884526558892,0.9849884526558892
macro avg,0.9851425027835383,0.9840616146938139,0.9845773131272098,866.0
weighted avg,0.9850294065805402,0.9849884526558892,0.9849837216733173,866.0
