,precision,recall,f1-score,support
0.0,0.9913378248315688,0.9942084942084942,0.9927710843373494,1036.0
1.0,0.9919678714859438,0.9850448654037887,0.9884942471235617,1003.0
2.0,0.9891956782713085,0.9939686369119421,0.9915764139590855,829.0
accuracy,0.9909344490934449,0.9909344490934449,0.9909344490934449,0.9909344490934449
macro avg,0.990833791529607,0.9910739988414083,0.9909472484733323,2868.0
weighted avg,0.9909389745163254,0.9909344490934449,0.9909300629046403,2868.0
