,precision,recall,f1-score,support
0.0,0.9790940766550522,0.9756944444444444,0.9773913043478261,288.0
1.0,0.9663865546218487,0.9311740890688259,0.9484536082474226,247.0
2.0,0.948,0.9404761904761905,0.9442231075697212,252.0
3.0,0.9382239382239382,0.9759036144578314,0.9566929133858268,249.0
4.0,0.9852216748768473,0.9950248756218906,0.9900990099009901,201.0
accuracy,0.9628132578819725,0.9628132578819725,0.9628132578819725,0.9628132578819725
macro avg,0.9633852488755373,0.9636546428138366,0.9633719886903573,1237.0
weighted avg,0.9629910188652049,0.9628132578819725,0.9627545646079442,1237.0
