,precision,recall,f1-score,support
0.0,0.9615384615384616,0.974025974025974,0.967741935483871,231.0
1.0,0.9642857142857143,0.9792746113989638,0.9717223650385605,193.0
2.0,0.9453551912568307,0.9505494505494505,0.947945205479452,182.0
3.0,0.9795918367346939,0.9411764705882353,0.96,255.0
4.0,0.9737991266375546,0.9867256637168141,0.9802197802197802,226.0
accuracy,0.9659613615455381,0.9659613615455381,0.9659613615455381,0.9659613615455381
macro avg,0.9649140660906509,0.9663504340558875,0.9655258572443326,1087.0
weighted avg,0.9661009137706578,0.9659613615455381,0.9659121446882676,1087.0
