,precision,recall,f1-score,support
0.0,0.9476190476190476,0.9754901960784313,0.961352657004831,204.0
1.0,0.9471698113207547,0.9400749063670412,0.943609022556391,267.0
2.0,0.9691119691119691,0.9261992619926199,0.9471698113207547,271.0
3.0,0.9908675799086758,0.9954128440366973,0.9931350114416475,218.0
4.0,0.9711191335740073,0.9962962962962963,0.9835466179159049,270.0
accuracy,0.9650406504065041,0.9650406504065041,0.9650406504065041,0.9650406504065041
macro avg,0.9651775083068909,0.9666947009542172,0.9657626240479058,1230.0
weighted avg,0.9650807052449952,0.9650406504065041,0.9648809668707642,1230.0
