,precision,recall,f1-score,support
0.0,0.9901477832512315,1.0,0.995049504950495,201.0
1.0,1.0,1.0,1.0,175.0
2.0,1.0,0.9859154929577465,0.9929078014184397,142.0
accuracy,0.9961389961389961,0.9961389961389961,0.9961389961389961,0.9961389961389961
macro avg,0.9967159277504104,0.9953051643192489,0.995985768789645,518.0
weighted avg,0.9961770355859025,0.9961389961389961,0.9961348615761929,518.0
