,precision,recall,f1-score,support
0.0,0.9752066115702479,0.9874476987447699,0.9812889812889813,239.0
1.0,0.9725190839694656,0.9860681114551083,0.9792467332820907,646.0
2.0,0.9407407407407408,0.8639455782312925,0.900709219858156,147.0
accuracy,0.9689922480620154,0.9689922480620154,0.9689922480620154,0.9689922480620154
macro avg,0.9628221454268181,0.9458204628103902,0.9537483114764093,1032.0
weighted avg,0.968614919862842,0.9689922480620154,0.9685326662281454,1032.0
