,precision,recall,f1-score,support
0.0,0.9866220735785953,0.9899328859060402,0.9882747068676717,298.0
1.0,0.9954614220877458,0.9939577039274925,0.9947089947089947,662.0
accuracy,0.9927083333333333,0.9927083333333333,0.9927083333333333,0.9927083333333333
macro avg,0.9910417478331706,0.9919452949167664,0.9914918507883332,960.0
weighted avg,0.9927175409880303,0.9927083333333333,0.9927116845249173,960.0
