,precision,recall,f1-score,support
0.0,0.9937163375224417,0.9981965734896303,0.9959514170040485,1109.0
1.0,0.9963996399639964,0.991047448522829,0.9937163375224416,1117.0
2.0,0.9877450980392157,0.9877450980392157,0.9877450980392157,408.0
3.0,0.9944979367262724,0.9958677685950413,0.9951823812801102,726.0
accuracy,0.9940476190476191,0.9940476190476191,0.9940476190476191,0.9940476190476191
macro avg,0.9930897530629816,0.9932142221616791,0.9931488084614539,3360.0
weighted avg,0.9940521780403111,0.9940476190476191,0.994045737880779,3360.0
