,precision,recall,f1-score,support
0.0,0.9883551673944687,0.9970631424375918,0.9926900584795321,681.0
1.0,0.9822485207100592,0.986627043090639,0.9844329132690882,673.0
2.0,0.9767441860465116,0.9610983981693364,0.9688581314878892,437.0
3.0,0.9825174825174825,0.9756944444444444,0.9790940766550522,288.0
accuracy,0.9831649831649831,0.9831649831649831,0.9831649831649831,0.9831649831649831
macro avg,0.9824663391671304,0.9801207570355028,0.9812687949728904,2079.0
weighted avg,0.9831290849932004,0.9831649831649831,0.9831242799382012,2079.0
