,precision,recall,f1-score,support
0.0,1.0,0.9971751412429378,0.9985855728429986,354.0
1.0,0.9974811083123426,1.0,0.9987389659520807,396.0
accuracy,0.9986666666666667,0.9986666666666667,0.9986666666666667,0.9986666666666667
macro avg,0.9987405541561714,0.9985875706214689,0.9986622693975397,750.0
weighted avg,0.9986700251889169,0.9986666666666667,0.998666564404594,750.0
