,precision,recall,f1-score,support
0.0,0.47572402044293016,1.0,0.6447330447330448,1117.0
1.0,0.0,0.0,0.0,1231.0
accuracy,0.47572402044293016,0.47572402044293016,0.47572402044293016,0.47572402044293016
macro avg,0.23786201022146508,0.5,0.3223665223665224,2348.0
weighted avg,0.22631334362638544,0.47572402044293016,0.3067149961528156,2348.0
