,precision,recall,f1-score,support
0.0,0.9745762711864406,0.9787234042553191,0.9766454352441613,470.0
1.0,0.9706806282722513,0.9757894736842105,0.973228346456693,950.0
2.0,0.9815418023887079,0.9741379310344828,0.9778258518117902,928.0
accuracy,0.9757240204429302,0.9757240204429302,0.9757240204429302,0.9757240204429302
macro avg,0.9755995672824667,0.9762169363246708,0.9758998778375482,2348.0
weighted avg,0.9757530821690743,0.9757240204429302,0.9757294183049214,2348.0
