,precision,recall,f1-score,support
0.0,0.9833333333333333,0.9752066115702479,0.979253112033195,121.0
1.0,0.9565217391304348,0.9924812030075187,0.974169741697417,133.0
2.0,0.9461538461538461,0.9534883720930233,0.9498069498069497,129.0
3.0,0.9838709677419355,0.9457364341085271,0.9644268774703558,129.0
accuracy,0.966796875,0.966796875,0.966796875,0.966796875
macro avg,0.9674699715898875,0.9667281551948292,0.9669141702519793,512.0
weighted avg,0.9671365734965567,0.966796875,0.9667780584385655,512.0
