,precision,recall,f1-score,support
0.0,0.9969040247678018,1.0,0.9984496124031007,322.0
1.0,1.0,0.9968944099378882,0.9984447900466563,322.0
accuracy,0.9984472049689441,0.9984472049689441,0.9984472049689441,0.9984472049689441
macro avg,0.9984520123839009,0.9984472049689441,0.9984472012248785,644.0
weighted avg,0.9984520123839009,0.9984472049689441,0.9984472012248785,644.0
