,precision,recall,f1-score,support
0.0,0.9973427812223207,0.995579133510168,0.9964601769911504,1131.0
1.0,0.9919354838709677,0.9963996399639964,0.9941625505163897,1111.0
2.0,0.9991150442477876,0.9964695498676082,0.9977905435262926,1133.0
accuracy,0.9961481481481481,0.9961481481481481,0.9961481481481481,0.9961481481481481
macro avg,0.9961311031136919,0.9961494411139241,0.9961377570112776,3375.0
weighted avg,0.9961577343039505,0.9961481481481481,0.9961504413677006,3375.0
