,precision,recall,f1-score,support
0.0,0.9936842105263158,0.9957805907172996,0.9947312961011593,474.0
1.0,0.9882352941176471,0.998019801980198,0.9931034482758622,505.0
2.0,0.992633517495396,0.992633517495396,0.992633517495396,543.0
3.0,1.0,0.9922380336351876,0.9961038961038962,773.0
4.0,1.0,1.0,1.0,321.0
accuracy,0.9950305810397554,0.9950305810397554,0.9950305810397554,0.9950305810397554
macro avg,0.9949106044278718,0.9957343887656162,0.9953144315952628,2616.0
weighted avg,0.9950554813910113,0.9950305810397554,0.9950337107872981,2616.0
