,precision,recall,f1-score,support
0.0,0.9867109634551495,0.9867109634551495,0.9867109634551495,301.0
1.0,0.9929742388758782,0.9724770642201835,0.9826187717265352,436.0
2.0,0.9638157894736842,0.9865319865319865,0.9750415973377704,297.0
3.0,0.9820143884892086,0.9855595667870036,0.9837837837837838,554.0
accuracy,0.982367758186398,0.982367758186398,0.982367758186398,0.982367758186398
macro avg,0.9813788450734802,0.9828198952485807,0.9820387790758097,1588.0
weighted avg,0.9825100937321087,0.982367758186398,0.9823837248729871,1588.0
