,precision,recall,f1-score,support
0.0,0.8606741573033708,0.916267942583732,0.8876013904982618,418.0
1.0,0.9517426273458445,0.917312661498708,0.9342105263157894,774.0
2.0,0.9158878504672897,0.944578313253012,0.930011862396204,415.0
3.0,0.9871547848426461,0.9796048438495857,0.9833653230966091,1569.0
accuracy,0.9515113350125944,0.9515113350125944,0.9515113350125944,0.9515113350125944
macro avg,0.9288648549897878,0.9394409402962594,0.9337972755767161,3176.0
weighted avg,0.9525660915240963,0.9515113350125944,0.9518109078808875,3176.0
