,precision,recall,f1-score,support
0.0,0.8871391076115486,0.9602272727272727,0.9222373806275579,352.0
1.0,0.8668555240793201,0.9026548672566371,0.884393063583815,678.0
2.0,0.9966442953020134,0.9893404397068621,0.9929789368104313,1501.0
3.0,0.9211009174311927,0.9261992619926199,0.9236430542778289,542.0
4.0,0.9202392821535393,0.8773764258555133,0.8982968369829684,1052.0
accuracy,0.9357575757575758,0.9357575757575758,0.9357575757575758,0.9357575757575758
macro avg,0.9183958253155229,0.9311596535077811,0.9243098544565204,4125.0
weighted avg,0.9365557625519021,0.9357575757575758,0.9358376356770545,4125.0
