,precision,recall,f1-score,support
0.0,0.9553158705701078,0.9717868338557993,0.9634809634809636,638.0
1.0,0.9929789368104313,0.9831181727904668,0.9880239520958085,1007.0
2.0,0.9743276283618582,0.9719512195121951,0.9731379731379731,820.0
3.0,0.9801587301587301,0.9661016949152542,0.9730794484569928,767.0
4.0,0.996742671009772,0.998911860718172,0.9978260869565218,919.0
5.0,0.9806529625151149,0.99265605875153,0.98661800486618,817.0
accuracy,0.981682769726248,0.981682769726248,0.981682769726248,0.981682769726248
macro avg,0.9800294665710024,0.9807543067572363,0.9803610714990733,4968.0
weighted avg,0.9817535630259927,0.981682769726248,0.981689841644464,4968.0
