,precision,recall,f1-score,support
0.0,0.9646739130434783,0.9543010752688172,0.9594594594594594,372.0
1.0,0.9587628865979382,0.9362416107382551,0.9473684210526315,298.0
2.0,0.8959537572254336,0.9567901234567902,0.9253731343283582,162.0
accuracy,0.9483173076923077,0.9483173076923077,0.9483173076923077,0.9483173076923077
macro avg,0.9397968522889499,0.9491109364879543,0.9440670049468164,832.0
weighted avg,0.9491761352510574,0.9483173076923077,0.9484917742233139,832.0
