,precision,recall,f1-score,support
0.0,0.7052631578947368,0.8874172185430463,0.785923753665689,302.0
1.0,0.9576365663322185,0.8774259448416751,0.9157782515991472,979.0
2.0,0.9,0.8771186440677966,0.8884120171673819,472.0
3.0,0.9125188536953243,0.9350850077279753,0.9236641221374045,647.0
accuracy,0.8941666666666667,0.8941666666666667,0.8941666666666667,0.8941666666666667
macro avg,0.8688546444805698,0.8942617037951233,0.8784445361424056,2400.0
weighted avg,0.9023814043601363,0.8941666666666667,0.8961821004368784,2400.0
