,precision,recall,f1-score,support
0.0,0.8333333333333334,0.9349593495934959,0.8812260536398467,123.0
1.0,0.9521586931155193,0.9272727272727272,0.9395509499136442,880.0
2.0,0.9150743099787686,0.9410480349344978,0.9278794402583423,458.0
3.0,0.9402985074626866,0.9064748201438849,0.9230769230769231,139.0
accuracy,0.93,0.93,0.93,0.93
macro avg,0.9102162109725769,0.9274387329861515,0.9179333417221891,1600.0
weighted avg,0.931378235280779,0.93,0.9302950727923257,1600.0
