,precision,recall,f1-score,support
0.0,0.9959514170040485,0.9959514170040485,0.9959514170040485,494.0
1.0,1.0,0.9980544747081712,0.9990262901655307,514.0
2.0,0.9926873857404022,0.9981617647058824,0.995417048579285,544.0
3.0,0.9900199600798403,0.9821782178217822,0.9860834990059641,505.0
4.0,0.9881188118811881,0.9920477137176938,0.9900793650793651,503.0
accuracy,0.993359375,0.993359375,0.993359375,0.993359375
macro avg,0.9933555149410956,0.9932787175915155,0.9933115239668389,2560.0
weighted avg,0.993361632835678,0.993359375,0.9933548731270104,2560.0
