,precision,recall,f1-score,support
0.0,0.9303030303030303,0.953416149068323,0.941717791411043,322.0
1.0,0.9194630872483222,0.9630931458699473,0.9407725321888413,569.0
2.0,0.9876160990712074,0.9755351681957186,0.9815384615384616,327.0
3.0,0.9849557522123894,0.958656330749354,0.9716281099956351,1161.0
accuracy,0.9613282891971416,0.9613282891971416,0.9613282891971416,0.9613282891971416
macro avg,0.9555844922087373,0.9626751984708357,0.9589142237834952,2379.0
weighted avg,0.962259842419815,0.9613282891971416,0.961562006001604,2379.0
