,precision,recall,f1-score,support
0.0,0.9944903581267218,1.0,0.9972375690607734,361.0
1.0,0.9935622317596566,0.9893162393162394,0.9914346895074947,468.0
2.0,0.9956803455723542,0.9956803455723542,0.9956803455723542,463.0
3.0,0.9933184855233853,0.9933184855233853,0.9933184855233853,449.0
accuracy,0.9942561746122918,0.9942561746122918,0.9942561746122918,0.9942561746122918
macro avg,0.9942628552455295,0.9945787676029947,0.9944177724160019,1741.0
weighted avg,0.9942551084131338,0.9942561746122918,0.9942528415396017,1741.0
