,precision,recall,f1-score,support
0.0,1.0,0.9906542056074766,0.9953051643192489,321.0
1.0,0.9743589743589743,0.9895833333333334,0.9819121447028424,192.0
2.0,0.983739837398374,0.9918032786885246,0.9877551020408164,122.0
3.0,1.0,0.9917355371900827,0.995850622406639,121.0
accuracy,0.9907407407407407,0.9907407407407407,0.9907407407407407,0.9907407407407407
macro avg,0.9895247029393371,0.9909440887048544,0.9902057583673867,756.0
weighted avg,0.9908639989940803,0.9907407407407407,0.9907726683724968,756.0
