,precision,recall,f1-score,support
0.0,0.9833333333333333,0.9966216216216216,0.9899328859060402,296.0
1.0,0.9785932721712538,0.9846153846153847,0.9815950920245399,325.0
2.0,0.976027397260274,0.9965034965034965,0.986159169550173,286.0
3.0,1.0,0.9787985865724381,0.9892857142857143,283.0
4.0,0.9835526315789473,0.964516129032258,0.9739413680781759,310.0
accuracy,0.984,0.984,0.984,0.984
macro avg,0.9843013268687617,0.9842110436690398,0.9841828459689286,1500.0
weighted avg,0.9841030876854908,0.984,0.9839798285830696,1500.0
