,precision,recall,f1-score,support
0.0,0.9925512104283054,0.9925512104283054,0.9925512104283054,537.0
1.0,0.9929947460595446,0.9929947460595446,0.9929947460595446,571.0
accuracy,0.9927797833935018,0.9927797833935018,0.9927797833935018,0.9927797833935018
macro avg,0.992772978243925,0.992772978243925,0.992772978243925,1108.0
weighted avg,0.9927797833935018,0.9927797833935018,0.9927797833935018,1108.0
