,precision,recall,f1-score,support
0.0,0.9963369963369964,1.0,0.998165137614679,544.0
1.0,1.0,0.9905362776025236,0.9952456418383517,634.0
2.0,0.9953542392566783,1.0,0.9976717112922002,857.0
accuracy,0.9970515970515971,0.9970515970515971,0.9970515970515971,0.9970515970515971
macro avg,0.9972304118645582,0.9968454258675079,0.9970274969150769,2035.0
weighted avg,0.9970643287716457,0.9970515970515971,0.9970477780664943,2035.0
