,precision,recall,f1-score,support
0.0,0.9361702127659575,0.9482758620689655,0.9421841541755889,232.0
1.0,0.9653465346534653,0.975,0.9701492537313433,200.0
2.0,0.863849765258216,0.92,0.8910411622276031,200.0
3.0,0.9327354260089686,0.8888888888888888,0.9102844638949671,234.0
4.0,0.9568627450980393,0.9312977099236641,0.9439071566731141,262.0
accuracy,0.9317375886524822,0.9317375886524822,0.9317375886524822,0.9317375886524822
macro avg,0.9309929367569293,0.9326924921763038,0.9315132381405233,1128.0
weighted avg,0.9326142537640277,0.9317375886524822,0.9318573107804115,1128.0
