,precision,recall,f1-score,support
0.0,0.9352226720647774,0.9956896551724138,0.964509394572025,232.0
1.0,0.937799043062201,0.98,0.9584352078239609,200.0
2.0,0.9637305699481865,0.93,0.9465648854961832,200.0
3.0,0.9393939393939394,0.9273504273504274,0.9333333333333335,234.0
4.0,0.967741935483871,0.916030534351145,0.9411764705882353,262.0
accuracy,0.9485815602836879,0.9485815602836879,0.9485815602836879,0.9485815602836879
macro avg,0.9487776319905951,0.9498141233747972,0.9488038583627476,1128.0
weighted avg,0.9491526165213315,0.9485815602836879,0.9483638594848015,1128.0
