,precision,recall,f1-score,support
0.0,0.896600566572238,0.8743093922651933,0.8853146853146853,724.0
1.0,0.9681020733652312,0.9665605095541401,0.9673306772908365,628.0
2.0,0.872,0.8861788617886179,0.8790322580645161,615.0
3.0,0.8652694610778443,0.8757575757575757,0.8704819277108434,660.0
4.0,0.9234828496042217,0.9247027741083224,0.9240924092409241,757.0
accuracy,0.9051418439716312,0.9051418439716312,0.9051418439716312,0.9051418439716312
macro avg,0.905090990123907,0.9055018226947699,0.905250391524361,3384.0
weighted avg,0.9053017948384866,0.9051418439716312,0.9051750479611973,3384.0
