,precision,recall,f1-score,support
0.0,0.8947368421052632,0.8793103448275862,0.8869565217391304,232.0
1.0,0.9743589743589743,0.95,0.9620253164556962,200.0
2.0,0.9045226130653267,0.9,0.9022556390977444,200.0
3.0,0.8620689655172413,0.8547008547008547,0.8583690987124464,234.0
4.0,0.9343065693430657,0.9770992366412213,0.9552238805970148,262.0
accuracy,0.9131205673758865,0.9131205673758865,0.9131205673758865,0.9131205673758865
macro avg,0.9139987928779743,0.9122220872339325,0.9129660913204065,1128.0
weighted avg,0.9130033013760629,0.9131205673758865,0.9129052570649793,1128.0
