,precision,recall,f1-score,support
0.0,0.8,0.7323943661971831,0.7647058823529411,142.0
1.0,0.8699186991869918,0.9145299145299145,0.8916666666666666,117.0
2.0,0.7183098591549296,0.8031496062992126,0.758364312267658,127.0
3.0,0.9906542056074766,0.8091603053435115,0.8907563025210083,131.0
4.0,0.8706896551724138,1.0,0.9308755760368664,101.0
accuracy,0.8414239482200647,0.8414239482200647,0.8414239482200647,0.8414239482200647
macro avg,0.8499144838243623,0.8518468384739644,0.8472737479690281,618.0
weighted avg,0.8484161747970022,0.8414239482200647,0.8413155530130838,618.0
