,precision,recall,f1-score,support
0.0,0.9918032786885246,1.0,0.9958847736625513,121.0
1.0,1.0,0.9873417721518988,0.9936305732484078,79.0
2.0,1.0,1.0,1.0,39.0
3.0,1.0,1.0,1.0,43.0
accuracy,0.9964539007092199,0.9964539007092199,0.9964539007092199,0.9964539007092199
macro avg,0.9979508196721312,0.9968354430379747,0.9973788367277397,282.0
weighted avg,0.9964829670968492,0.9964539007092199,0.9964499038999748,282.0
