,precision,recall,f1-score,support
0.0,0.9924812030075187,0.9962264150943396,0.9943502824858758,265.0
1.0,0.9959349593495935,0.9919028340080972,0.9939148073022313,247.0
accuracy,0.994140625,0.994140625,0.994140625,0.994140625
macro avg,0.9942080811785561,0.9940646245512184,0.9941325448940534,512.0
weighted avg,0.9941473706178556,0.994140625,0.994140199731266,512.0
