,precision,recall,f1-score,support
0.0,0.9924528301886792,0.9924528301886792,0.9924528301886792,265.0
1.0,0.9919028340080972,0.9919028340080972,0.9919028340080972,247.0
accuracy,0.9921875,0.9921875,0.9921875,0.9921875
macro avg,0.9921778320983883,0.9921778320983883,0.9921778320983883,512.0
weighted avg,0.9921875,0.9921875,0.9921875,512.0
