,precision,recall,f1-score,support
0.0,0.9879518072289156,0.9879518072289156,0.9879518072289156,83.0
1.0,1.0,0.9841269841269841,0.9919999999999999,63.0
2.0,0.9787234042553191,1.0,0.989247311827957,46.0
accuracy,0.9895833333333334,0.9895833333333334,0.9895833333333334,0.9895833333333334
macro avg,0.9888917371614115,0.9906929304519666,0.9897330396856242,192.0
weighted avg,0.9896941489361701,0.9895833333333334,0.9895905017921146,192.0
