,precision,recall,f1-score,support
0.0,0.9980916030534351,0.9961904761904762,0.9971401334604386,525.0
1.0,0.9940476190476191,0.99800796812749,0.996023856858847,502.0
2.0,1.0,0.9975429975429976,0.998769987699877,407.0
accuracy,0.99721059972106,0.99721059972106,0.99721059972106,0.99721059972106
macro avg,0.9973797407003514,0.997247147286988,0.9973113260063876,1434.0
weighted avg,0.9972175706868607,0.99721059972106,0.9972119464461099,1434.0
