,precision,recall,f1-score,support
0.0,0.9722222222222222,1.0,0.9859154929577464,105.0
1.0,0.9603174603174603,0.952755905511811,0.9565217391304348,127.0
2.0,0.9605263157894737,0.9798657718120806,0.9700996677740865,149.0
3.0,1.0,0.9615384615384616,0.9803921568627451,104.0
4.0,1.0,0.9923076923076923,0.9961389961389961,130.0
accuracy,0.9772357723577236,0.9772357723577236,0.9772357723577236,0.9772357723577236
macro avg,0.9786131996658313,0.9772935662340092,0.9778136105728018,615.0
weighted avg,0.9774993038150933,0.9772357723577236,0.9772407999028656,615.0
