,precision,recall,f1-score,support
0.0,0.9914529914529915,0.9914529914529915,0.9914529914529915,117.0
1.0,0.9907407407407407,0.9786585365853658,0.9846625766871165,328.0
2.0,0.92,0.971830985915493,0.9452054794520549,71.0
accuracy,0.9806201550387597,0.9806201550387597,0.9806201550387597,0.9806201550387597
macro avg,0.9673979107312441,0.9806475046512834,0.9737736825307209,516.0
weighted avg,0.9811685328739591,0.9806201550387597,0.9807730895241669,516.0
