,precision,recall,f1-score,support
0.0,0.998220640569395,0.9946808510638298,0.9964476021314387,564.0
1.0,0.99644128113879,1.0,0.9982174688057042,280.0
2.0,0.9893617021276596,0.9946524064171123,0.9919999999999999,187.0
accuracy,0.9961202715809894,0.9961202715809894,0.9961202715809894,0.9961202715809894
macro avg,0.994674541278615,0.996444419160314,0.9955550236457142,1031.0
weighted avg,0.9961305900076357,0.9961202715809894,0.9961215701917832,1031.0
