,precision,recall,f1-score,support
0.0,0.9963031423290203,0.9981481481481481,0.9972247918593895,540.0
1.0,0.9965928449744463,0.9915254237288136,0.994052676295667,590.0
2.0,0.972972972972973,0.989010989010989,0.9809264305177112,182.0
3.0,0.993103448275862,0.9896907216494846,0.9913941480206541,291.0
accuracy,0.9931378665003119,0.9931378665003119,0.9931378665003119,0.9931378665003119
macro avg,0.9897431021380754,0.9920938206343588,0.9908995116733554,1603.0
weighted avg,0.9931800748109489,0.9931378665003119,0.9931483306592312,1603.0
