,precision,recall,f1-score,support
0.0,1.0,0.9981884057971014,0.99909338168631,552.0
1.0,0.9965095986038395,0.9982517482517482,0.9973799126637554,572.0
2.0,1.0,0.9952380952380953,0.9976133651551313,210.0
3.0,0.9971181556195965,1.0,0.9985569985569985,346.0
accuracy,0.9982142857142857,0.9982142857142857,0.9982142857142857,0.9982142857142857
macro avg,0.9984069385558589,0.9979195623217363,0.9981609145155488,1680.0
weighted avg,0.9982180787177242,0.9982142857142857,0.9982145148320299,1680.0
