,precision,recall,f1-score,support
0.0,0.9840425531914894,1.0,0.9919571045576407,370.0
1.0,0.9966555183946488,0.9867549668874173,0.9916805324459235,302.0
2.0,1.0,0.987012987012987,0.9934640522875817,231.0
3.0,1.0,1.0,1.0,137.0
accuracy,0.9932692307692308,0.9932692307692308,0.9932692307692308,0.9932692307692308
macro avg,0.9951745178965345,0.993441988475101,0.9942754223227865,1040.0
weighted avg,0.9933516454192644,0.9932692307692308,0.9932710053494492,1040.0
