,precision,recall,f1-score,support
0.0,0.9718875502008032,0.9758064516129032,0.9738430583501007,248.0
1.0,0.980349344978166,0.9676724137931034,0.9739696312364425,464.0
2.0,0.9721627408993576,0.9826839826839827,0.977395048439182,462.0
accuracy,0.975298126064736,0.975298126064736,0.975298126064736,0.975298126064736
macro avg,0.9747998786927757,0.9753876160299965,0.9750692460085751,1174.0
weighted avg,0.975340200012923,0.975298126064736,0.9752908856417685,1174.0
