,precision,recall,f1-score,support
0.0,0.995260663507109,1.0,0.997624703087886,210.0
1.0,1.0,0.9970588235294118,0.9985272459499264,340.0
2.0,0.9975903614457832,0.9975903614457832,0.9975903614457832,415.0
accuracy,0.9979274611398964,0.9979274611398964,0.9979274611398964,0.9979274611398964
macro avg,0.9976170083176307,0.9982163949917316,0.9979141034945318,965.0
weighted avg,0.9979323723694227,0.9979274611398964,0.9979279287786851,965.0
