,precision,recall,f1-score,support
0.0,0.984375,1.0,0.9921259842519685,63.0
1.0,1.0,1.0,1.0,66.0
2.0,1.0,1.0,1.0,66.0
3.0,1.0,0.9836065573770492,0.9917355371900827,61.0
accuracy,0.99609375,0.99609375,0.99609375,0.99609375
macro avg,0.99609375,0.9959016393442623,0.9959653803605129,256.0
weighted avg,0.99615478515625,0.99609375,0.9960929874080823,256.0
