,precision,recall,f1-score,support
0.0,0.987410071942446,0.9981818181818182,0.9927667269439421,550.0
1.0,0.9965397923875432,0.9846153846153847,0.9905417024935512,585.0
2.0,0.9963898916967509,0.9981916817359855,0.997289972899729,553.0
accuracy,0.9934834123222749,0.9934834123222749,0.9934834123222749,0.9934834123222749
macro avg,0.9934465853422467,0.9936629615110627,0.9935328007790741,1688.0
weighted avg,0.9935159527389582,0.9934834123222749,0.9934774589996715,1688.0
