,precision,recall,f1-score,support
0.0,1.0,0.9922480620155039,0.9961089494163424,258.0
1.0,0.9876543209876543,1.0,0.9937888198757764,240.0
2.0,0.9922779922779923,0.9961240310077519,0.9941972920696325,258.0
3.0,0.9897435897435898,0.9821882951653944,0.9859514687100894,393.0
4.0,0.975,0.9811320754716981,0.9780564263322885,159.0
accuracy,0.9900611620795107,0.9900611620795107,0.9900611620795107,0.9900611620795107
macro avg,0.9889351806018473,0.9903384927320695,0.9896205912808258,1308.0
weighted avg,0.9900909708058027,0.9900611620795107,0.9900598058589195,1308.0
