,precision,recall,f1-score,support
0.0,0.9813664596273292,0.9937106918238994,0.9874999999999999,159.0
1.0,0.9902912621359223,0.9855072463768116,0.9878934624697338,207.0
2.0,0.9939024390243902,0.9878787878787879,0.9908814589665653,165.0
3.0,0.9885931558935361,0.9885931558935361,0.9885931558935361,263.0
accuracy,0.9886649874055415,0.9886649874055415,0.9886649874055415,0.9886649874055415
macro avg,0.9885383291702945,0.9889224704932588,0.9887170193324588,794.0
weighted avg,0.9886920160981179,0.9886649874055415,0.9886673645600983,794.0
