,precision,recall,f1-score,support
0.0,0.9737991266375546,0.9780701754385965,0.9759299781181621,228.0
1.0,0.9955156950672646,0.9779735682819384,0.9866666666666667,227.0
2.0,0.9772727272727273,0.9907834101382489,0.9839816933638444,217.0
accuracy,0.9821428571428571,0.9821428571428571,0.9821428571428571,0.9821428571428571
macro avg,0.982195849659182,0.9822757179529279,0.9821927793828911,672.0
weighted avg,0.9822566152854364,0.9821428571428571,0.9821568389943878,672.0
