,precision,recall,f1-score,support
0.0,0.7783132530120482,0.9938461538461538,0.872972972972973,325.0
1.0,0.7476038338658147,0.9957446808510638,0.854014598540146,470.0
2.0,0.8891454965357968,0.941320293398533,0.9144893111638954,409.0
3.0,0.9786476868327402,0.7051282051282052,0.819672131147541,390.0
4.0,0.9889135254988913,0.9550321199143469,0.971677559912854,467.0
5.0,0.9856115107913669,0.6477541371158393,0.7817403708987163,423.0
accuracy,0.8739935587761675,0.8739935587761675,0.8739935587761675,0.8739935587761675
macro avg,0.8947058844227763,0.8731375983756905,0.8690944907726877,2484.0
weighted avg,0.8970994366209697,0.8739935587761675,0.870873967114782,2484.0
