,precision,recall,f1-score,support
0.0,0.8930817610062893,0.9726027397260274,0.9311475409836065,146.0
1.0,0.9456521739130435,0.9157894736842105,0.9304812834224598,285.0
2.0,0.9780821917808219,0.967479674796748,0.9727520435967304,369.0
accuracy,0.95,0.95,0.95,0.95
macro avg,0.9389387089000515,0.9519572960689953,0.9447936226675989,800.0
weighted avg,0.9510164192990735,0.95,0.9501002635577513,800.0
