,precision,recall,f1-score,support
0.0,0.8873239436619719,0.8689655172413793,0.8780487804878048,145.0
1.0,0.9549180327868853,0.966804979253112,0.9608247422680413,482.0
2.0,0.9377593360995851,0.9456066945606695,0.9416666666666668,239.0
3.0,0.9696048632218845,0.9550898203592815,0.9622926093514329,334.0
accuracy,0.9475,0.9475,0.9475,0.9475
macro avg,0.9374015439425817,0.9341167528536106,0.9357081996934865,1200.0
weighted avg,0.9474208077318125,0.9475,0.9474155531671996,1200.0
