,precision,recall,f1-score,support
0.0,0.9962406015037594,1.0,0.9981167608286252,265.0
1.0,1.0,1.0,1.0,256.0
2.0,1.0,1.0,1.0,233.0
3.0,0.9962121212121212,0.9924528301886792,0.9943289224952742,265.0
4.0,0.9923371647509579,0.9923371647509579,0.9923371647509579,261.0
accuracy,0.996875,0.996875,0.996875,0.996875
macro avg,0.9969579774933678,0.9969579989879275,0.9969565696149715,1280.0
weighted avg,0.9968749777497721,0.996875,0.9968735203756511,1280.0
