,precision,recall,f1-score,support
0.0,0.9888888888888889,0.978021978021978,0.9834254143646408,91.0
1.0,0.9894736842105263,0.9947089947089947,0.992084432717678,189.0
accuracy,0.9892857142857143,0.9892857142857143,0.9892857142857143,0.9892857142857143
macro avg,0.9891812865497076,0.9863654863654863,0.9877549235411593,280.0
weighted avg,0.9892836257309942,0.9892857142857143,0.9892702517529409,280.0
