,precision,recall,f1-score,support
0.0,0.9897435897435898,1.0,0.9948453608247423,193.0
1.0,0.9956709956709957,0.9913793103448276,0.9935205183585313,232.0
2.0,0.9955156950672646,1.0,0.9977528089887641,222.0
3.0,1.0,0.9910714285714286,0.9955156950672646,224.0
accuracy,0.9954075774971297,0.9954075774971297,0.9954075774971297,0.9954075774971297
macro avg,0.9952325701204625,0.9956126847290641,0.9954085958098255,871.0
weighted avg,0.9954313066832566,0.9954075774971297,0.9954059175533035,871.0
