,precision,recall,f1-score,support
0.0,0.99375,1.0,0.9968652037617556,159.0
1.0,1.0,0.9905660377358491,0.9952606635071091,106.0
2.0,1.0,1.0,1.0,56.0
3.0,1.0,1.0,1.0,57.0
accuracy,0.9973544973544973,0.9973544973544973,0.9973544973544973,0.9973544973544973
macro avg,0.9984375,0.9976415094339622,0.9980314668172161,378.0
weighted avg,0.9973710317460318,0.9973544973544973,0.9973523749467531,378.0
