,precision,recall,f1-score,support
0.0,1.0,1.0,1.0,141.0
1.0,0.9938271604938271,1.0,0.9969040247678018,161.0
2.0,0.9938650306748467,1.0,0.9969230769230769,162.0
3.0,0.9932885906040269,1.0,0.9966329966329966,148.0
4.0,1.0,0.9782608695652174,0.989010989010989,138.0
accuracy,0.996,0.996,0.996,0.996
macro avg,0.9961961563545401,0.9956521739130435,0.9958942174669729,750.0
weighted avg,0.9960253589576364,0.996,0.9959843819124727,750.0
