,precision,recall,f1-score,support
0.0,0.9963898916967509,1.0,0.9981916817359855,276.0
1.0,1.0,0.996742671009772,0.99836867862969,307.0
2.0,1.0,1.0,1.0,435.0
accuracy,0.9990176817288802,0.9990176817288802,0.9990176817288802,0.9990176817288802
macro avg,0.9987966305655837,0.998914223669924,0.9988534534552252,1018.0
weighted avg,0.9990212280042272,0.9990176817288802,0.9990177686625215,1018.0
