,precision,recall,f1-score,support
0.0,0.8403361344537815,0.8695652173913043,0.8547008547008547,115.0
1.0,0.9180327868852459,0.9655172413793104,0.9411764705882353,116.0
2.0,0.8977272727272727,0.7523809523809524,0.8186528497409326,105.0
3.0,0.7909090909090909,0.8207547169811321,0.8055555555555556,106.0
4.0,0.936,0.9590163934426229,0.9473684210526315,122.0
accuracy,0.8776595744680851,0.8776595744680851,0.8776595744680851,0.8776595744680851
macro avg,0.8766010569950783,0.8734469043150644,0.873490830327642,564.0
weighted avg,0.8784045851304976,0.8776595744680851,0.8765841389342933,564.0
