,precision,recall,f1-score,support
0.0,0.9152542372881356,0.9391304347826087,0.9270386266094419,115.0
1.0,0.8582677165354331,0.9396551724137931,0.8971193415637861,116.0
2.0,0.9423076923076923,0.9333333333333333,0.937799043062201,105.0
3.0,0.9494949494949495,0.8867924528301887,0.9170731707317074,106.0
4.0,0.9137931034482759,0.8688524590163934,0.8907563025210085,122.0
accuracy,0.9131205673758865,0.9131205673758865,0.9131205673758865,0.9131205673758865
macro avg,0.9158235398148973,0.9135527704752635,0.9139572968976291,564.0
weighted avg,0.9146894031306878,0.9131205673758865,0.9131670393761352,564.0
