,precision,recall,f1-score,support
0.0,0.9256198347107438,0.9739130434782609,0.9491525423728814,115.0
1.0,0.9911504424778761,0.9655172413793104,0.9781659388646289,116.0
2.0,0.9803921568627451,0.9523809523809523,0.966183574879227,105.0
3.0,0.9279279279279279,0.9716981132075472,0.9493087557603687,106.0
4.0,0.9743589743589743,0.9344262295081968,0.9539748953974896,122.0
accuracy,0.9592198581560284,0.9592198581560284,0.9592198581560284,0.9592198581560284
macro avg,0.9598898672676534,0.9595871159908536,0.9593571414549192,564.0
weighted avg,0.9602713901097741,0.9592198581560284,0.9593629999868617,564.0
