,precision,recall,f1-score,support
0.0,0.9024390243902439,0.8505747126436781,0.8757396449704142,348.0
1.0,0.9317507418397626,0.9661538461538461,0.9486404833836858,325.0
2.0,0.865814696485623,0.8770226537216829,0.8713826366559485,309.0
3.0,0.8429003021148036,0.8378378378378378,0.8403614457831325,333.0
4.0,0.8851174934725848,0.8992042440318302,0.8921052631578947,377.0
accuracy,0.8859338061465721,0.8859338061465721,0.8859338061465721,0.8859338061465721
macro avg,0.8856044516606035,0.8861586588777749,0.8856458947902152,1692.0
weighted avg,0.8858035510893496,0.8859338061465721,0.8856305165085104,1692.0
