,precision,recall,f1-score,support
0.0,0.9701897018970189,0.9781420765027322,0.9741496598639455,1464.0
1.0,0.9813845258871436,0.974581166955517,0.9779710144927536,1731.0
accuracy,0.9762128325508607,0.9762128325508607,0.9762128325508607,0.9762128325508607
macro avg,0.9757871138920813,0.9763616217291247,0.9760603371783496,3195.0
weighted avg,0.9762548788381475,0.9762128325508607,0.9762200088036846,3195.0
