,precision,recall,f1-score,support
0.0,0.9712230215827338,0.9747292418772563,0.972972972972973,277.0
1.0,0.9556650246305419,0.9371980676328503,0.9463414634146342,207.0
2.0,0.9555555555555556,0.9847328244274809,0.9699248120300753,131.0
3.0,0.9886363636363636,0.9775280898876404,0.983050847457627,89.0
accuracy,0.9659090909090909,0.9659090909090909,0.9659090909090909,0.9659090909090909
macro avg,0.9677699913512988,0.968547055956307,0.9680725239688275,704.0
weighted avg,0.9659344477533431,0.9659090909090909,0.9658492503409254,704.0
