,precision,recall,f1-score,support
0.0,0.994413407821229,0.9888888888888889,0.9916434540389972,360.0
1.0,0.9898734177215189,0.9949109414758269,0.9923857868020304,393.0
accuracy,0.9920318725099602,0.9920318725099602,0.9920318725099602,0.9920318725099602
macro avg,0.992143412771374,0.991899915182358,0.9920146204205138,753.0
weighted avg,0.9920439309165995,0.9920318725099602,0.9920308866762774,753.0
