,precision,recall,f1-score,support
0.0,0.996937212863706,0.9961744452945677,0.9965556831228474,1307.0
1.0,0.9951961569255404,0.9896496815286624,0.9924151696606786,1256.0
2.0,0.9883495145631068,0.9960861056751468,0.9922027290448343,1022.0
accuracy,0.993863319386332,0.993863319386332,0.993863319386332,0.993863319386332
macro avg,0.9934942947841177,0.993970077499459,0.99372452727612,3585.0
weighted avg,0.9938790834574164,0.993863319386332,0.9938641338965675,3585.0
