,precision,recall,f1-score,support
0.0,0.9745042492917847,0.9772727272727273,0.975886524822695,352.0
1.0,0.9366197183098591,0.9568345323741008,0.9466192170818505,278.0
2.0,0.9519230769230769,0.9428571428571428,0.9473684210526315,315.0
3.0,0.9606060606060606,0.9548192771084337,0.957703927492447,332.0
4.0,0.9887640449438202,0.9814126394052045,0.9850746268656717,269.0
accuracy,0.96248382923674,0.96248382923674,0.96248382923674,0.96248382923674
macro avg,0.9624834300149203,0.9626392638035217,0.962530543463059,1546.0
weighted avg,0.9625875076861048,0.96248382923674,0.9625071347168694,1546.0
