,precision,recall,f1-score,support
0.0,0.9828178694158075,0.9727891156462585,0.9777777777777777,294.0
1.0,0.9702602230483272,0.981203007518797,0.9757009345794393,266.0
2.0,0.9363636363636364,0.9493087557603687,0.9427917620137299,217.0
3.0,0.9790209790209791,0.958904109589041,0.9688581314878892,292.0
4.0,0.9761092150170648,0.9862068965517241,0.9811320754716981,290.0
accuracy,0.9705665930831494,0.9705665930831494,0.9705665930831494,0.9705665930831494
macro avg,0.968914384573163,0.9696823770132379,0.9692521362661068,1359.0
weighted avg,0.970694908211248,0.9705665930831494,0.9705841088322539,1359.0
