,precision,recall,f1-score,support
0.0,0.9782016348773842,0.9972222222222222,0.9876203576341128,360.0
1.0,0.9987995198079231,0.9904761904761905,0.9946204423191871,840.0
accuracy,0.9925,0.9925,0.9925,0.9925
macro avg,0.9885005773426536,0.9938492063492064,0.99112039997665,1200.0
weighted avg,0.9926201543287615,0.9925,0.992520416913665,1200.0
