,precision,recall,f1-score,support
0.0,0.9941860465116279,0.9978118161925602,0.995995631598107,1371.0
1.0,0.9985994397759104,0.9902777777777778,0.99442119944212,720.0
2.0,0.985655737704918,0.9876796714579056,0.9866666666666666,487.0
accuracy,0.9937936384794415,0.9937936384794415,0.9937936384794415,0.9937936384794415
macro avg,0.9928137413308188,0.9919230884760811,0.992361165902298,2578.0
weighted avg,0.9938072190335113,0.9937936384794415,0.9937936156656314,2578.0
