,precision,recall,f1-score,support
0.0,1.0,0.997864768683274,0.9989312433202707,1405.0
1.0,0.9971590909090909,0.997867803837953,0.9975133214920071,1407.0
2.0,0.9891540130151844,0.9827586206896551,0.9859459459459459,464.0
3.0,0.9877717391304348,0.9945280437756497,0.991138377641445,731.0
accuracy,0.9955078612428251,0.9955078612428251,0.9955078612428251,0.9955078612428251
macro avg,0.9935212107636775,0.993254809246633,0.9933822220999172,4007.0
weighted avg,0.9955157085731182,0.9955078612428251,0.9955080392261166,4007.0
