,precision,recall,f1-score,support
0.0,0.9890190336749634,0.9948453608247423,0.9919236417033773,1358.0
1.0,0.9923291492329149,0.9875086745315753,0.9899130434782609,1441.0
2.0,0.9798534798534798,0.9834558823529411,0.981651376146789,544.0
3.0,0.9976580796252927,0.9941656942823804,0.9959088252483927,857.0
accuracy,0.9907142857142858,0.9907142857142858,0.9907142857142858,0.9907142857142858
macro avg,0.9897149355966628,0.9899939029979099,0.989849221644205,4200.0
weighted avg,0.9907303378700951,0.9907142857142858,0.9907164792731157,4200.0
