,precision,recall,f1-score,support
0.0,0.9901433691756273,0.9892569382273948,0.9896999552171966,1117.0
1.0,0.9860383944153578,0.9947183098591549,0.9903593339176161,1136.0
2.0,0.9915611814345991,0.9945586457073761,0.9930576516752188,1654.0
3.0,0.9982578397212544,0.9902073732718893,0.9942163100057837,1736.0
accuracy,0.9922027290448343,0.9922027290448343,0.9922027290448343,0.9922027290448343
macro avg,0.9915001961867097,0.9921853167664537,0.9918333127039538,5643.0
weighted avg,0.9922288788364251,0.9922027290448343,0.9922062596755047,5643.0
