,precision,recall,f1-score,support
0.0,0.9981308411214953,1.0,0.9990645463049579,534.0
1.0,0.9927536231884058,0.9963636363636363,0.9945553539019963,825.0
2.0,0.9980916030534351,0.9942965779467681,0.9961904761904762,1052.0
accuracy,0.9962671090833679,0.9962671090833679,0.9962671090833679,0.9962671090833679
macro avg,0.9963253557877788,0.9968867381034681,0.9966034587991435,2411.0
weighted avg,0.9962737348409487,0.9962671090833679,0.996267530339434,2411.0
