,precision,recall,f1-score,support
0.0,0.9482758620689655,0.9939759036144579,0.9705882352941175,166.0
1.0,0.9776119402985075,0.9424460431654677,0.9597069597069599,139.0
2.0,0.9473684210526315,0.9473684210526315,0.9473684210526315,171.0
3.0,0.9875776397515528,0.9695121951219512,0.9784615384615385,164.0
accuracy,0.9640625,0.9640625,0.9640625,0.9640625
macro avg,0.9652084657929143,0.963325640738627,0.9640312886288118,640.0
weighted avg,0.9644759151940555,0.9640625,0.9640384480715364,640.0
