,precision,recall,f1-score,support
0.0,0.851602023608769,0.7990506329113924,0.8244897959183675,632.0
1.0,0.7469512195121951,0.7550077041602465,0.7509578544061302,649.0
2.0,0.7017082785808147,0.8557692307692307,0.7711191335740073,624.0
3.0,0.9547619047619048,0.8459915611814346,0.8970917225950784,948.0
4.0,0.9261904761904762,0.9328537170263789,0.929510155316607,417.0
accuracy,0.8318042813455657,0.8318042813455657,0.8318042813455657,0.8318042813455657
macro avg,0.836242780530832,0.8377345692097368,0.8346337323620381,3270.0
weighted avg,0.8416469420502445,0.8318042813455657,0.8341517509686015,3270.0
