,precision,recall,f1-score,support
0.0,0.9918918918918919,0.9812834224598931,0.9865591397849462,374.0
1.0,0.9921104536489151,0.9901574803149606,0.9911330049261085,508.0
2.0,0.989821882951654,0.970074812967581,0.9798488664987405,401.0
3.0,0.9761904761904762,0.9942938659058488,0.9851590106007067,701.0
accuracy,0.9858870967741935,0.9858870967741935,0.9858870967741935,0.9858870967741935
macro avg,0.9875036761707343,0.9839523954120709,0.9856750054526255,1984.0
weighted avg,0.9859817423862667,0.9858870967741935,0.9858793078019775,1984.0
