,precision,recall,f1-score,support
0.0,0.9272097053726169,0.9435626102292769,0.9353146853146853,567.0
1.0,0.9534883720930233,0.9726277372262774,0.962962962962963,548.0
2.0,0.9264705882352942,0.8920353982300885,0.90892696122633,565.0
accuracy,0.9357142857142857,0.9357142857142857,0.9357142857142857,0.9357142857142857
macro avg,0.935722888566978,0.936075248561881,0.9357348698346595,1680.0
weighted avg,0.9355329840513046,0.9357142857142857,0.9354588472440516,1680.0
