,precision,recall,f1-score,support
0.0,0.9296703296703297,0.9613636363636363,0.9452513966480447,440.0
1.0,0.8453947368421053,0.921146953405018,0.881646655231561,837.0
2.0,0.9817232375979112,0.9926082365364308,0.9871357311630349,1894.0
3.0,0.9254843517138599,0.9052478134110787,0.9152542372881356,686.0
4.0,0.9443059019118869,0.8745188606620478,0.9080735411670663,1299.0
accuracy,0.936966640806827,0.936966640806827,0.936966640806827,0.936966640806827
macro avg,0.9253157115472185,0.9309771000756424,0.9274723122995686,5156.0
weighted avg,0.938240842447921,0.936966640806827,0.9369542041373982,5156.0
