,precision,recall,f1-score,support
0.0,0.94021101992966,0.9709443099273608,0.9553305539011316,826.0
1.0,0.9940119760479041,0.97893850042123,0.9864176570458404,1187.0
2.0,0.9705603038936372,0.9560336763330215,0.9632422243166824,1069.0
3.0,0.978865406006674,0.9586056644880174,0.9686296092460099,918.0
4.0,0.9862187769164513,0.9922010398613518,0.9892008639308855,1154.0
5.0,0.9758139534883721,0.9933712121212122,0.984514312529329,1056.0
accuracy,0.9758454106280193,0.9758454106280193,0.9758454106280193,0.9758454106280193
macro avg,0.9742802393804498,0.975015733858699,0.9745558701616464,6210.0
weighted avg,0.9760370256123175,0.9758454106280193,0.975857266751261,6210.0
