,precision,recall,f1-score,support
0.0,0.9676674364896074,0.95662100456621,0.9621125143513203,438.0
1.0,0.9476309226932669,0.9547738693467337,0.951188986232791,398.0
2.0,0.9466019417475728,0.9558823529411765,0.951219512195122,204.0
accuracy,0.9557692307692308,0.9557692307692308,0.9557692307692308,0.9557692307692308
macro avg,0.9539667669768157,0.9557590756180402,0.9548403375930777,1040.0
weighted avg,0.9558675389719933,0.9557692307692308,0.955795459898398,1040.0
