,precision,recall,f1-score,support
0.0,0.7597087378640777,0.8413978494623656,0.7984693877551021,372.0
1.0,0.9538461538461539,0.9043760129659644,0.9284525790349418,1234.0
2.0,0.882960413080895,0.9276672694394213,0.9047619047619048,553.0
3.0,0.931899641577061,0.9274673008323424,0.9296781883194278,841.0
accuracy,0.9073333333333333,0.9073333333333333,0.9073333333333333,0.9073333333333333
macro avg,0.8821037365920469,0.9002271081750235,0.890340514967844,3000.0
weighted avg,0.910554170443878,0.9073333333333333,0.9083112614946628,3000.0
