,precision,recall,f1-score,support
0.0,0.9983922829581994,0.9983922829581994,0.9983922829581994,622.0
1.0,0.9968944099378882,1.0,0.9984447900466563,642.0
2.0,0.993798449612403,1.0,0.9968895800933125,641.0
3.0,0.9984326018808778,0.9860681114551083,0.9922118380062306,646.0
4.0,0.9969278033794163,1.0,0.9984615384615385,649.0
accuracy,0.996875,0.996875,0.996875,0.996875
macro avg,0.996889109553757,0.9968920788826615,0.9968800059131875,3200.0
weighted avg,0.9968826945593635,0.996875,0.9968681755822907,3200.0
