,precision,recall,f1-score,support
0.0,0.8841309823677582,0.9023136246786633,0.8931297709923665,389.0
1.0,0.883419689119171,0.9304229195088677,0.906312292358804,733.0
2.0,0.9174528301886793,0.9396135265700483,0.928400954653938,414.0
3.0,0.9580014482259233,0.9200278164116829,0.9386307201135153,1438.0
accuracy,0.9229993275050438,0.9229993275050438,0.9229993275050438,0.9229993275050438
macro avg,0.910751237475383,0.9230944717923155,0.916618434529656,2974.0
weighted avg,0.9243124204816413,0.9229993275050438,0.9232896307885,2974.0
