,precision,recall,f1-score,support
0.0,0.9979716024340771,0.9919354838709677,0.9949443882709808,496.0
1.0,0.9929328621908127,0.9894366197183099,0.9911816578483243,568.0
2.0,0.9872262773722628,0.9981549815498155,0.9926605504587156,542.0
3.0,0.9894551845342706,0.987719298245614,0.9885864793678665,570.0
accuracy,0.9917279411764706,0.9917279411764706,0.9917279411764706,0.9917279411764706
macro avg,0.9918964816328557,0.9918115958461768,0.9918432689864718,2176.0
weighted avg,0.9917490248400663,0.9917279411764706,0.9917278997373908,2176.0
