,precision,recall,f1-score,support
0.0,0.9973684210526316,1.0,0.9986824769433464,379.0
1.0,0.9736842105263158,0.9923371647509579,0.98292220113852,261.0
2.0,0.993421052631579,0.967948717948718,0.9805194805194807,156.0
3.0,1.0,0.9865771812080537,0.9932432432432432,149.0
accuracy,0.9904761904761905,0.9904761904761905,0.9904761904761905,0.9904761904761905
macro avg,0.9911184210526316,0.9867157659769323,0.9888418504611476,945.0
weighted avg,0.9905903648008912,0.9904761904761905,0.9904736883205971,945.0
