,precision,recall,f1-score,support
0.0,0.986013986013986,0.3821138211382114,0.5507812500000001,369.0
1.0,1.0,0.11458333333333333,0.205607476635514,384.0
2.0,0.8645320197044335,0.9385026737967914,0.9,374.0
3.0,0.560126582278481,0.9645776566757494,0.7087087087087087,367.0
4.0,0.2846153846153846,0.48556430446194226,0.3588748787584869,381.0
accuracy,0.5733333333333334,0.5733333333333334,0.5733333333333334,0.5733333333333334
macro avg,0.739057594522457,0.5770683578812055,0.544794462820542,1875.0
weighted avg,0.7387621618364176,0.5733333333333334,0.5416634544965957,1875.0
