,precision,recall,f1-score,support
0.0,0.9928571428571429,0.9928571428571429,0.9928571428571429,700.0
1.0,0.9927007299270073,0.9927007299270073,0.9927007299270073,685.0
accuracy,0.9927797833935018,0.9927797833935018,0.9927797833935018,0.9927797833935018
macro avg,0.9927789363920752,0.9927789363920752,0.9927789363920752,1385.0
weighted avg,0.9927797833935018,0.9927797833935018,0.9927797833935018,1385.0
