,precision,recall,f1-score,support
0.0,0.8934517203107658,0.9014557670772676,0.8974358974358975,893.0
1.0,0.9643312101910828,0.9755154639175257,0.9698910954516335,776.0
2.0,0.8915211970074813,0.8959899749373433,0.8937499999999999,798.0
3.0,0.8770186335403727,0.8424821002386634,0.8594035301278149,838.0
4.0,0.9114194236926361,0.9232432432432433,0.9172932330827068,925.0
accuracy,0.9070921985815603,0.9070921985815603,0.9070921985815603,0.9070921985815603
macro avg,0.9075484369484677,0.9077373098828087,0.9075547512196106,4230.0
weighted avg,0.9067640431159066,0.9070921985815603,0.9068403416854225,4230.0
