,precision,recall,f1-score,support
0.0,0.9714285714285714,0.9096989966555183,0.9395509499136442,299.0
1.0,0.950530035335689,0.992619926199262,0.9711191335740073,271.0
2.0,0.9621848739495799,0.9346938775510204,0.94824016563147,245.0
3.0,0.8951048951048951,0.9770992366412213,0.9343065693430658,262.0
4.0,0.9751552795031055,0.9457831325301205,0.9602446483180428,332.0
accuracy,0.9510290986515259,0.9510290986515259,0.9510290986515259,0.9510290986515259
macro avg,0.9508807310643682,0.9519790339154286,0.950692293356046,1409.0
weighted avg,0.9524876592358235,0.9510290986515259,0.9510343535925614,1409.0
