,precision,recall,f1-score,support
0.0,0.8971061093247589,0.9331103678929766,0.9147540983606558,299.0
1.0,0.9064748201438849,0.9298892988929889,0.9180327868852458,271.0
2.0,0.9487179487179487,0.9061224489795918,0.9269311064718163,245.0
3.0,0.9169960474308301,0.8854961832061069,0.9009708737864077,262.0
4.0,0.93993993993994,0.9427710843373494,0.9413533834586466,332.0
accuracy,0.9212207239176721,0.9212207239176721,0.9212207239176721,0.9212207239176721
macro avg,0.9218469731114725,0.9194778766618027,0.9204084497925544,1409.0
weighted avg,0.921673757892073,0.9212207239176721,0.9212066529323224,1409.0
