,precision,recall,f1-score,support
0.0,0.9459459459459459,0.8766859344894027,0.91,519.0
1.0,0.9226804123711341,0.9017632241813602,0.9121019108280255,397.0
2.0,0.7120622568093385,0.9242424242424242,0.8043956043956044,198.0
3.0,0.9014084507042254,0.8311688311688312,0.864864864864865,154.0
accuracy,0.886435331230284,0.886435331230284,0.886435331230284,0.886435331230284
macro avg,0.870524266457661,0.8834651035205046,0.8728405950221236,1268.0
weighted avg,0.8967313075031434,0.886435331230284,0.8886861020964077,1268.0
