,precision,recall,f1-score,support
0.0,0.9908396946564886,0.9516129032258065,0.9708302169035153,682.0
1.0,0.9529243937232525,0.9910979228486647,0.9716363636363636,674.0
accuracy,0.9712389380530974,0.9712389380530974,0.9712389380530974,0.9712389380530974
macro avg,0.9718820441898706,0.9713554130372356,0.9712332902699394,1356.0
weighted avg,0.9719938887353964,0.9712389380530974,0.9712309122559782,1356.0
