,precision,recall,f1-score,support
0.0,0.8439306358381503,0.8295454545454546,0.836676217765043,528.0
1.0,0.8546168958742633,0.8579881656804734,0.8562992125984252,507.0
2.0,0.88,0.9217877094972067,0.9004092769440655,358.0
3.0,0.8382352941176471,0.8231046931407943,0.8306010928961749,554.0
accuracy,0.8520801232665639,0.8520801232665639,0.8520801232665639,0.8520801232665639
macro avg,0.8541957064575152,0.8581065057159822,0.8559964500509272,1947.0
weighted avg,0.8517249588453883,0.8520801232665639,0.8517762046110943,1947.0
