,precision,recall,f1-score,support
0.0,0.8733509234828496,0.9538904899135446,0.9118457300275481,347.0
1.0,0.9372549019607843,0.8184931506849316,0.8738574040219378,292.0
2.0,0.9434782608695652,0.9644444444444444,0.9538461538461539,225.0
accuracy,0.9108796296296297,0.9108796296296297,0.9108796296296297,0.9108796296296297
macro avg,0.9180280287710664,0.9122760283476401,0.9131830959652133,864.0
weighted avg,0.9132104288388311,0.9108796296296297,0.9099446931821177,864.0
