,precision,recall,f1-score,support
0.0,0.9949281487743026,0.9808333333333333,0.9878304657994125,2400.0
1.0,0.9721348314606741,0.9813974591651543,0.9767441860465117,2204.0
2.0,0.9790547798066596,0.9859383450513791,0.9824845055241175,1849.0
accuracy,0.9824887649155432,0.9824887649155432,0.9824887649155432,0.9824887649155432
macro avg,0.982039253347212,0.9827230458499555,0.9823530524566806,6453.0
weighted avg,0.9825949191787022,0.9824887649155432,0.9825121888546715,6453.0
