,precision,recall,f1-score,support
0.0,0.9754601226993865,0.9689404364065265,0.972189349112426,5087.0
1.0,0.9688485804416404,0.9753870583564906,0.972106824925816,5038.0
accuracy,0.9721481481481481,0.9721481481481481,0.9721481481481481,0.9721481481481481
macro avg,0.9721543515705134,0.9721637473815086,0.972148087019121,10125.0
weighted avg,0.9721703498702977,0.9721481481481481,0.9721482867072764,10125.0
