,precision,recall,f1-score,support
0.0,0.8488805970149254,0.8410351201478743,0.8449396471680594,541.0
1.0,0.8262806236080178,0.7944325481798715,0.8100436681222708,467.0
2.0,0.868421052631579,0.717391304347826,0.7857142857142858,414.0
3.0,0.7655502392344498,0.8888888888888888,0.8226221079691516,540.0
4.0,0.9288617886178862,0.9442148760330579,0.9364754098360656,484.0
accuracy,0.8421913327882257,0.8421913327882257,0.8421913327882257,0.8421913327882257
macro avg,0.8475988602213717,0.8371925475195038,0.8399590237619666,2446.0
weighted avg,0.845302536744543,0.8421913327882257,0.841438468144208,2446.0
