,precision,recall,f1-score,support
0.0,0.8806509945750453,0.7515432098765432,0.8109908409658618,648.0
1.0,0.7969052224371374,0.7877629063097514,0.7923076923076923,523.0
2.0,0.7256493506493507,0.7925531914893617,0.7576271186440678,564.0
3.0,0.7587354409317804,0.7676767676767676,0.7631799163179916,594.0
4.0,0.8669354838709677,0.947136563876652,0.9052631578947369,454.0
accuracy,0.8020122170319799,0.8020122170319799,0.8020122170319799,0.8020122170319799
macro avg,0.8057752984928562,0.8093345278458152,0.80587374522607,2783.0
weighted avg,0.8052414916192536,0.8020122170319799,0.8018393916331849,2783.0
