,precision,recall,f1-score,support
0.0,0.8202846975088968,0.8747628083491461,0.8466483011937558,527.0
1.0,0.8753709198813057,0.8016304347826086,0.8368794326241134,1472.0
2.0,0.45145631067961167,0.5758513931888545,0.5061224489795918,323.0
accuracy,0.7868217054263565,0.7868217054263565,0.7868217054263565,0.7868217054263565
macro avg,0.7157039760232714,0.7507482121068697,0.7298833942658204,2322.0
weighted avg,0.8039002661507257,0.7868217054263565,0.7930868779380759,2322.0
