,precision,recall,f1-score,support
0.0,0.9861166203887346,0.9872915011914217,0.9867037110537805,2518.0
1.0,0.993660855784469,0.9781591263650546,0.9858490566037736,1282.0
2.0,0.9614935822637106,0.9809523809523809,0.9711255156157925,840.0
accuracy,0.9836206896551725,0.9836206896551725,0.9836206896551725,0.9836206896551725
macro avg,0.9804236861456381,0.9821343361696191,0.981226094424449,4640.0
weighted avg,0.9837434216284568,0.9836206896551725,0.9836473853699834,4640.0
