,precision,recall,f1-score,support
0.0,0.9984356667970278,0.9976553341148886,0.9980453479280689,2559.0
1.0,0.9919839679358717,0.9833134684147795,0.9876296887470072,2517.0
2.0,0.9508771929824561,0.9667063020214031,0.9587264150943395,841.0
3.0,0.9846860643185299,0.9922839506172839,0.9884704073789393,1296.0
accuracy,0.988077083044503,0.988077083044503,0.988077083044503,0.988077083044503
macro avg,0.9814957230084714,0.9849897637920888,0.9832179647870888,7213.0
weighted avg,0.9881687754447863,0.988077083044503,0.9881059940359892,7213.0
