,precision,recall,f1-score,support
0.0,0.9510679611650485,0.9683669434559115,0.9596394984326019,2529.0
1.0,0.9458689458689459,0.9218564061880207,0.9337083165930092,2521.0
2.0,0.8885383806519453,0.8998935037273695,0.8941798941798943,939.0
3.0,0.9625871908687381,0.9662635264162953,0.9644218551461246,1571.0
accuracy,0.9439153439153439,0.9439153439153439,0.9439153439153439,0.9439153439153439
macro avg,0.9370156196386695,0.9390950949468992,0.9379873910879075,7560.0
weighted avg,0.9439614421440454,0.9439153439153439,0.9438556366053582,7560.0
