,precision,recall,f1-score,support
0.0,0.9203314212874443,0.9168253968253969,0.9185750636132315,1575.0
1.0,0.926509186351706,0.9438502673796791,0.9350993377483443,1496.0
2.0,0.909967845659164,0.844776119402985,0.8761609907120742,1005.0
3.0,0.8279569892473119,0.8968386023294509,0.8610223642172524,601.0
accuracy,0.9074192858670088,0.9074192858670088,0.9074192858670088,0.9074192858670088
macro avg,0.8961913606364066,0.900572596484378,0.8977144390727256,4677.0
weighted avg,0.9082102986390787,0.9074192858670088,0.9073509880313376,4677.0
