,precision,recall,f1-score,support
0.0,0.918784255107125,0.9088220798422868,0.9137760158572844,2029.0
1.0,0.9464454976303317,0.9698882952889752,0.9580235068361718,2059.0
2.0,0.9509483322432962,0.958470665787739,0.9546946815495732,3034.0
3.0,0.9829031176667784,0.9657444005270093,0.9742482139890348,3036.0
accuracy,0.9530419373892498,0.9530419373892498,0.9530419373892498,0.9530419373892498
macro avg,0.9497703006618828,0.9507313603615025,0.950185604558016,10158.0
weighted avg,0.9531616104051692,0.9530419373892498,0.9530402813784429,10158.0
