,precision,recall,f1-score,support
0.0,0.9906347554630593,0.9885773624091381,0.9896049896049897,963.0
1.0,0.9795774647887324,0.9335570469798657,0.9560137457044674,1490.0
2.0,0.9489274770173647,0.985153764581124,0.9667013527575443,1886.0
accuracy,0.9681954367365753,0.9681954367365753,0.9681954367365753,0.9681954367365753
macro avg,0.9730465657563855,0.9690960579900426,0.9707733626890004,4339.0
weighted avg,0.9687091296844633,0.9681954367365753,0.968114505044939,4339.0
