,precision,recall,f1-score,support
0.0,0.7407407407407407,0.1360544217687075,0.22988505747126436,294.0
1.0,0.6309523809523809,0.7412587412587412,0.6816720257234726,286.0
2.0,0.3505291005291005,0.9298245614035088,0.5091258405379443,285.0
3.0,0.16666666666666666,0.003484320557491289,0.006825938566552901,287.0
accuracy,0.4496527777777778,0.4496527777777778,0.4496527777777778,0.4496527777777778
macro avg,0.4722222222222222,0.4526555112471122,0.35687721557480856,1152.0
weighted avg,0.4739273313492063,0.4496527777777778,0.3555593013675171,1152.0
