,precision,recall,f1-score,support
0.0,0.9028400597907325,0.815114709851552,0.8567375886524823,741.0
1.0,0.8241335044929397,0.9080622347949081,0.8640646029609691,707.0
accuracy,0.8604972375690608,0.8604972375690608,0.8604972375690608,0.8604972375690608
macro avg,0.863486782141836,0.8615884723232301,0.8604010958067256,1448.0
weighted avg,0.864410823191603,0.8604972375690608,0.8603150742298996,1448.0
