,precision,recall,f1-score,support
0.0,0.978414442700157,0.9807238394964595,0.9795677799607072,2542.0
1.0,0.9566744730679156,0.9680094786729858,0.9623085983510011,2532.0
2.0,0.9895287958115183,0.9753870583564906,0.982407037185126,2519.0
accuracy,0.9747135519557487,0.9747135519557487,0.9747135519557487,0.9747135519557487
macro avg,0.9748725705265303,0.974706792175312,0.9747611384989447,7593.0
weighted avg,0.9748521422100588,0.9747135519557487,0.974754378289765,7593.0
