,precision,recall,f1-score,support
0.0,0.8947368421052632,0.8825136612021858,0.8885832187070151,366.0
1.0,0.9397759103641457,0.9464033850493653,0.9430780042164442,709.0
accuracy,0.9246511627906977,0.9246511627906977,0.9246511627906977,0.9246511627906977
macro avg,0.9172563762347044,0.9144585231257756,0.9158306114617296,1075.0
weighted avg,0.9244416787522842,0.9246511627906977,0.9245244307313734,1075.0
