,precision,recall,f1-score,support
0.0,0.9805996472663139,0.969485614646905,0.975010960105217,1147.0
1.0,0.9546599496221663,0.982713915298185,0.9684838160136287,1157.0
2.0,0.9727112676056338,0.9659090909090909,0.9692982456140351,1144.0
3.0,0.9863258026159334,0.9606253618992473,0.973305954825462,1727.0
4.0,0.9528936742934051,0.9957805907172996,0.9738651994497937,711.0
accuracy,0.971967380224261,0.971967380224261,0.971967380224261,0.971967380224261
macro avg,0.9694380682806905,0.9749029146941455,0.9719928352016274,5886.0
weighted avg,0.9723009022780295,0.971967380224261,0.9719789466774184,5886.0
