,precision,recall,f1-score,support
0.0,0.8167613636363636,0.8226037195994278,0.819672131147541,699.0
1.0,0.9157127991675338,0.9659714599341384,0.9401709401709402,911.0
2.0,0.948220064724919,0.8443804034582133,0.8932926829268292,694.0
3.0,0.8743211792086889,0.888801261829653,0.8815017598748534,1268.0
accuracy,0.8868980963045913,0.8868980963045913,0.8868980963045913,0.8868980963045913
macro avg,0.8887538516843763,0.8804392112053581,0.883659378530041,3572.0
weighted avg,0.8879715938911403,0.8868980963045913,0.8866561869094041,3572.0
