,precision,recall,f1-score,support
0.0,0.81648675171737,0.81648675171737,0.8164867517173698,1019.0
1.0,0.9467455621301775,0.964824120603015,0.9556993529118964,995.0
2.0,0.8254288597376388,0.80990099009901,0.8175912043978012,1010.0
accuracy,0.8630952380952381,0.8630952380952381,0.8630952380952381,0.8630952380952381
macro avg,0.8628870578617288,0.8637372874731316,0.8632591030090224,3024.0
weighted avg,0.8623329969095705,0.8630952380952381,0.8626613665969299,3024.0
