,precision,recall,f1-score,support
0.0,0.697215777262181,0.6164102564102564,0.6543277082199237,975.0
1.0,0.7886486486486487,0.8380241240666284,0.8125870231133389,1741.0
2.0,0.7647058823529411,0.7358490566037735,0.7499999999999999,954.0
3.0,0.9391353811149032,0.9499424626006905,0.944508009153318,3476.0
accuracy,0.84858662188637,0.84858662188637,0.84858662188637,0.84858662188637
macro avg,0.7974264223446685,0.7850564749203373,0.7903556851216451,7146.0
weighted avg,0.8461778164914684,0.84858662188637,0.8468084750310217,7146.0
