,precision,recall,f1-score,support
0.0,0.922979797979798,0.9568062827225131,0.9395886889460154,764.0
1.0,0.9541666666666667,0.9184491978609626,0.9359673024523162,748.0
accuracy,0.9378306878306878,0.9378306878306878,0.9378306878306878,0.9378306878306878
macro avg,0.9385732323232323,0.9376277402917379,0.9377779956991659,1512.0
weighted avg,0.9384082224360003,0.9378306878306878,0.9377971564742648,1512.0
