,precision,recall,f1-score,support
0.0,0.8039825762289982,0.8472131147540983,0.8250319284802042,1525.0
1.0,0.9490268767377201,0.928377153218495,0.9385884509624198,2206.0
2.0,0.8569844789356984,0.8085774058577406,0.8320775026910657,1912.0
3.0,0.8283671036948749,0.8393719806763285,0.8338332333533292,1656.0
4.0,0.9532250123092073,0.9598413485374319,0.9565217391304348,2017.0
5.0,0.9526315789473684,0.9720730397422127,0.9622541201488569,1862.0
accuracy,0.8965825729110753,0.8965825729110753,0.8965825729110753,0.8965825729110753
macro avg,0.890702937808978,0.8925756737977179,0.8913844957943851,11178.0
weighted avg,0.8969772603421069,0.8965825729110753,0.8965361739915101,11178.0
