,precision,recall,f1-score,support
0.0,0.8129496402877698,0.8800623052959502,0.8451757666417353,1284.0
1.0,0.8717688798783578,0.8329297820823245,0.8519068845963348,2065.0
2.0,0.8871748336358136,0.8834337349397591,0.8853003320253547,3320.0
accuracy,0.8671464987254461,0.8671464987254461,0.8671464987254461,0.8671464987254461
macro avg,0.8572977846006471,0.8654752741060112,0.860794327754475,6669.0
weighted avg,0.8681137386038696,0.8671464987254461,0.8672350432424047,6669.0
