,precision,recall,f1-score,support
0.0,0.543010752688172,0.7038327526132404,0.6130500758725341,287.0
1.0,0.801522842639594,0.8035623409669211,0.8025412960609911,1965.0
2.0,0.74581589958159,0.6803435114503816,0.7115768463073852,1048.0
3.0,0.6754966887417219,0.68,0.6777408637873754,300.0
accuracy,0.7494444444444445,0.7494444444444445,0.7494444444444445,0.7494444444444445
macro avg,0.6914615459127694,0.7169346512576359,0.7012272705070715,3600.0
weighted avg,0.7541945947756473,0.7494444444444445,0.7505538368337826,3600.0
