,precision,recall,f1-score,support
0.0,0.7866043613707165,0.7686453576864536,0.7775211701308699,657.0
1.0,0.83828125,0.8632341110217217,0.8505747126436782,1243.0
2.0,0.9475566150178785,0.9352941176470588,0.941385435168739,1700.0
accuracy,0.88,0.88,0.88,0.88
macro avg,0.8574807421295317,0.855724528785078,0.8564937726477625,3600.0
weighted avg,0.8804524735280428,0.88,0.8801252823274806,3600.0
