,precision,recall,f1-score,support
0.0,0.9787610619469026,0.9642545771578029,0.9714536671058409,1147.0
1.0,0.9445822994210091,0.9870354364736387,0.9653423499577346,1157.0
2.0,0.9126530612244897,0.9713292788879235,0.941077441077441,1151.0
3.0,0.9225684608120869,0.8488271068635969,0.8841628959276018,1151.0
4.0,0.9366754617414248,0.9228769497400346,0.9297250109122654,1154.0
accuracy,0.9388888888888889,0.9388888888888889,0.9388888888888889,0.9388888888888889
macro avg,0.9390480690291826,0.9388646698245994,0.9383522729961769,5760.0
weighted avg,0.9390250196522412,0.9388888888888889,0.9383529072147669,5760.0
