,precision,recall,f1-score,support
0.0,0.917910447761194,0.9594383775351014,0.9382151029748285,641.0
1.0,0.9714285714285714,0.9414270500532481,0.9561925365062195,939.0
accuracy,0.9487341772151898,0.9487341772151898,0.9487341772151898,0.9487341772151898
macro avg,0.9446695095948827,0.9504327137941748,0.9472038197405239,1580.0
weighted avg,0.9497164718900974,0.9487341772151898,0.9488991599912691,1580.0
