,precision,recall,f1-score,support
0.0,0.5974025974025974,0.6433566433566433,0.6195286195286195,715.0
1.0,0.5933806146572104,0.5721884498480243,0.5825918762088975,1316.0
2.0,0.5927272727272728,0.6839160839160839,0.6350649350649351,715.0
3.0,0.7601446364001607,0.7257383966244726,0.7425431711145998,2607.0
accuracy,0.6713992153932374,0.6713992153932374,0.6713992153932374,0.6713992153932374
macro avg,0.6359137802968102,0.656299893436306,0.644932150479263,5353.0
weighted avg,0.6750474151180581,0.6713992153932374,0.672433279977781,5353.0
