,precision,recall,f1-score,support
0.0,0.9477866061293984,0.9846698113207547,0.9658762290341237,848.0
1.0,0.9510556621880998,0.9556412729026037,0.9533429533429534,1037.0
2.0,0.9200799200799201,0.9265593561368209,0.9233082706766917,994.0
3.0,0.9496475327291037,0.9084778420038536,0.9286065977351059,1038.0
accuracy,0.9420474853203983,0.9420474853203983,0.9420474853203983,0.9420474853203983
macro avg,0.9421424302816305,0.9438370705910083,0.9427835126972186,3917.0
weighted avg,0.9421142055703444,0.9420474853203983,0.9418794369004981,3917.0
