,precision,recall,f1-score,support
0.0,0.9670781893004116,0.9929577464788732,0.9798471160528145,710.0
1.0,0.983132530120482,0.8927789934354485,0.9357798165137614,457.0
2.0,0.9115646258503401,0.9925925925925926,0.9503546099290779,270.0
3.0,1.0,0.9962121212121212,0.9981024667931689,264.0
accuracy,0.9664902998236331,0.9664902998236331,0.9664902998236331,0.9664902998236331
macro avg,0.9654438363178084,0.9686353634297589,0.9660210023222057,1701.0
weighted avg,0.967689317841237,0.9664902998236331,0.9661596851608084,1701.0
