,precision,recall,f1-score,support
0.0,0.956268221574344,0.9425287356321839,0.9493487698986975,1392.0
1.0,0.9431009957325747,0.9567099567099567,0.9498567335243552,1386.0
accuracy,0.9496040316774658,0.9496040316774658,0.9496040316774658,0.9496040316774658
macro avg,0.9496846086534594,0.9496193461710702,0.9496027517115264,2778.0
weighted avg,0.9496988281198111,0.9496040316774658,0.9496022031546952,2778.0
