,precision,recall,f1-score,support
0.0,0.987062404870624,1.0,0.9934890846418997,1297.0
1.0,0.9831130690161527,0.9759475218658892,0.9795171909290417,1372.0
2.0,0.9915878023133544,0.9879518072289156,0.9897664654946209,1909.0
accuracy,0.9877675840978594,0.9877675840978594,0.9877675840978594,0.9877675840978594
macro avg,0.9872544254000437,0.9879664430316016,0.9875909136885208,4578.0
weighted avg,0.9877658768946165,0.9877675840978594,0.9877494782360028,4578.0
