,precision,recall,f1-score,support
0.0,0.7903525046382189,0.7845303867403315,0.7874306839186691,543.0
1.0,0.7944111776447106,0.8189300411522634,0.806484295845998,486.0
2.0,0.6215644820295984,0.630901287553648,0.6261980830670927,466.0
3.0,0.7468982630272953,0.6206185567010309,0.677927927927928,485.0
4.0,0.6731078904991948,0.7504488330341114,0.7096774193548387,557.0
accuracy,0.7240835632636973,0.7240835632636973,0.7240835632636973,0.7240835632636973
macro avg,0.7252668635678036,0.721085821036277,0.7215436820229053,2537.0
weighted avg,0.7260784562695959,0.7240835632636973,0.7234607424059708,2537.0
