,precision,recall,f1-score,support
0.0,0.7504990019960079,0.6924493554327809,0.7203065134099618,543.0
1.0,0.8528225806451613,0.8703703703703703,0.8615071283095722,486.0
2.0,0.6915520628683693,0.7553648068669528,0.722051282051282,466.0
3.0,0.7610993657505285,0.7422680412371134,0.7515657620041754,485.0
4.0,0.7240143369175627,0.725314183123878,0.724663677130045,557.0
accuracy,0.7548285376428853,0.7548285376428853,0.7548285376428853,0.7548285376428853
macro avg,0.755997469635526,0.7571533514062191,0.7560188725810072,2537.0
weighted avg,0.7554848922452225,0.7548285376428853,0.7546085381590142,2537.0
