,precision,recall,f1-score,support
0.0,0.6904458598726114,0.6662569145666871,0.678135752267751,1627.0
1.0,0.8493589743589743,0.9227019498607242,0.8845126835781041,1436.0
2.0,0.6807095343680709,0.6531914893617021,0.6666666666666666,1410.0
3.0,0.6101337086558761,0.5938356164383561,0.601874349184311,1460.0
4.0,0.7140350877192982,0.7263533610945866,0.7201415511648482,1681.0
accuracy,0.7115839243498818,0.7115839243498818,0.7115839243498818,0.7115839243498818
macro avg,0.7089366329949662,0.7124678662644113,0.7102662005723362,7614.0
weighted avg,0.7084217942927404,0.7115839243498818,0.7095851825420268,7614.0
