,precision,recall,f1-score,support
0.0,0.5961538461538461,0.6279926335174953,0.611659192825112,543.0
1.0,0.8666666666666667,0.8827160493827161,0.8746177370030581,486.0
2.0,0.5844155844155844,0.48283261802575106,0.5287896592244418,466.0
3.0,0.5553145336225597,0.5278350515463918,0.5412262156448203,485.0
4.0,0.8157051282051282,0.9138240574506283,0.8619813717188823,557.0
accuracy,0.693732755222704,0.693732755222704,0.693732755222704,0.693732755222704
macro avg,0.683651151812757,0.6870400819845964,0.683654835283263,2537.0
weighted avg,0.6862138376099324,0.693732755222704,0.6883048804577325,2537.0
