,precision,recall,f1-score,support
0.0,0.8271604938271605,0.7204301075268817,0.7701149425287357,186.0
1.0,0.9454643628509719,0.9605046626439934,0.9529251700680271,1823.0
2.0,0.6830985915492958,0.6598639455782312,0.6712802768166091,147.0
accuracy,0.9192949907235621,0.9192949907235621,0.9192949907235621,0.9192949907235621
macro avg,0.8185744827424761,0.7802662385830356,0.7981067964711239,2156.0
weighted avg,0.9173696095950464,0.9192949907235621,0.9179509114269017,2156.0
