,precision,recall,f1-score,support
0.0,0.8389610389610389,0.7727272727272727,0.8044831880448319,418.0
1.0,0.8432055749128919,0.8203389830508474,0.831615120274914,295.0
2.0,0.6176470588235294,0.8689655172413793,0.7220630372492837,145.0
3.0,0.9727272727272728,0.8359375,0.8991596638655464,128.0
accuracy,0.8093306288032455,0.8093306288032455,0.8093306288032455,0.8093306288032455
macro avg,0.8181352363561832,0.8244923182548749,0.814330252358644,986.0
weighted avg,0.8250499729447466,0.8093306288032455,0.8127708016833421,986.0
