,precision,recall,f1-score,support
0.0,0.9435569755058573,0.9736263736263736,0.9583558680367766,910.0
1.0,0.9718640093786636,0.9399092970521542,0.9556195965417867,882.0
accuracy,0.95703125,0.95703125,0.95703125,0.95703125
macro avg,0.9577104924422604,0.9567678353392639,0.9569877322892817,1792.0
weighted avg,0.9574893437401292,0.95703125,0.9570091094103362,1792.0
