,precision,recall,f1-score,support
0.0,0.9257585539057457,0.7623604465709729,0.8361516034985422,1881.0
1.0,0.7343423799582464,0.8435251798561151,0.7851562499999999,1668.0
2.0,0.731016731016731,0.7727891156462585,0.7513227513227514,1470.0
accuracy,0.7923889220960351,0.7923889220960351,0.7923889220960351,0.7923889220960351
macro avg,0.7970392216269078,0.7928915806911155,0.7908768682737645,5019.0
weighted avg,0.8051065001517548,0.7923889220960351,0.794358684125364,5019.0
