,precision,recall,f1-score,support
0.0,0.9825713564031321,0.9941221569128545,0.9883130081300813,3913.0
1.0,0.9941266598569969,0.9825845532559313,0.9883219091139883,3962.0
accuracy,0.9883174603174604,0.9883174603174604,0.9883174603174604,0.9883174603174604
macro avg,0.9883490081300645,0.9883533550843929,0.9883174586220348,7875.0
weighted avg,0.988384957963032,0.9883174603174604,0.9883174863139847,7875.0
