,precision,recall,f1-score,support
0.0,0.9816326530612245,0.983640081799591,0.982635342185904,489.0
1.0,0.9518072289156626,0.9657701711491442,0.9587378640776699,409.0
2.0,0.9447004608294931,0.9050772626931567,0.9244644870349492,453.0
3.0,0.8918918918918919,0.9366812227074236,0.9137380191693292,458.0
4.0,1.0,0.9691011235955056,0.9843081312410842,356.0
accuracy,0.9515011547344111,0.9515011547344111,0.9515011547344111,0.9515011547344111
macro avg,0.9540064469396544,0.952053972388964,0.9527767687417873,2165.0
weighted avg,0.9523063830095572,0.9515011547344111,0.9516492327320483,2165.0
