,precision,recall,f1-score,support
0.0,0.9285714285714286,0.875,0.900990099009901,416.0
1.0,0.8368983957219251,0.9020172910662824,0.8682385575589459,347.0
2.0,0.8738738738738738,0.879154078549849,0.8765060240963854,331.0
3.0,0.9097938144329897,0.8228438228438228,0.8641370869033047,429.0
4.0,0.891566265060241,0.9762532981530343,0.9319899244332495,379.0
accuracy,0.8890641430073607,0.8890641430073607,0.8890641430073607,0.8890641430073607
macro avg,0.8881407555320916,0.8910536981225977,0.8883723384003573,1902.0
weighted avg,0.8907186491603883,0.8890641430073607,0.8886188992001556,1902.0
