,precision,recall,f1-score,support
0.0,0.997289972899729,1.0,0.9986431478968791,368.0
1.0,0.9966216216216216,1.0,0.9983079526226735,295.0
2.0,1.0,0.9917695473251029,0.9958677685950413,243.0
accuracy,0.9977924944812362,0.9977924944812362,0.9977924944812362,0.9977924944812362
macro avg,0.9979705315071169,0.9972565157750344,0.9976062897048646,906.0
weighted avg,0.9977992145755835,0.9977924944812362,0.9977896161350278,906.0
