,precision,recall,f1-score,support
0.0,0.9471153846153846,0.9380952380952381,0.9425837320574162,420.0
1.0,0.9365768896611643,0.948943661971831,0.9427197201574115,1136.0
2.0,0.8410041841004184,0.804,0.8220858895705522,250.0
accuracy,0.9263565891472868,0.9263565891472868,0.9263565891472868,0.9263565891472868
macro avg,0.9082321527923224,0.8970129666890231,0.90246311392846,1806.0
weighted avg,0.9257978151819759,0.9263565891472868,0.9259890597760645,1806.0
