,precision,recall,f1-score,support
0.0,0.9883870967741936,0.9801663467690339,0.9842595566977193,1563.0
1.0,0.984375,0.987460815047022,0.9859154929577465,1595.0
2.0,0.9827077182623366,0.9940273037542662,0.9883351007423118,2344.0
3.0,0.9957983193277311,0.9879116298457691,0.9918392969240426,2399.0
accuracy,0.9881027718010379,0.9881027718010379,0.9881027718010379,0.9881027718010379
macro avg,0.9878170335910653,0.9873915238540227,0.9875873618304549,7901.0
weighted avg,0.9881425410621705,0.9881027718010379,0.9881043979049359,7901.0
