,precision,recall,f1-score,support
0.0,0.7684630738522954,0.8984830805134189,0.8284023668639052,857.0
1.0,0.8538461538461538,0.8319800124921923,0.8427712749130021,1601.0
2.0,0.8783958602846055,0.823030303030303,0.8498122653316647,1650.0
accuracy,0.8422590068159689,0.8422590068159689,0.8422590068159689,0.8422590068159689
macro avg,0.8335683626610182,0.8511644653453047,0.8403286357028573,4108.0
weighted avg,0.8458942833662872,0.8422590068159689,0.842601722817753,4108.0
