,precision,recall,f1-score,support
0.0,0.9736495388669302,0.9892904953145917,0.9814077025232404,747.0
1.0,0.9982440737489026,0.9930131004366812,0.9956217162872154,1145.0
2.0,0.989844278943805,0.98583951449764,0.9878378378378377,1483.0
accuracy,0.989037037037037,0.989037037037037,0.989037037037037,0.989037037037037
macro avg,0.9872459638532126,0.9893810367496375,0.9882890855494312,3375.0
weighted avg,0.9891095513036305,0.989037037037037,0.9890553873917735,3375.0
