,precision,recall,f1-score,support
0.0,0.9808695652173913,0.9724137931034482,0.9766233766233766,580.0
1.0,0.9709618874773139,0.9798534798534798,0.97538742023701,546.0
accuracy,0.9760213143872114,0.9760213143872114,0.9760213143872114,0.9760213143872114
macro avg,0.9759157263473526,0.9761336364784641,0.9760053984301933,1126.0
weighted avg,0.9760653094038193,0.9760213143872114,0.9760240585177317,1126.0
