,precision,recall,f1-score,support
0.0,0.9943877551020408,0.991353001017294,0.9928680590932246,1966.0
1.0,0.9818639798488665,0.9883367139959433,0.9850897144301239,1972.0
2.0,0.9938806731259562,0.9903455284552846,0.9921099516416392,1968.0
accuracy,0.9900101591601761,0.9900101591601761,0.9900101591601761,0.9900101591601761
macro avg,0.9900441360256211,0.9900117478228405,0.9900225750549959,5906.0
weighted avg,0.9900371248737654,0.9900101591601761,0.9900182705493108,5906.0
