,precision,recall,f1-score,support
0.0,0.9550706033376123,0.8303571428571429,0.8883582089552239,896.0
1.0,0.820952380952381,0.9729119638826185,0.8904958677685951,886.0
2.0,0.8253968253968254,0.9144196951934349,0.8676307007786429,853.0
3.0,0.9271111111111111,0.7579941860465116,0.8340663734506197,1376.0
4.0,0.7746686303387335,0.927689594356261,0.8443017656500802,567.0
accuracy,0.863914373088685,0.863914373088685,0.863914373088685,0.863914373088685
macro avg,0.8606399102273328,0.8806745164671937,0.8649705833206325,4578.0
weighted avg,0.8742054531386529,0.863914373088685,0.8631349307170569,4578.0
