,precision,recall,f1-score,support
0.0,0.9757462686567164,0.9812382739212008,0.9784845650140319,533.0
1.0,0.9928977272727273,0.9817415730337079,0.9872881355932205,712.0
2.0,0.9674952198852772,0.9267399267399268,0.9466791393826005,546.0
3.0,0.9566502463054187,0.983789260385005,0.97002997002997,987.0
accuracy,0.9715622750179985,0.9715622750179985,0.9715622750179985,0.9715622750179985
macro avg,0.973197365530035,0.9683772585199601,0.9706204525049558,2778.0
weighted avg,0.9717358265561632,0.9715622750179985,0.9714858949666424,2778.0
