,precision,recall,f1-score,support
0.0,0.9580246913580247,0.9847715736040609,0.9712140175219024,788.0
1.0,0.9897172236503856,0.9922680412371134,0.9909909909909911,776.0
2.0,0.9803664921465969,0.950507614213198,0.9652061855670103,788.0
accuracy,0.9757653061224489,0.9757653061224489,0.9757653061224489,0.9757653061224489
macro avg,0.9760361357183358,0.9758490763514575,0.975803731359968,2352.0
weighted avg,0.9759663342492947,0.9757653061224489,0.9757262453414423,2352.0
