,precision,recall,f1-score,support
0.0,0.8356741573033708,0.7997311827956989,0.8173076923076922,744.0
1.0,0.8953147877013177,0.9079435783221975,0.9015849612974567,1347.0
2.0,0.850132625994695,0.8662162162162163,0.8580990629183401,740.0
3.0,0.9644167278063096,0.9640630729739641,0.9642398679625894,2727.0
accuracy,0.9154372076286434,0.9154372076286434,0.9154372076286434,0.9154372076286434
macro avg,0.8863845747014232,0.8844885125770192,0.8853078961215196,5558.0
weighted avg,0.9152200705345922,0.9154372076286434,0.9152550004386739,5558.0
