,precision,recall,f1-score,support
0.0,0.9949238578680203,0.99830220713073,0.9966101694915255,589.0
1.0,0.9982905982905983,0.9948892674616695,0.9965870307167236,587.0
accuracy,0.9965986394557823,0.9965986394557823,0.9965986394557823,0.9965986394557823
macro avg,0.9966072280793092,0.9965957372961998,0.9965986001041245,1176.0
weighted avg,0.9966043652048003,0.9965986394557823,0.9965986197799533,1176.0
