,precision,recall,f1-score,support
0.0,0.9663865546218487,0.9829059829059829,0.9745762711864406,1170.0
1.0,0.9874326750448833,0.9769094138543517,0.9821428571428572,1689.0
2.0,0.9647606382978723,0.982396750169262,0.9734988258973498,1477.0
3.0,0.972244250594766,0.9503875968992248,0.9611916895335162,1290.0
4.0,0.9924146649810367,0.9824780976220275,0.9874213836477986,1598.0
5.0,0.9690444145356663,0.9795918367346939,0.9742895805142084,1470.0
accuracy,0.9761904761904762,0.9761904761904762,0.9761904761904762,0.9761904761904762
macro avg,0.9753805330126789,0.9757782796975905,0.9755201013203617,8694.0
weighted avg,0.9763016479294574,0.9761904761904762,0.9761897426703602,8694.0
