,precision,recall,f1-score,support
0.0,0.8754612546125461,0.9471057884231537,0.909875359539789,1002.0
1.0,0.9266113592852585,0.9201520912547528,0.9233704292527822,1578.0
2.0,0.9881703470031545,0.9612581511315689,0.9745284853198521,2607.0
accuracy,0.9460188933873145,0.9460188933873145,0.9460188933873145,0.9460188933873145
macro avg,0.9300809869669863,0.9428386769364918,0.9359247580374745,5187.0
weighted avg,0.9476701362466037,0.9460188933873145,0.9464756909289789,5187.0
