,precision,recall,f1-score,support
0.0,0.946031746031746,0.9341692789968652,0.9400630914826498,638.0
1.0,0.9318181818181818,0.9283018867924528,0.9300567107750473,530.0
2.0,0.8926174496644296,0.9236111111111112,0.9078498293515358,288.0
accuracy,0.929945054945055,0.929945054945055,0.929945054945055,0.929945054945055
macro avg,0.9234891258381192,0.9286940923001431,0.9259898772030777,1456.0
weighted avg,0.9302923872494822,0.929945054945055,0.9300488048969421,1456.0
