,precision,recall,f1-score,support
0.0,0.8305084745762712,0.9333333333333333,0.8789237668161435,210.0
1.0,0.9248704663212435,0.9284785435630689,0.926670992861778,1538.0
2.0,0.8813775510204082,0.8530864197530864,0.8670012547051442,810.0
3.0,0.8771186440677966,0.8553719008264463,0.8661087866108788,242.0
accuracy,0.9007142857142857,0.9007142857142857,0.9007142857142857,0.9007142857142857
macro avg,0.8784687839964299,0.8925675493689837,0.8846762002484861,2800.0
weighted avg,0.9010843160907239,0.9007142857142857,0.9005940431156444,2800.0
