,precision,recall,f1-score,support
0.0,0.8586572438162544,0.9548133595284872,0.9041860465116279,509.0
1.0,0.9229074889867841,0.8802521008403361,0.9010752688172043,952.0
2.0,0.9720965309200603,0.9626587005227782,0.9673545966228894,1339.0
accuracy,0.9332142857142857,0.9332142857142857,0.9332142857142857,0.9332142857142857
macro avg,0.9178870879076997,0.9325747202972005,0.9242053039839071,2800.0
weighted avg,0.9347506148285187,0.9332142857142857,0.9333364851665877,2800.0
