,precision,recall,f1-score,support
0.0,0.5958620689655172,0.7714285714285715,0.6723735408560312,560.0
1.0,0.9172413793103448,0.8002406738868832,0.8547557840616966,1662.0
2.0,0.7359913793103449,0.833943833943834,0.7819118488838008,819.0
3.0,0.8614402917046491,0.8153580672993961,0.8377659574468086,1159.0
accuracy,0.8071428571428572,0.8071428571428572,0.8071428571428572,0.8071428571428572
macro avg,0.777633779822714,0.8052427866396712,0.7867017828120842,4200.0
weighted avg,0.823648611613177,0.8071428571428572,0.8115452011682384,4200.0
