,precision,recall,f1-score,support
0.0,0.984,0.9899396378269618,0.9869608826479439,497.0
1.0,0.9931412894375857,0.9890710382513661,0.9911019849418207,732.0
accuracy,0.9894222945484134,0.9894222945484134,0.9894222945484134,0.9894222945484134
macro avg,0.9885706447187929,0.989505338039164,0.9890314337948822,1229.0
weighted avg,0.9894446085177484,0.9894222945484134,0.9894273487822953,1229.0
