,precision,recall,f1-score,support
0.0,0.9837133550488599,0.9648562300319489,0.9741935483870968,313.0
1.0,0.9836552748885586,0.992503748125937,0.9880597014925373,667.0
accuracy,0.9836734693877551,0.9836734693877551,0.9836734693877551,0.9836734693877551
macro avg,0.9836843149687093,0.9786799890789429,0.9811266249398171,980.0
weighted avg,0.9836738249805732,0.9836734693877551,0.9836310219802896,980.0
