,precision,recall,f1-score,support
0.0,0.8325281803542673,0.9281867145421903,0.8777589134125636,557.0
1.0,0.8561840843720039,0.8806706114398422,0.8682547399124939,1014.0
2.0,0.8418367346938775,0.9049360146252285,0.8722466960352423,547.0
3.0,0.9717425431711146,0.9080684596577017,0.9388270980788676,2045.0
accuracy,0.9036752342061014,0.9036752342061014,0.9036752342061014,0.9036752342061014
macro avg,0.8755728856478159,0.9054654500662407,0.8892718618597919,4163.0
weighted avg,0.9078998445046889,0.9036752342061014,0.9047183231670978,4163.0
