,precision,recall,f1-score,support
0.0,0.9775449101796407,1.0,0.9886449659348978,653.0
1.0,0.9657701711491442,0.9813664596273292,0.9735058533579791,805.0
2.0,0.9896373056994818,0.9769820971867008,0.9832689832689833,782.0
3.0,0.982256020278834,0.9603469640644362,0.9711779448621554,807.0
accuracy,0.9786675418444372,0.9786675418444372,0.9786675418444372,0.9786675418444372
macro avg,0.9788021018267752,0.9796738802196165,0.9791494368560039,3047.0
weighted avg,0.9787852955511587,0.9786675418444372,0.9786394227531231,3047.0
