,precision,recall,f1-score,support
0.0,0.9982142857142857,0.9982142857142857,0.9982142857142857,560.0
1.0,0.9912023460410557,0.976878612716763,0.9839883551673945,346.0
2.0,0.9626168224299065,0.9903846153846154,0.976303317535545,208.0
3.0,1.0,0.9952153110047847,0.9976019184652278,209.0
accuracy,0.9909297052154195,0.9909297052154195,0.9909297052154195,0.9909297052154195
macro avg,0.9880083635463119,0.9901732062051122,0.9890269692206133,1323.0
weighted avg,0.9910659945545169,0.9909297052154195,0.9909522765642815,1323.0
