,precision,recall,f1-score,support
0.0,0.9904214559386973,0.9980694980694981,0.9942307692307693,518.0
1.0,0.9704251386321626,0.9924385633270322,0.9813084112149533,529.0
2.0,0.9681050656660413,0.9791271347248577,0.9735849056603773,527.0
3.0,0.9597701149425287,0.9488636363636364,0.9542857142857143,528.0
4.0,0.9664694280078896,0.9369024856596558,0.9514563106796116,523.0
accuracy,0.971047619047619,0.971047619047619,0.971047619047619,0.971047619047619
macro avg,0.9710382406374638,0.971080263628936,0.9709732222142851,2625.0
weighted avg,0.970973986154836,0.971047619047619,0.9709247393925948,2625.0
