,precision,recall,f1-score,support
0.0,0.9807692307692307,0.9990671641791045,0.9898336414048059,1072.0
1.0,0.9990645463049579,0.9807162534435262,0.989805375347544,1089.0
accuracy,0.989819527996298,0.989819527996298,0.989819527996298,0.989819527996298
macro avg,0.9899168885370944,0.9898917088113153,0.9898195083761749,2161.0
weighted avg,0.9899888506759437,0.989819527996298,0.9898193971954776,2161.0
