,precision,recall,f1-score,support
0.0,0.9856115107913669,0.9927536231884058,0.9891696750902527,966.0
1.0,0.9927536231884058,0.9856115107913669,0.9891696750902527,973.0
accuracy,0.9891696750902527,0.9891696750902527,0.9891696750902527,0.9891696750902527
macro avg,0.9891825669898864,0.9891825669898864,0.9891696750902527,1939.0
weighted avg,0.98919545888952,0.9891696750902527,0.9891696750902527,1939.0
