,precision,recall,f1-score,support
0.0,0.997093023255814,1.0,0.9985443959243085,1029.0
1.0,0.999034749034749,0.9980713596914176,0.9985528219971057,1037.0
2.0,1.0,0.9986622073578595,0.999330655957162,1495.0
accuracy,0.9988767200224656,0.9988767200224656,0.9988767200224656,0.9988767200224656
macro avg,0.9987092574301877,0.9989111890164256,0.9988092912928588,3561.0
weighted avg,0.9988788979722739,0.9988767200224656,0.9988769420031084,3561.0
