,precision,recall,f1-score,support
0.0,0.8506972928630024,0.8178233438485805,0.8339364696421391,1268.0
1.0,0.9469901168014375,0.9529837251356239,0.949977467327625,1106.0
2.0,0.8268876611418048,0.8223443223443223,0.8246097337006428,1092.0
3.0,0.7639965546942291,0.7808098591549296,0.7723117109272964,1136.0
4.0,0.849590469099032,0.8643939393939394,0.8569282763800226,1320.0
accuracy,0.8471800067544748,0.8471800067544748,0.8471800067544748,0.8471800067544748
macro avg,0.847632418919901,0.8476710379754792,0.8475527315955451,5922.0
weighted avg,0.8474123721450345,0.8471800067544748,0.8471921276607104,5922.0
