,precision,recall,f1-score,support
0.0,0.8886198547215496,0.8864734299516909,0.8875453446191052,414.0
1.0,0.9382022471910112,0.907608695652174,0.9226519337016575,368.0
2.0,0.7855227882037533,0.8161559888579387,0.8005464480874317,359.0
3.0,0.848,0.8091603053435115,0.8281249999999999,393.0
4.0,0.9276315789473685,0.9635535307517085,0.9452513966480447,439.0
accuracy,0.8793715154586923,0.8793715154586923,0.8793715154586923,0.8793715154586923
macro avg,0.8775952938127365,0.8765903901114047,0.8768240246112479,1973.0
weighted avg,0.8796979173563384,0.8793715154586923,0.8792672819393811,1973.0
