,precision,recall,f1-score,support
0.0,0.8857142857142857,0.8985507246376812,0.8920863309352518,414.0
1.0,0.9453551912568307,0.9402173913043478,0.9427792915531336,368.0
2.0,0.8131868131868132,0.8245125348189415,0.8188105117565698,359.0
3.0,0.8498727735368957,0.8498727735368957,0.8498727735368957,393.0
4.0,0.9302325581395349,0.9111617312072893,0.9205983889528194,439.0
accuracy,0.8859604662949823,0.8859604662949823,0.8859604662949823,0.8859604662949823
macro avg,0.884872324366872,0.884863031101031,0.8848294593469342,1973.0
weighted avg,0.8864077970732639,0.8859604662949823,0.8861440378964236,1973.0
