,precision,recall,f1-score,support
0.0,0.9640287769784173,0.9054054054054054,0.9337979094076654,148.0
1.0,0.9795774647887324,0.9893314366998578,0.9844302901627742,1406.0
2.0,0.8728813559322034,0.8373983739837398,0.8547717842323652,123.0
accuracy,0.9707811568276684,0.9707811568276684,0.9707811568276684,0.9707811568276684
macro avg,0.9388291992331177,0.9107117386963344,0.9243333279342684,1677.0
weighted avg,0.9703795952685895,0.9707811568276684,0.9704520023981967,1677.0
