,precision,recall,f1-score,support
0.0,0.4291845493562232,0.4329004329004329,0.43103448275862066,462.0
1.0,0.42938931297709926,0.4880694143167028,0.4568527918781726,461.0
2.0,0.5364431486880467,0.580441640378549,0.5575757575757576,317.0
3.0,0.4659949622166247,0.37755102040816324,0.4171364148816234,490.0
accuracy,0.45895953757225433,0.45895953757225433,0.45895953757225433,0.45895953757225433
macro avg,0.46525299330949843,0.469740627000962,0.4656498617735436,1730.0
weighted avg,0.45931892757530335,0.45895953757225433,0.45716498643574044,1730.0
