,precision,recall,f1-score,support
0.0,0.5287755890305137,0.6111607142857143,0.5669910954648996,2240.0
1.0,0.6744186046511628,0.3625,0.4715447154471545,2240.0
2.0,0.08468677494199536,0.0869047619047619,0.08578143360752057,840.0
3.0,0.49055690072639224,0.7235714285714285,0.5847041847041847,1400.0
accuracy,0.4861607142857143,0.4861607142857143,0.4861607142857143,0.4861607142857143
macro avg,0.44460946733751594,0.44603422619047617,0.42725535730593983,6720.0
weighted avg,0.5138499324129734,0.4861607142857143,0.47871465465166324,6720.0
