,precision,recall,f1-score,support
0.0,0.35572519083969467,0.23727087576374745,0.28466707391569945,982.0
1.0,0.51301964367291,0.6050646551724138,0.5552533992583436,1856.0
2.0,0.5502702702702703,0.5484913793103449,0.5493793847814356,1856.0
accuracy,0.5057520238602471,0.5057520238602471,0.5057520238602471,0.5057520238602471
macro avg,0.47300503492762497,0.4636089700821688,0.4630999526518262,4694.0
weighted avg,0.49484197223756343,0.5057520238602471,0.4963232879767889,4694.0
