,precision,recall,f1-score,support
0.0,0.7004081632653061,0.7626666666666667,0.7302127659574469,2250.0
1.0,0.6206482593037215,0.45975989328590483,0.5282247765006386,2249.0
2.0,0.8078237751614128,0.9453333333333334,0.8711857464673356,2250.0
accuracy,0.7226255741591346,0.7226255741591346,0.7226255741591346,0.7226255741591346
macro avg,0.7096267325768135,0.7225866310953016,0.709874429641807,6749.0
weighted avg,0.7096399165260316,0.7226255741591346,0.709901344688946,6749.0
