,precision,recall,f1-score,support
0.0,0.3399293286219081,0.47110675808031344,0.3949096880131363,1021.0
1.0,0.5062695924764891,0.31635651322233105,0.3893911995177818,1021.0
2.0,0.6005221932114883,0.9019607843137255,0.7210031347962382,1020.0
3.0,0.9036544850498339,0.5326370757180157,0.6702258726899383,1532.0
4.0,0.7254374158815612,0.8461538461538461,0.781159420289855,637.0
accuracy,0.5886063850124259,0.5886063850124259,0.5886063850124259,0.5886063850124259
macro avg,0.6151626030482561,0.6136429954976463,0.5913378630613899,5231.0
weighted avg,0.6352521583884692,0.5886063850124259,0.5850848769540916,5231.0
