,precision,recall,f1-score,support
0.0,0.3380656610470275,0.5644444444444444,0.42286348501664817,1350.0
1.0,0.8678130037614186,0.8286300667008722,0.847769028871391,1949.0
2.0,0.44687915006640105,0.3989330171902786,0.4215471343564047,1687.0
3.0,0.4368159203980099,0.2926666666666667,0.350499001996008,1500.0
4.0,0.7957559681697612,0.6666666666666666,0.7255139056831922,1800.0
5.0,0.7968923418423973,0.8703030303030304,0.8319814600231749,1650.0
accuracy,0.6164452495974235,0.6164452495974235,0.6164452495974235,0.6164452495974235
macro avg,0.6137036742141693,0.6036073153286599,0.6000290026578031,9936.0
weighted avg,0.6344704408463215,0.6164452495974235,0.6178301630398618,9936.0
