,precision,recall,f1-score,support
0.0,0.5219435736677116,0.45867768595041325,0.48826979472140764,726.0
1.0,0.44563758389261743,0.5372168284789643,0.4871606749816581,618.0
2.0,0.4092526690391459,0.359375,0.38269550748752085,320.0
accuracy,0.46875,0.46875,0.46875,0.46875
macro avg,0.4589446088664917,0.4517565048097925,0.4527086590635289,1664.0
weighted avg,0.47193264147892006,0.46875,0.46755512650385417,1664.0
