,precision,recall,f1-score,support
0.0,0.2159090909090909,0.26594090202177295,0.23832752613240418,643.0
1.0,0.25663716814159293,0.22558340535868626,0.24011039558417663,1157.0
2.0,0.21685508735868447,0.328149300155521,0.2611386138613862,643.0
3.0,0.6148785425101214,0.5248380129589633,0.5663015614075972,2315.0
accuracy,0.3905002101723413,0.3905002101723413,0.3905002101723413,0.3905002101723413
macro avg,0.32606997222987244,0.3361279051237359,0.3264695242463911,4758.0
weighted avg,0.4200589314999861,0.3905002101723413,0.4014192035236417,4758.0
