,precision,recall,f1-score,support
0.0,0.9770992366412213,0.9696969696969697,0.9733840304182511,132.0
1.0,0.9701492537313433,0.9629629629629629,0.966542750929368,135.0
2.0,0.9776119402985075,0.9703703703703703,0.9739776951672863,135.0
3.0,0.8560606060606061,0.9186991869918699,0.8862745098039215,123.0
4.0,0.9431818181818182,0.8829787234042553,0.9120879120879122,94.0
accuracy,0.9450726978998385,0.9450726978998385,0.9450726978998385,0.9450726978998385
macro avg,0.9448205709826991,0.9409416426852856,0.9424533796813478,619.0
weighted avg,0.9464933859211899,0.9450726978998385,0.945403846010345,619.0
