,precision,recall,f1-score,support
0.0,0.9411764705882353,0.9552238805970149,0.9481481481481482,134.0
1.0,0.9390243902439024,0.8953488372093024,0.9166666666666666,86.0
2.0,0.9512195121951219,0.896551724137931,0.9230769230769231,87.0
3.0,0.8828125,0.9186991869918699,0.900398406374502,123.0
4.0,0.9224137931034483,0.9385964912280702,0.9304347826086956,114.0
accuracy,0.9246323529411765,0.9246323529411765,0.9246323529411765,0.9246323529411765
macro avg,0.9273293332261415,0.9208840240328376,0.9237449853749873,544.0
weighted avg,0.9253142501738381,0.9246323529411765,0.9246533946586994,544.0
