,precision,recall,f1-score,support
0.0,0.9822380106571936,0.9735915492957746,0.97789566755084,568.0
1.0,0.9615384615384616,0.975177304964539,0.9683098591549296,564.0
2.0,0.9927667269439421,0.987410071942446,0.9900811541929666,556.0
accuracy,0.9786729857819905,0.9786729857819905,0.9786729857819905,0.9786729857819905
macro avg,0.9788477330465324,0.9787263087342533,0.9787622269662455,1688.0
weighted avg,0.9787898000840106,0.9786729857819905,0.9787065293030491,1688.0
