,precision,recall,f1-score,support
0.0,0.9323308270676691,0.9538461538461539,0.9429657794676807,260.0
1.0,0.9354838709677419,0.9317269076305221,0.9336016096579476,249.0
2.0,0.9400749063670412,0.9400749063670412,0.9400749063670412,267.0
3.0,0.9475138121546961,0.9098143236074271,0.9282814614343707,377.0
4.0,0.8787878787878788,0.9354838709677419,0.90625,155.0
accuracy,0.9319571865443425,0.9319571865443425,0.9319571865443425,0.9319571865443425
macro avg,0.9268382590690054,0.9341892324837773,0.930234751385408,1308.0
weighted avg,0.9325430636873115,0.9319571865443425,0.9320097587363791,1308.0
