,precision,recall,f1-score,support
0.0,0.9871794871794872,0.9808917197452229,0.9840255591054313,157.0
1.0,0.9836065573770492,0.9836065573770492,0.9836065573770492,122.0
2.0,0.9905660377358491,1.0,0.9952606635071091,105.0
accuracy,0.9869791666666666,0.9869791666666666,0.9869791666666666,0.9869791666666666
macro avg,0.9871173607641285,0.9881660923740907,0.9876309266631965,384.0
weighted avg,0.9869703475245929,0.9869791666666666,0.986964537624477,384.0
