,precision,recall,f1-score,support
0.0,0.6666666666666666,0.776824034334764,0.7175421209117938,932.0
1.0,0.8977886977886977,0.8346276838739151,0.8650568181818181,2189.0
accuracy,0.8173662287728293,0.8173662287728293,0.8173662287728293,0.8173662287728293
macro avg,0.7822276822276821,0.8057258591043395,0.791299469546806,3121.0
weighted avg,0.8287705199592413,0.8173662287728293,0.8210056493719294,3121.0
