,precision,recall,f1-score,support
0.0,1.0,0.9980916030534351,0.9990448901623686,1048.0
1.0,0.9959636730575177,0.9959636730575177,0.9959636730575177,991.0
2.0,0.9951865222623345,0.9975874547647768,0.9963855421686747,829.0
accuracy,0.99721059972106,0.99721059972106,0.99721059972106,0.99721059972106
macro avg,0.9970500651066173,0.9972142436252431,0.9971313684628536,2868.0
weighted avg,0.9972139564000959,0.99721059972106,0.9972115269693145,2868.0
