,precision,recall,f1-score,support
0.0,0.9829787234042553,0.9871794871794872,0.9850746268656716,234.0
1.0,0.98,0.9702970297029703,0.9751243781094527,202.0
2.0,0.9545454545454546,0.9281767955801105,0.9411764705882353,181.0
3.0,0.937984496124031,0.9641434262948207,0.950884086444008,251.0
4.0,0.9862385321100917,0.9817351598173516,0.9839816933638443,219.0
accuracy,0.9678012879484821,0.9678012879484821,0.9678012879484821,0.9678012879484821
macro avg,0.9683494412367665,0.966306379714948,0.9672482510742425,1087.0
weighted avg,0.9679577696490937,0.9678012879484821,0.9678007587721023,1087.0
