,precision,recall,f1-score,support
0.0,0.9730941704035875,0.9954128440366973,0.9841269841269841,218.0
1.0,0.9518072289156626,0.9330708661417323,0.9423459244532804,254.0
2.0,0.936,0.9473684210526315,0.9416498993963782,247.0
3.0,0.991701244813278,0.9835390946502057,0.9876033057851239,243.0
4.0,0.9887640449438202,0.9850746268656716,0.9869158878504672,268.0
accuracy,0.9682926829268292,0.9682926829268292,0.9682926829268292,0.9682926829268292
macro avg,0.9682733378152697,0.9688931705493877,0.9685284003224467,1230.0
weighted avg,0.968339619371651,0.9682926829268292,0.9682635233751475,1230.0
