,precision,recall,f1-score,support
0.0,0.9973118279569892,1.0,0.9986541049798116,1113.0
1.0,0.9982456140350877,1.0,0.9991220368744512,569.0
2.0,1.0,0.9894736842105263,0.9947089947089947,380.0
accuracy,0.9980601357904947,0.9980601357904947,0.9980601357904947,0.9980601357904947
macro avg,0.9985191473306924,0.9964912280701754,0.9974950455210858,2062.0
weighted avg,0.9980648976246818,0.9980601357904947,0.9980561958358445,2062.0
