,precision,recall,f1-score,support
0.0,0.9982062780269059,0.9991023339317774,0.9986541049798117,1114.0
1.0,0.995575221238938,0.9885764499121266,0.992063492063492,1138.0
2.0,0.9790575916230366,0.9842105263157894,0.9816272965879265,380.0
3.0,0.9896373056994818,0.9982578397212544,0.9939288811795316,574.0
accuracy,0.9934497816593887,0.9934497816593887,0.9934497816593887,0.9934497816593887
macro avg,0.9906190991470907,0.992536787470237,0.9915684437026904,3206.0
weighted avg,0.9934685258203808,0.9934497816593887,0.9934505544030654,3206.0
