,precision,recall,f1-score,support
0.0,0.9938325991189427,0.9982300884955753,0.9960264900662251,1130.0
1.0,0.9944444444444445,0.9944444444444445,0.9944444444444445,1080.0
2.0,0.9927360774818402,0.9761904761904762,0.9843937575030012,420.0
3.0,0.9931693989071039,0.9958904109589041,0.9945280437756497,730.0
accuracy,0.99375,0.99375,0.99375,0.99375
macro avg,0.9935456299880828,0.99118885502235,0.99234818394733,3360.0
weighted avg,0.9937481103419535,0.99375,0.9937383285364046,3360.0
