,precision,recall,f1-score,support
0.0,0.9888268156424581,0.9847009735744089,0.986759581881533,719.0
1.0,0.9878971255673222,0.986404833836858,0.9871504157218443,662.0
2.0,0.9767981438515081,0.9836448598130841,0.9802095459837019,428.0
3.0,0.988929889298893,0.9925925925925926,0.9907578558225508,270.0
accuracy,0.9860509860509861,0.9860509860509861,0.9860509860509861,0.9860509860509861
macro avg,0.9856129935900453,0.9868358149542359,0.9862193498524074,2079.0
weighted avg,0.9860678466818862,0.9860509860509861,0.9860548443164002,2079.0
