,precision,recall,f1-score,support
0.0,0.9934924078091106,0.9924160346695557,0.9929539295392954,923.0
1.0,0.9878048780487805,0.9966442953020134,0.9922048997772828,894.0
2.0,0.9955456570155902,0.9962852897473997,0.9959153360564426,1346.0
3.0,0.9970238095238095,0.9911242603550295,0.9940652818991098,1352.0
accuracy,0.9940199335548173,0.9940199335548173,0.9940199335548173,0.9940199335548173
macro avg,0.9934666880993228,0.9941174700184996,0.9937848618180326,4515.0
weighted avg,0.9940358135553918,0.9940199335548173,0.994021253781889,4515.0
