,precision,recall,f1-score,support
0.0,0.9402985074626866,0.9748549323017408,0.9572649572649572,517.0
1.0,0.9530054644808743,0.9592959295929593,0.956140350877193,909.0
2.0,0.9732441471571907,0.9468546637744034,0.9598680593732819,922.0
accuracy,0.9578364565587735,0.9578364565587735,0.9578364565587735,0.9578364565587735
macro avg,0.9555160397002505,0.9603351752230345,0.9577577891718106,2348.0
weighted avg,0.9581547696977231,0.9578364565587735,0.9578517515313106,2348.0
