,precision,recall,f1-score,support
0.0,0.984,0.9919354838709677,0.9879518072289156,124.0
1.0,1.0,0.9637681159420289,0.981549815498155,138.0
2.0,0.952755905511811,0.9758064516129032,0.9641434262948209,124.0
3.0,0.984251968503937,0.9920634920634921,0.9881422924901185,126.0
accuracy,0.98046875,0.98046875,0.98046875,0.98046875
macro avg,0.980251968503937,0.9808933858723481,0.9804468353780025,512.0
weighted avg,0.9808075787401573,0.98046875,0.9805070553700072,512.0
