,precision,recall,f1-score,support
0.0,0.9991007194244604,0.9937388193202147,0.9964125560538116,1118.0
1.0,0.9893143365983972,0.9991007194244604,0.9941834451901566,1112.0
2.0,1.0,0.9956331877729258,0.9978118161925601,1145.0
accuracy,0.9961481481481481,0.9961481481481481,0.9961481481481481,0.9961481481481481
macro avg,0.9961383520076192,0.996157575505867,0.9961359391455095,3375.0
weighted avg,0.9961813767745079,0.9961481481481481,0.9961528172622509,3375.0
