,precision,recall,f1-score,support
0.0,0.9778672032193159,1.0,0.9888097660223805,486.0
1.0,0.98828125,0.9825242718446602,0.98539435248296,515.0
2.0,1.0,0.9833641404805915,0.9916123019571296,541.0
3.0,0.994750656167979,0.9908496732026144,0.9927963326784545,765.0
4.0,0.9808306709265175,0.9935275080906149,0.9871382636655949,309.0
accuracy,0.9896788990825688,0.9896788990825688,0.9896788990825688,0.9896788990825688
macro avg,0.9883459560627624,0.9900531187236963,0.9891502033613039,2616.0
weighted avg,0.9897818172016001,0.9896788990825688,0.9896853253616571,2616.0
