,precision,recall,f1-score,support
0.0,0.9803921568627451,0.9803921568627451,0.9803921568627451,153.0
1.0,0.9907692307692307,0.9907692307692307,0.9907692307692307,325.0
accuracy,0.9874476987447699,0.9874476987447699,0.9874476987447699,0.9874476987447699
macro avg,0.9855806938159879,0.9855806938159879,0.9855806938159879,478.0
weighted avg,0.9874476987447699,0.9874476987447699,0.9874476987447699,478.0
