,precision,recall,f1-score,support
0.0,0.9187358916478555,0.9004424778761062,0.9094972067039107,452.0
1.0,0.9595505617977528,0.9488888888888889,0.9541899441340781,450.0
2.0,0.9078947368421053,0.9366515837104072,0.9220489977728286,442.0
accuracy,0.9285714285714286,0.9285714285714286,0.9285714285714286,0.9285714285714286
macro avg,0.9287270634292378,0.9286609834918007,0.9285787162036058,1344.0
weighted avg,0.928836197558058,0.9285714285714286,0.9285891884717954,1344.0
