,precision,recall,f1-score,support
0.0,0.9222222222222223,0.924791086350975,0.9235048678720446,359.0
1.0,0.838150289017341,0.830945558739255,0.8345323741007195,698.0
2.0,0.9802631578947368,0.9900332225913622,0.9851239669421489,1505.0
3.0,0.7910189982728842,0.8609022556390977,0.8244824482448245,532.0
4.0,0.8572895277207392,0.8098933074684772,0.8329177057356608,1031.0
accuracy,0.8957575757575758,0.8957575757575758,0.8957575757575758,0.8957575757575758
macro avg,0.8777888390255846,0.8833130861578334,0.8801122725790795,4125.0
weighted avg,0.8960219011647798,0.8957575757575758,0.8955190865493365,4125.0
