,precision,recall,f1-score,support
0.0,0.8397129186602871,0.8478260869565217,0.8437499999999999,414.0
1.0,0.9132176234979973,0.9107856191744341,0.912,751.0
2.0,0.8303747534516766,0.9503386004514672,0.8863157894736843,443.0
3.0,0.988681757656458,0.9470663265306123,0.9674267100977197,1568.0
accuracy,0.926007556675063,0.926007556675063,0.926007556675063,0.926007556675063
macro avg,0.8929967633166047,0.9140041582782589,0.902373124892851,3176.0
weighted avg,0.9293377189410497,0.926007556675063,0.9268852254943536,3176.0
