,precision,recall,f1-score,support
0.0,0.9768115942028985,0.975397973950796,0.9761042722664734,691.0
1.0,0.9949186991869918,0.9809619238476954,0.9878910191725531,998.0
2.0,0.9627473806752037,0.9798578199052133,0.9712272460364062,844.0
3.0,0.979757085020243,0.9654255319148937,0.9725385130609511,752.0
4.0,0.9850574712643678,0.9861910241657077,0.9856239217941346,869.0
5.0,0.9793689320388349,0.9914004914004914,0.9853479853479853,814.0
accuracy,0.9802737520128825,0.9802737520128825,0.9802737520128825,0.9802737520128825
macro avg,0.9797768603980899,0.9798724608641329,0.9797888262797506,4968.0
weighted avg,0.9803669572899079,0.9802737520128825,0.9802835134579844,4968.0
