,precision,recall,f1-score,support
0.0,0.9144385026737968,0.9378427787934186,0.9259927797833934,547.0
1.0,0.8788198103266597,0.9205298013245033,0.8991913746630729,906.0
2.0,0.9580467675378267,0.9219060225016545,0.9396290050590219,1511.0
accuracy,0.9244264507422402,0.9244264507422402,0.9244264507422402,0.9244264507422402
macro avg,0.917101693512761,0.9267595342065255,0.9216043865018294,2964.0
weighted avg,0.9257818066356871,0.9244264507422402,0.9247519779454934,2964.0
