,precision,recall,f1-score,support
0.0,0.9585798816568047,0.9418604651162791,0.9501466275659824,344.0
1.0,0.9424920127795527,0.9276729559748428,0.9350237717908083,318.0
2.0,0.8950276243093923,0.9529411764705882,0.9230769230769231,170.0
accuracy,0.9387019230769231,0.9387019230769231,0.9387019230769231,0.9387019230769231
macro avg,0.9320331729152499,0.9408248658539033,0.936082440811238,832.0
weighted avg,0.9394454753442733,0.9387019230769231,0.93883542816737,832.0
