,precision,recall,f1-score,support
0.0,0.8872180451127819,0.9833333333333333,0.9328063241106719,120.0
1.0,0.9563218390804598,0.9574223245109321,0.9568717653824037,869.0
2.0,0.9384615384615385,0.9085106382978724,0.9232432432432434,470.0
3.0,0.9014084507042254,0.9078014184397163,0.9045936395759717,141.0
accuracy,0.940625,0.940625,0.940625,0.940625
macro avg,0.9208524683397513,0.9392669286454636,0.9293787430780727,1600.0
weighted avg,0.9410533488754201,0.940625,0.9405814690719536,1600.0
