,precision,recall,f1-score,support
0.0,0.8745980707395499,0.9645390070921985,0.9173693086003373,282.0
1.0,0.9107468123861566,0.8992805755395683,0.9049773755656109,556.0
2.0,0.977027027027027,0.9488188976377953,0.96271637816245,762.0
accuracy,0.934375,0.934375,0.934375,0.934375
macro avg,0.9207906367175779,0.937546160089854,0.928354354109466,1600.0
weighted avg,0.9359415488936567,0.934375,0.9346596537497259,1600.0
