,precision,recall,f1-score,support
0.0,0.9981024667931688,1.0,0.9990503323836657,526.0
1.0,1.0,1.0,1.0,487.0
2.0,0.9944547134935305,0.9981447124304267,0.9962962962962962,539.0
3.0,0.998015873015873,0.9843444227005871,0.9911330049261083,511.0
4.0,0.9920159680638723,1.0,0.9959919839679359,497.0
accuracy,0.996484375,0.996484375,0.996484375,0.996484375
macro avg,0.996517804273289,0.9964978270262026,0.9964943235148013,2560.0
weighted avg,0.9964964981816703,0.996484375,0.9964770156589131,2560.0
