,precision,recall,f1-score,support
0.0,0.9647058823529412,0.9647058823529412,0.9647058823529412,170.0
1.0,0.9846153846153847,0.9846153846153847,0.9846153846153847,390.0
accuracy,0.9785714285714285,0.9785714285714285,0.9785714285714285,0.9785714285714285
macro avg,0.974660633484163,0.974660633484163,0.974660633484163,560.0
weighted avg,0.9785714285714285,0.9785714285714285,0.9785714285714285,560.0
