,precision,recall,f1-score,support
0.0,0.8206521739130435,0.9292307692307692,0.8715728715728714,325.0
1.0,0.8387096774193549,0.8805704099821747,0.8591304347826089,561.0
2.0,0.88,0.9535603715170279,0.9153046062407132,323.0
3.0,0.9841417910447762,0.9017094017094017,0.9411239964317574,1170.0
accuracy,0.9075241698192518,0.9075241698192518,0.9075241698192518,0.9075241698192518
macro avg,0.8808759105942936,0.9162677381098433,0.8967829772569876,2379.0
weighted avg,0.9133728377790608,0.9075241698192518,0.9087817657903039,2379.0
