,precision,recall,f1-score,support
0.0,0.9863013698630136,1.0,0.993103448275862,360.0
1.0,0.993421052631579,0.9890829694323144,0.9912472647702407,458.0
2.0,0.9861751152073732,0.9907407407407407,0.9884526558891454,432.0
3.0,0.9938271604938271,0.9837067209775967,0.9887410440122825,491.0
accuracy,0.9902354968408961,0.9902354968408961,0.9902354968408961,0.9902354968408961
macro avg,0.9899311745489482,0.9908826077876629,0.9903861032368826,1741.0
weighted avg,0.9902654341344069,0.9902354968408961,0.9902308377933499,1741.0
