,precision,recall,f1-score,support
0.0,0.996875,1.0,0.9984350547730829,319.0
1.0,1.0,0.9947643979057592,0.9973753280839895,191.0
2.0,0.9920634920634921,1.0,0.9960159362549801,125.0
3.0,1.0,0.9917355371900827,0.995850622406639,121.0
accuracy,0.9973544973544973,0.9973544973544973,0.9973544973544973,0.9973544973544973
macro avg,0.9972346230158731,0.9966249837739605,0.9969192353796729,756.0
weighted avg,0.9973691289787521,0.9973544973544973,0.9973536871425016,756.0
