,precision,recall,f1-score,support
0.0,0.9897260273972602,1.0,0.9948364888123925,289.0
1.0,0.9967948717948718,0.9904458598726115,0.9936102236421726,314.0
2.0,1.0,0.993006993006993,0.9964912280701755,286.0
3.0,0.9933993399339934,0.9868852459016394,0.9901315789473685,305.0
4.0,0.9870550161812298,0.9967320261437909,0.991869918699187,306.0
accuracy,0.9933333333333333,0.9933333333333333,0.9933333333333333,0.9933333333333333
macro avg,0.9933950510614711,0.9934140249850071,0.9933878876342593,1500.0
weighted avg,0.9933666968618148,0.9933333333333333,0.9933334489462616,1500.0
