,precision,recall,f1-score,support
0.0,0.9981818181818182,0.9963702359346642,0.997275204359673,551.0
1.0,0.996415770609319,0.9982046678635548,0.9973094170403587,557.0
accuracy,0.9972924187725631,0.9972924187725631,0.9972924187725631,0.9972924187725631
macro avg,0.9972987943955686,0.9972874518991095,0.9972923107000158,1108.0
weighted avg,0.9972940126783144,0.9972924187725631,0.9972924033336278,1108.0
