,precision,recall,f1-score,support
0.0,0.9982788296041308,1.0,0.9991386735572783,580.0
1.0,1.0,0.9968152866242038,0.9984051036682616,628.0
2.0,0.998792270531401,1.0,0.9993957703927493,827.0
accuracy,0.999017199017199,0.999017199017199,0.999017199017199,0.999017199017199
macro avg,0.9990237000451773,0.9989384288747346,0.9989798492060964,2035.0
weighted avg,0.9990186382800317,0.999017199017199,0.9990167753718395,2035.0
