,precision,recall,f1-score,support
0.0,0.8939393939393939,0.959349593495935,0.9254901960784314,246.0
1.0,0.9308755760368663,0.9483568075117371,0.9395348837209302,213.0
2.0,0.9393939393939394,0.9441624365482234,0.9417721518987343,197.0
3.0,0.8995433789954338,0.8914027149321267,0.8954545454545454,221.0
4.0,0.9347826086956522,0.8565737051792829,0.8939708939708939,251.0
accuracy,0.9184397163120568,0.9184397163120568,0.9184397163120568,0.9184397163120568
macro avg,0.9197069794122571,0.9199690515334609,0.9192445342247071,1128.0
weighted avg,0.9190387555019052,0.9184397163120568,0.9180875720957906,1128.0
