,precision,recall,f1-score,support
0.0,0.952191235059761,0.9715447154471545,0.9617706237424547,246.0
1.0,0.9672897196261683,0.971830985915493,0.9695550351288057,213.0
2.0,0.9494949494949495,0.9543147208121827,0.9518987341772152,197.0
3.0,0.9427312775330396,0.9683257918552036,0.9553571428571429,221.0
4.0,0.9831932773109243,0.9322709163346613,0.9570552147239263,251.0
accuracy,0.9592198581560284,0.9592198581560284,0.9592198581560284,0.9592198581560284
macro avg,0.9589800918049687,0.959657426072939,0.959127350125909,1128.0
weighted avg,0.9596164752619007,0.9592198581560284,0.9592106684602171,1128.0
