,precision,recall,f1-score,support
0.0,0.9126760563380282,0.9062937062937063,0.9094736842105264,715.0
1.0,0.9770290964777948,0.9815384615384616,0.9792785878741367,650.0
2.0,0.9051580698835274,0.9021558872305141,0.9036544850498339,603.0
3.0,0.8616352201257862,0.862992125984252,0.8623131392604249,635.0
4.0,0.9362244897959183,0.939820742637644,0.9380191693290735,781.0
accuracy,0.9196217494089834,0.9196217494089834,0.9196217494089834,0.9196217494089834
macro avg,0.918544586524211,0.9185601847369156,0.918547813144799,3384.0
weighted avg,0.9195544623057064,0.9196217494089834,0.9195834029226186,3384.0
