,precision,recall,f1-score,support
0.0,0.9058823529411765,0.9746835443037974,0.9390243902439025,79.0
1.0,0.9949811794228356,0.9814356435643564,0.9881619937694703,808.0
2.0,0.881578947368421,0.9436619718309859,0.9115646258503401,71.0
accuracy,0.9780793319415448,0.9780793319415448,0.9780793319415448,0.9780793319415448
macro avg,0.9274808265774777,0.9665937198997132,0.9462503366212377,958.0
weighted avg,0.9792292318571628,0.9780793319415448,0.9784330962738773,958.0
