,precision,recall,f1-score,support
0.0,0.896551724137931,0.896551724137931,0.896551724137931,116.0
1.0,0.9186991869918699,0.8828125,0.900398406374502,128.0
2.0,0.927710843373494,0.9746835443037974,0.9506172839506173,79.0
3.0,0.9369369369369369,0.9454545454545454,0.9411764705882352,110.0
accuracy,0.9191685912240185,0.9191685912240185,0.9191685912240185,0.9191685912240185
macro avg,0.919974672860058,0.9248755784740684,0.9221859712628214,433.0
weighted avg,0.9190432231513358,0.9191685912240185,0.9188895455259604,433.0
