,precision,recall,f1-score,support
0.0,0.9418604651162791,1.0,0.970059880239521,81.0
1.0,0.9841269841269841,0.9117647058823529,0.9465648854961831,68.0
2.0,0.9767441860465116,0.9767441860465116,0.9767441860465116,43.0
accuracy,0.9635416666666666,0.9635416666666666,0.9635416666666666,0.9635416666666666
macro avg,0.9675772117632583,0.9628362973096215,0.9644563172607387,192.0
weighted avg,0.9646423572659039,0.9635416666666666,0.9632357422559461,192.0
