,precision,recall,f1-score,support
0.0,1.0,0.998158379373849,0.999078341013825,543.0
1.0,0.995850622406639,1.0,0.997920997920998,480.0
2.0,1.0,0.9975669099756691,0.9987819732034106,411.0
accuracy,0.99860529986053,0.99860529986053,0.99860529986053,0.99860529986053
macro avg,0.9986168741355463,0.9985750964498393,0.9985937707127445,1434.0
weighted avg,0.9986110869980382,0.99860529986053,0.9986060035977598,1434.0
