,precision,recall,f1-score,support
0.0,0.9925925925925926,0.9852941176470589,0.988929889298893,136.0
1.0,0.9672131147540983,0.9752066115702479,0.9711934156378601,121.0
2.0,0.9590163934426229,0.9669421487603306,0.962962962962963,121.0
3.0,0.9583333333333334,0.965034965034965,0.9616724738675957,143.0
4.0,1.0,0.9795918367346939,0.9896907216494846,98.0
accuracy,0.9741518578352181,0.9741518578352181,0.9741518578352181,0.9741518578352181
macro avg,0.9754310868245295,0.9744139359494592,0.9748898926833593,619.0
weighted avg,0.9743263808579362,0.9741518578352181,0.9742104058805569,619.0
