,precision,recall,f1-score,support
0.0,0.9758064516129032,0.968,0.9718875502008033,125.0
1.0,0.9690721649484536,0.9690721649484536,0.9690721649484536,97.0
2.0,0.9519230769230769,0.9801980198019802,0.9658536585365853,101.0
3.0,0.96,0.967741935483871,0.963855421686747,124.0
4.0,0.9893617021276596,0.9587628865979382,0.9738219895287958,97.0
accuracy,0.96875,0.96875,0.96875,0.96875
macro avg,0.9692326791224186,0.9687550013664487,0.968898156980277,544.0
weighted avg,0.9689855189838726,0.96875,0.9687793539719584,544.0
