,precision,recall,f1-score,support
0.0,0.9905660377358491,1.0,0.9952606635071091,105.0
1.0,1.0,1.0,1.0,96.0
2.0,1.0,0.9827586206896551,0.9913043478260869,58.0
accuracy,0.9961389961389961,0.9961389961389961,0.9961389961389961,0.9961389961389961
macro avg,0.9968553459119497,0.9942528735632185,0.9955216704443987,259.0
weighted avg,0.9961754207037226,0.9961389961389961,0.9961313584639362,259.0
