,precision,recall,f1-score,support
0.0,0.9873417721518988,1.0,0.9936305732484078,156.0
1.0,1.0,0.9938271604938271,0.9969040247678018,324.0
accuracy,0.9958333333333333,0.9958333333333333,0.9958333333333333,0.9958333333333333
macro avg,0.9936708860759493,0.9969135802469136,0.9952672990081048,480.0
weighted avg,0.9958860759493671,0.9958333333333333,0.9958401530239986,480.0
