,precision,recall,f1-score,support
0.0,0.9946996466431095,1.0,0.9973427812223207,563.0
1.0,1.0,1.0,1.0,283.0
2.0,1.0,0.9837837837837838,0.9918256130790191,185.0
accuracy,0.997090203685742,0.997090203685742,0.997090203685742,0.997090203685742
macro avg,0.9982332155477032,0.9945945945945946,0.9963894647671133,1031.0
weighted avg,0.9971056266344039,0.997090203685742,0.9970821767679777,1031.0
