,precision,recall,f1-score,support
0.0,0.998211091234347,0.998211091234347,0.998211091234347,559.0
1.0,0.9963636363636363,1.0,0.9981785063752276,548.0
2.0,1.0,0.9894736842105263,0.9947089947089947,190.0
3.0,0.9967320261437909,0.9967320261437909,0.9967320261437909,306.0
accuracy,0.9975046787273861,0.9975046787273861,0.9975046787273861,0.9975046787273861
macro avg,0.9978266884354435,0.9961042003971661,0.99695765461559,1603.0
weighted avg,0.9975092156751545,0.9975046787273861,0.9975025143408197,1603.0
