,precision,recall,f1-score,support
0.0,1.0,0.9964973730297724,0.9982456140350877,571.0
1.0,0.994535519125683,0.994535519125683,0.994535519125683,549.0
2.0,0.9711538461538461,0.9853658536585366,0.9782082324455206,205.0
3.0,0.9971751412429378,0.9943661971830986,0.995768688293371,355.0
accuracy,0.9940476190476191,0.9940476190476191,0.9940476190476191,0.9940476190476191
macro avg,0.9907161266306167,0.9926912357492726,0.9916895134749155,1680.0
weighted avg,0.9940974485730842,0.9940476190476191,0.9940647723866153,1680.0
