,precision,recall,f1-score,support
0.0,0.9970588235294118,1.0,0.9985272459499264,339.0
1.0,1.0,0.9970845481049563,0.9985401459854015,343.0
2.0,0.99581589958159,1.0,0.9979035639412999,238.0
3.0,1.0,0.9916666666666667,0.99581589958159,120.0
accuracy,0.9980769230769231,0.9980769230769231,0.9980769230769231,0.9980769230769231
macro avg,0.9982186807777504,0.9971878036929057,0.9976967138645545,1040.0
weighted avg,0.9980837743047009,0.9980769230769231,0.9980759255940749,1040.0
