,precision,recall,f1-score,support
0.0,1.0,0.9978448275862069,0.9989212513484358,464.0
1.0,0.9907621247113164,1.0,0.9953596287703016,429.0
2.0,0.9954887218045113,0.9984917043740573,0.996987951807229,663.0
3.0,1.0,0.9928774928774928,0.9964260185847034,702.0
accuracy,0.9968999114260407,0.9968999114260407,0.9968999114260407,0.9968999114260407
macro avg,0.9965627116289569,0.9973035062094393,0.9969237126276673,2258.0
weighted avg,0.9969202719475402,0.9968999114260407,0.9969011596380816,2258.0
