,precision,recall,f1-score,support
0.0,0.9936305732484076,0.9811320754716981,0.9873417721518988,159.0
1.0,0.9818181818181818,0.9938650306748467,0.9878048780487805,163.0
accuracy,0.9875776397515528,0.9875776397515528,0.9875776397515528,0.9875776397515528
macro avg,0.9877243775332947,0.9874985530732724,0.9875733251003396,322.0
weighted avg,0.9876510086424237,0.9875776397515528,0.9875762015344818,322.0
