,precision,recall,f1-score,support
0.0,0.9859894921190894,0.9894551845342706,0.987719298245614,569.0
1.0,0.9755671902268761,0.9824253075571178,0.978984238178634,569.0
2.0,0.9944852941176471,0.9836363636363636,0.9890310786106034,550.0
accuracy,0.9851895734597157,0.9851895734597157,0.9851895734597157,0.9851895734597157
macro avg,0.9853473254878709,0.985172285242584,0.9852448716782837,1688.0
weighted avg,0.9852444692059007,0.9851895734597157,0.9852022544201593,1688.0
