,precision,recall,f1-score,support
0.0,0.9886363636363636,1.0,0.9942857142857142,87.0
1.0,1.0,0.993421052631579,0.9966996699669968,152.0
accuracy,0.99581589958159,0.99581589958159,0.99581589958159,0.99581589958159
macro avg,0.9943181818181819,0.9967105263157895,0.9954926921263555,239.0
weighted avg,0.9958634461772536,0.99581589958159,0.995820949698078,239.0
