,precision,recall,f1-score,support
0.0,1.0,0.9923076923076923,0.9961389961389961,260.0
1.0,0.9957446808510638,1.0,0.9978678038379531,234.0
2.0,0.9925373134328358,1.0,0.9962546816479401,266.0
3.0,0.9975062344139651,0.9950248756218906,0.9962640099626402,402.0
4.0,0.9931506849315068,0.9931506849315068,0.9931506849315068,146.0
accuracy,0.996177370030581,0.996177370030581,0.996177370030581,0.996177370030581
macro avg,0.9957877827258743,0.996096650572218,0.9959352353038072,1308.0
weighted avg,0.9961901276197992,0.996177370030581,0.996176668514949,1308.0
