,precision,recall,f1-score,support
0.0,0.9874213836477987,1.0,0.9936708860759493,157.0
1.0,1.0,1.0,1.0,196.0
2.0,0.9944444444444445,0.9944444444444445,0.9944444444444445,180.0
3.0,0.9961389961389961,0.9885057471264368,0.9923076923076923,261.0
accuracy,0.9949622166246851,0.9949622166246851,0.9949622166246851,0.9949622166246851
macro avg,0.9945012060578098,0.9957375478927203,0.9951057557070215,794.0
weighted avg,0.9949841753463254,0.9949622166246851,0.9949604997559593,794.0
