,precision,recall,f1-score,support
0.0,0.8272727272727273,0.8544600938967136,0.8406466512702079,213.0
1.0,0.925,0.9024390243902439,0.9135802469135802,410.0
2.0,0.8097345132743363,0.9289340101522843,0.8652482269503546,197.0
3.0,0.9811320754716981,0.9479166666666666,0.9642384105960263,768.0
accuracy,0.9212846347607053,0.9212846347607053,0.9212846347607053,0.9212846347607053
macro avg,0.8857848290046904,0.9084374487764771,0.8959283839325423,1588.0
weighted avg,0.9247394357596974,0.9212846347607053,0.9223014093212155,1588.0
