,precision,recall,f1-score,support
0.0,0.9858356940509915,0.9775280898876404,0.9816643159379407,356.0
1.0,0.9957627118644068,0.9873949579831933,0.9915611814345991,476.0
2.0,0.9853658536585366,0.9877750611246944,0.9865689865689866,409.0
3.0,0.9817232375979112,0.9894736842105263,0.9855832241153342,380.0
4.0,0.9977728285077951,0.9933481152993349,0.9955555555555555,451.0
5.0,0.9832134292565947,0.9951456310679612,0.9891435464414958,412.0
accuracy,0.9887278582930756,0.9887278582930756,0.9887278582930756,0.9887278582930756
macro avg,0.9882789591560394,0.9884442565955585,0.9883461350089854,2484.0
weighted avg,0.9887638892406969,0.9887278582930756,0.9887305379214051,2484.0
