,precision,recall,f1-score,support
0.0,1.0,0.9932432432432432,0.9966101694915254,296.0
1.0,0.9935897435897436,0.9978540772532188,0.9957173447537474,466.0
2.0,0.9986111111111111,0.9986111111111111,0.9986111111111111,720.0
accuracy,0.9973009446693657,0.9973009446693657,0.9973009446693657,0.9973009446693657
macro avg,0.9974002849002849,0.9965694772025243,0.9969795417854613,1482.0
weighted avg,0.9973095954877331,0.9973009446693657,0.9973015471152077,1482.0
