,precision,recall,f1-score,support
0.0,0.9896907216494846,0.9696969696969697,0.9795918367346939,198.0
1.0,0.9320987654320988,0.9741935483870968,0.9526813880126184,155.0
2.0,0.95,0.9047619047619048,0.9268292682926829,63.0
accuracy,0.9615384615384616,0.9615384615384616,0.9615384615384616,0.9615384615384616
macro avg,0.9572631623605279,0.9495508076153237,0.953034164346665,416.0
weighted avg,0.9622213257898395,0.9615384615384616,0.961574621917943,416.0
