,precision,recall,f1-score,support
0.0,0.7209302325581395,0.96875,0.8266666666666667,64.0
1.0,0.9525065963060686,0.7969094922737306,0.8677884615384616,453.0
2.0,0.7868852459016393,0.8275862068965517,0.8067226890756303,232.0
3.0,0.5274725274725275,0.9411764705882353,0.676056338028169,51.0
accuracy,0.82875,0.82875,0.82875,0.82875
macro avg,0.7469486505595937,0.8836055424396294,0.794308538827232,800.0
weighted avg,0.8588543737008115,0.82875,0.8345667210607158,800.0
