,precision,recall,f1-score,support
0.0,0.7790697674418605,0.9436619718309859,0.8535031847133757,142.0
1.0,0.9869848156182213,0.9173387096774194,0.9508881922675027,496.0
2.0,0.9212962962962963,0.9342723004694836,0.9277389277389277,213.0
3.0,0.9601139601139601,0.9656160458452722,0.9628571428571429,349.0
accuracy,0.9375,0.9375,0.9375,0.9375
macro avg,0.9118662098675846,0.9402222569557903,0.9237468618942373,1200.0
weighted avg,0.9429068822618877,0.9375,0.9387362750495959,1200.0
