,precision,recall,f1-score,support
0.0,0.9886363636363636,1.0,0.9942857142857142,87.0
1.0,1.0,0.9948186528497409,0.9974025974025974,193.0
accuracy,0.9964285714285714,0.9964285714285714,0.9964285714285714,0.9964285714285714
macro avg,0.9943181818181819,0.9974093264248705,0.9958441558441558,280.0
weighted avg,0.9964691558441559,0.9964285714285714,0.99643413729128,280.0
