,precision,recall,f1-score,support
0.0,0.9875776397515528,0.99375,0.9906542056074766,160.0
1.0,0.9947368421052631,0.9895287958115183,0.9921259842519685,191.0
accuracy,0.9914529914529915,0.9914529914529915,0.9914529914529915,0.9914529914529915
macro avg,0.991157240928408,0.9916393979057592,0.9913900949297225,351.0
weighted avg,0.9914733880408938,0.9914529914529915,0.991455088003767,351.0
