,precision,recall,f1-score,support
0.0,0.9038461538461539,0.986013986013986,0.9431438127090301,143.0
1.0,0.9701986754966887,0.9575163398692811,0.9638157894736842,306.0
2.0,0.9866666666666667,0.9801324503311258,0.983388704318937,151.0
3.0,0.9914089347079038,0.9779661016949153,0.9846416382252561,590.0
accuracy,0.9739495798319328,0.9739495798319328,0.9739495798319328,0.9739495798319328
macro avg,0.9630301076793533,0.9754072194773271,0.9687474861817269,1190.0
weighted avg,0.9748308679380814,0.9739495798319328,0.9741407207574783,1190.0
