,precision,recall,f1-score,support
0.0,0.9895833333333334,1.0,0.9947643979057591,190.0
1.0,0.9956709956709957,0.9829059829059829,0.989247311827957,234.0
2.0,0.9911504424778761,0.9955555555555555,0.9933481152993349,225.0
3.0,1.0,1.0,1.0,222.0
accuracy,0.9942594718714122,0.9942594718714122,0.9942594718714122,0.9942594718714122
macro avg,0.9941011928705512,0.9946153846153847,0.9943399562582627,871.0
weighted avg,0.9942786405027192,0.9942594718714122,0.994250783596081,871.0
