,precision,recall,f1-score,support
0.0,0.9893048128342246,1.0,0.9946236559139785,185.0
1.0,1.0,0.9886363636363636,0.9942857142857142,88.0
2.0,1.0,0.9821428571428571,0.9909909909909909,56.0
3.0,1.0,1.0,1.0,49.0
accuracy,0.9947089947089947,0.9947089947089947,0.9947089947089947,0.9947089947089947
macro avg,0.9973262032085561,0.9926948051948052,0.9949750902976708,378.0
weighted avg,0.994765583000877,0.9947089947089947,0.994703742583927,378.0
