,precision,recall,f1-score,support
0.0,0.9929078014184397,1.0,0.9964412811387899,140.0
1.0,0.9931506849315068,0.9931506849315068,0.9931506849315068,146.0
2.0,1.0,0.9884393063583815,0.994186046511628,173.0
3.0,0.9696969696969697,0.9876543209876543,0.9785932721712538,162.0
4.0,0.984251968503937,0.9689922480620154,0.9765625,129.0
accuracy,0.988,0.988,0.988,0.988
macro avg,0.9880014849101706,0.9876473120679116,0.9877867569506357,750.0
weighted avg,0.9880886736353314,0.988,0.9880061839969138,750.0
