,precision,recall,f1-score,support
0.0,1.0,0.030927835051546393,0.06000000000000001,291.0
1.0,0.29534192269573833,1.0,0.4560061208875287,298.0
2.0,0.0,0.0,0.0,429.0
accuracy,0.30157170923379173,0.30157170923379173,0.30157170923379173,0.30157170923379173
macro avg,0.4317806408985794,0.34364261168384874,0.1720020402958429,1018.0
weighted avg,0.37231030742959725,0.30157170923379173,0.15063833401226281,1018.0
