,precision,recall,f1-score,support
0.0,0.9669421487603306,0.936,0.9512195121951219,125.0
1.0,0.9509803921568627,0.9797979797979798,0.9651741293532337,99.0
2.0,0.9489795918367347,0.9117647058823529,0.9300000000000002,102.0
3.0,0.9385964912280702,0.9553571428571429,0.9469026548672567,112.0
4.0,0.9612403100775194,0.9841269841269841,0.9725490196078431,126.0
accuracy,0.9539007092198581,0.9539007092198581,0.9539007092198581,0.9539007092198581
macro avg,0.9533477868119036,0.953409362532892,0.953169063204691,564.0
weighted avg,0.9539890636050159,0.9539007092198581,0.9537392759682294,564.0
