,precision,recall,f1-score,support
0.0,0.9453125,0.968,0.9565217391304348,125.0
1.0,0.9313725490196079,0.9595959595959596,0.945273631840796,99.0
2.0,0.9484536082474226,0.9019607843137255,0.9246231155778893,102.0
3.0,0.9375,0.9375,0.9375,112.0
4.0,0.944,0.9365079365079365,0.9402390438247011,126.0
accuracy,0.9414893617021277,0.9414893617021277,0.9414893617021277,0.9414893617021277
macro avg,0.941327731453406,0.9407129360835244,0.9408315060747643,564.0
weighted avg,0.9415890299542167,0.9414893617021277,0.9413634472595749,564.0
