,precision,recall,f1-score,support
0.0,1.0,0.8947368421052632,0.9444444444444444,38.0
1.0,0.9830917874396136,0.9926829268292683,0.9878640776699029,410.0
2.0,0.9032258064516129,0.9032258064516129,0.9032258064516129,31.0
accuracy,0.9791231732776617,0.9791231732776617,0.9791231732776617,0.9791231732776617
macro avg,0.9621058646304088,0.9302151917953815,0.9451781095219868,479.0
weighted avg,0.979264369207185,0.9791231732776617,0.9789418804458226,479.0
