,precision,recall,f1-score,support
0.0,0.9959839357429718,0.9979879275653923,0.9969849246231156,497.0
1.0,0.9980988593155894,0.9962049335863378,0.9971509971509972,527.0
accuracy,0.9970703125,0.9970703125,0.9970703125,0.9970703125
macro avg,0.9970413975292807,0.9970964305758651,0.9970679608870564,1024.0
weighted avg,0.9970723778550514,0.9970703125,0.9970703935901015,1024.0
