,precision,recall,f1-score,support
0.0,0.9919839679358717,0.9959758551307847,0.9939759036144579,497.0
1.0,0.9961904761904762,0.9924098671726755,0.9942965779467682,527.0
accuracy,0.994140625,0.994140625,0.994140625,0.994140625
macro avg,0.994087222063174,0.9941928611517301,0.994136240780613,1024.0
weighted avg,0.9941488408364347,0.994140625,0.9941409381585277,1024.0
