,precision,recall,f1-score,support
0.0,0.9815950920245399,0.975609756097561,0.9785932721712537,164.0
1.0,0.9586776859504132,0.9830508474576272,0.9707112970711298,118.0
2.0,1.0,0.9803921568627451,0.99009900990099,102.0
accuracy,0.9791666666666666,0.9791666666666666,0.9791666666666666,0.9791666666666666
macro avg,0.980090925991651,0.9796842534726444,0.9798011930477912,384.0
weighted avg,0.9794415677973264,0.9791666666666666,0.9792274184905727,384.0
