,precision,recall,f1-score,support
0.0,0.9872881355932204,0.9789915966386554,0.9831223628691984,238.0
1.0,0.9329896907216495,0.9783783783783784,0.9551451187335093,185.0
2.0,0.9748743718592965,0.9509803921568627,0.9627791563275433,204.0
3.0,0.9572649572649573,0.9531914893617022,0.9552238805970149,235.0
4.0,0.9776785714285714,0.9733333333333334,0.9755011135857461,225.0
accuracy,0.9668813247470102,0.9668813247470102,0.9668813247470102,0.9668813247470102
macro avg,0.966019145373539,0.9669750379737863,0.9663543264226024,1087.0
weighted avg,0.9672373361938195,0.9668813247470102,0.9669340199783613,1087.0
