,precision,recall,f1-score,support
0.0,0.9898648648648649,0.9898648648648649,0.9898648648648649,296.0
1.0,0.963963963963964,0.9771689497716894,0.9705215419501134,219.0
2.0,0.9624060150375939,0.9696969696969697,0.9660377358490566,264.0
3.0,0.9670781893004116,0.9475806451612904,0.9572301425661914,248.0
4.0,0.9857142857142858,0.9857142857142858,0.9857142857142858,210.0
accuracy,0.9741309620048505,0.9741309620048505,0.9741309620048505,0.9741309620048505
macro avg,0.9738054637762239,0.9740051430418202,0.9738737141889026,1237.0
weighted avg,0.9741460687344664,0.9741309620048505,0.9741077245817633,1237.0
