,precision,recall,f1-score,support
0.0,0.9951690821256038,1.0,0.9975786924939467,206.0
1.0,1.0,1.0,1.0,167.0
2.0,1.0,0.993103448275862,0.9965397923875432,145.0
accuracy,0.9980694980694981,0.9980694980694981,0.9980694980694981,0.9980694980694981
macro avg,0.998389694041868,0.9977011494252874,0.9980394949604966,518.0
weighted avg,0.9980788241657808,0.9980694980694981,0.9980684952701674,518.0
