,precision,recall,f1-score,support
0.0,0.9901960784313726,0.9950738916256158,0.9926289926289927,406.0
1.0,0.9955156950672646,0.9970059880239521,0.9962602842183994,668.0
2.0,1.0,0.9964912280701754,0.9982425307557118,855.0
accuracy,0.9963711767755313,0.9963711767755313,0.9963711767755313,0.9963711767755313
macro avg,0.995237257832879,0.9961903692399144,0.9957106025343679,1929.0
weighted avg,0.9963836662250233,0.9963711767755313,0.9963746006539115,1929.0
