,precision,recall,f1-score,support
0.0,0.9847328244274809,0.9847328244274809,0.9847328244274809,131.0
1.0,0.944,0.9672131147540983,0.9554655870445343,122.0
2.0,0.9344262295081968,0.9047619047619048,0.9193548387096775,126.0
3.0,0.9477611940298507,0.9548872180451128,0.9513108614232209,133.0
accuracy,0.953125,0.953125,0.953125,0.953125
macro avg,0.9527300619913821,0.9528987654971492,0.9527160279012283,512.0
weighted avg,0.9530428588359433,0.953125,0.9529879997385564,512.0
