,precision,recall,f1-score,support
0.0,0.9770642201834863,0.922077922077922,0.9487750556792872,1155.0
1.0,0.8887000849617672,0.9355992844364938,0.9115468409586057,1118.0
2.0,0.9575812274368231,0.9627949183303085,0.9601809954751132,1102.0
accuracy,0.9398518518518518,0.9398518518518518,0.9398518518518518,0.9398518518518518
macro avg,0.9411151775273588,0.9401573749482415,0.9401676307043353,3375.0
weighted avg,0.9414312242769073,0.9398518518518518,0.9401671154118142,3375.0
