,precision,recall,f1-score,support
0.0,0.9935064935064936,0.9745222929936306,0.9839228295819937,157.0
1.0,0.9876543209876543,0.9968847352024922,0.9922480620155038,321.0
accuracy,0.9895397489539749,0.9895397489539749,0.9895397489539749,0.9895397489539749
macro avg,0.9905804072470739,0.9857035140980615,0.9880854457987487,478.0
weighted avg,0.9895764780702019,0.9895397489539749,0.9895136237475936,478.0
