,precision,recall,f1-score,support
0.0,0.9865125240847784,0.9961089494163424,0.9912875121006776,514.0
1.0,0.9883268482490273,0.9844961240310077,0.9864077669902912,516.0
2.0,0.9943714821763602,0.9925093632958801,0.993439550140581,534.0
3.0,0.9918256130790191,0.9972602739726028,0.9945355191256832,730.0
4.0,1.0,0.9813664596273292,0.9905956112852665,322.0
accuracy,0.9915902140672783,0.9915902140672783,0.9915902140672783,0.9915902140672783
macro avg,0.992207293517837,0.9903482340686324,0.9912531919284999,2616.0
weighted avg,0.9916174159426356,0.9915902140672783,0.9915854833935066,2616.0
