,precision,recall,f1-score,support
0.0,0.9813664596273292,0.9875,0.9844236760124611,320.0
1.0,0.9951923076923077,0.9880668257756563,0.9916167664670659,419.0
2.0,1.0,0.9796610169491525,0.9897260273972603,295.0
3.0,0.9803921568627451,0.9927797833935018,0.9865470852017937,554.0
accuracy,0.9880352644836272,0.9880352644836272,0.9880352644836272,0.9880352644836272
macro avg,0.9892377310455955,0.9870019065295776,0.9880783887696454,1588.0
weighted avg,0.9881360824343721,0.9880352644836272,0.9880473959431194,1588.0
