,precision,recall,f1-score,support
0.0,0.8397435897435898,0.9247058823529412,0.8801791713325867,425.0
1.0,0.9595687331536388,0.9047013977128335,0.9313276651406148,787.0
2.0,0.8383838383838383,0.9431818181818182,0.8877005347593583,440.0
3.0,0.981645139360979,0.94750656167979,0.9642737896494157,1524.0
accuracy,0.9332493702770781,0.9332493702770781,0.9332493702770781,0.9332493702770781
macro avg,0.9048353251605115,0.9300239149818458,0.9158702902204938,3176.0
weighted avg,0.9373386964445718,0.9332493702770781,0.9342482717260203,3176.0
