,precision,recall,f1-score,support
0.0,0.9136490250696379,0.9590643274853801,0.9358059914407988,342.0
1.0,0.9092140921409214,0.9319444444444445,0.9204389574759945,720.0
2.0,0.9895493141737427,0.9914921465968587,0.9905197777051324,1528.0
3.0,0.8984674329501916,0.8967495219885278,0.8976076555023923,523.0
4.0,0.9282051282051282,0.8942687747035574,0.910920986411676,1012.0
accuracy,0.9425454545454546,0.9425454545454546,0.9425454545454546,0.9425454545454546
macro avg,0.9278169985079245,0.9347038430437538,0.9310586737071989,4125.0
weighted avg,0.9426364902180119,0.9425454545454546,0.9424428511188554,4125.0
