,precision,recall,f1-score,support
0.0,0.9788732394366197,0.9914407988587732,0.9851169383416017,701.0
1.0,0.9958333333333333,0.9805128205128205,0.9881136950904392,975.0
2.0,0.9783845278725825,0.9783845278725825,0.9783845278725825,879.0
3.0,0.9794520547945206,0.9662162162162162,0.9727891156462585,740.0
4.0,0.9954904171364148,0.9977401129943503,0.9966139954853273,885.0
5.0,0.9775561097256857,0.9949238578680203,0.9861635220125786,788.0
accuracy,0.9849033816425121,0.9849033816425121,0.9849033816425121,0.9849033816425121
macro avg,0.9842649470498595,0.9848697223871272,0.9845302990747978,4968.0
weighted avg,0.9849527767758823,0.9849033816425121,0.9848917096254627,4968.0
