,precision,recall,f1-score,support
0.0,0.9831365935919055,0.9847972972972973,0.9839662447257385,592.0
1.0,0.9689839572192513,0.9869281045751634,0.9778737182946574,918.0
2.0,0.9944289693593314,0.9821182943603851,0.988235294117647,1454.0
accuracy,0.9841430499325237,0.9841430499325237,0.9841430499325237,0.9841430499325237
macro avg,0.9821831733901628,0.9846145654109487,0.9833584190460143,2964.0
weighted avg,0.9842927994541663,0.9841430499325237,0.9841734844531683,2964.0
