,precision,recall,f1-score,support
0.0,0.5963302752293578,0.9285714285714286,0.7262569832402235,140.0
1.0,0.8935483870967742,0.6338672768878718,0.7416331994645248,874.0
2.0,0.6626506024096386,0.8574610244988864,0.7475728155339806,449.0
3.0,0.6187845303867403,0.8175182481751825,0.7044025157232703,137.0
accuracy,0.738125,0.738125,0.738125,0.738125
macro avg,0.6928284487806278,0.8093544945333423,0.7299663784904998,1600.0
weighted avg,0.7792194562497512,0.738125,0.7387667080090446,1600.0
