,precision,recall,f1-score,support
0.0,0.9164086687306502,0.9736842105263158,0.9441786283891548,304.0
1.0,0.9466911764705882,0.9229390681003584,0.9346642468239564,558.0
2.0,0.9768076398362893,0.9701897018970189,0.973487423521414,738.0
accuracy,0.954375,0.954375,0.954375,0.954375
macro avg,0.9466358283458426,0.955604326841231,0.9507767662448418,1600.0
weighted avg,0.9548287187274296,0.954375,0.9543791695730464,1600.0
