,precision,recall,f1-score,support
0.0,0.7519788918205804,0.8850931677018633,0.8131241084165477,322.0
1.0,0.9621621621621622,0.9008097165991903,0.930475692629378,988.0
2.0,0.8893905191873589,0.8995433789954338,0.8944381384790011,438.0
3.0,0.9310872894333844,0.9325153374233128,0.9318007662835248,652.0
accuracy,0.9070833333333334,0.9070833333333334,0.9070833333333334,0.9070833333333334
macro avg,0.8836547156508714,0.9044904001799501,0.8924596764521129,2400.0
weighted avg,0.9122397414571136,0.9070833333333334,0.9085141464577561,2400.0
