,precision,recall,f1-score,support
0.0,0.9980314960629921,1.0,0.9990147783251232,507.0
1.0,0.994328922495274,0.9981024667931688,0.9962121212121212,527.0
2.0,0.9980916030534351,0.9924098671726755,0.9952426260704093,527.0
3.0,0.9937888198757764,0.9937888198757764,0.9937888198757764,483.0
4.0,0.9961240310077519,0.9961240310077519,0.9961240310077519,516.0
accuracy,0.99609375,0.99609375,0.99609375,0.99609375
macro avg,0.996072974499046,0.9960850369698745,0.9960764752982364,2560.0
weighted avg,0.9960967130734792,0.99609375,0.996092634542473,2560.0
