,precision,recall,f1-score,support
0.0,0.9881656804733728,0.9823529411764705,0.9852507374631269,170.0
1.0,0.9923273657289002,0.9948717948717949,0.9935979513444302,390.0
accuracy,0.9910714285714286,0.9910714285714286,0.9910714285714286,0.9910714285714286
macro avg,0.9902465231011366,0.9886123680241328,0.9894243444037785,560.0
weighted avg,0.9910639969906151,0.9910714285714286,0.9910639757018918,560.0
