,precision,recall,f1-score,support
0.0,0.8209366391184573,0.9490445859872612,0.880354505169867,314.0
1.0,0.8214285714285714,0.8729372937293729,0.8463999999999999,606.0
2.0,0.8265582655826558,0.9327217125382263,0.8764367816091954,327.0
3.0,0.9840478564307079,0.8719081272084805,0.9245901639344262,1132.0
accuracy,0.8907103825136612,0.8907103825136612,0.8907103825136612,0.8907103825136612
macro avg,0.8632428331400981,0.9066529298658352,0.8819453626783722,2379.0
weighted avg,0.8994478962984446,0.8907103825136612,0.8922154719559964,2379.0
