,precision,recall,f1-score,support
0.0,0.9947229551451188,1.0,0.9973544973544973,377.0
1.0,0.9938524590163934,0.9918200408997955,0.9928352098259978,489.0
2.0,0.9882903981264637,0.9952830188679245,0.9917743830787309,424.0
3.0,0.9955257270693513,0.9866962305986696,0.9910913140311804,451.0
accuracy,0.9931074095347502,0.9931074095347502,0.9931074095347502,0.9931074095347502
macro avg,0.9930978848393317,0.9934498225915974,0.9932638510726016,1741.0
weighted avg,0.9931198381749707,0.9931074095347502,0.9931037243888586,1741.0
