,precision,recall,f1-score,support
0.0,0.9904761904761905,0.9968051118210862,0.9936305732484076,313.0
1.0,0.9846153846153847,0.9846153846153847,0.9846153846153847,195.0
2.0,0.9844961240310077,0.9844961240310077,0.9844961240310077,129.0
3.0,1.0,0.9831932773109243,0.9915254237288135,119.0
accuracy,0.9894179894179894,0.9894179894179894,0.9894179894179894,0.9894179894179894
macro avg,0.9898969247806457,0.9872774744446008,0.9885668764059033,756.0
weighted avg,0.9894431846812799,0.9894179894179894,0.9894152048286778,756.0
