,precision,recall,f1-score,support
0.0,0.993993993993994,0.9969879518072289,0.9954887218045113,332.0
1.0,0.9864864864864865,0.9931972789115646,0.9898305084745763,294.0
2.0,0.9858156028368794,0.9788732394366197,0.9823321554770318,284.0
3.0,0.9895833333333334,0.9895833333333334,0.9895833333333334,288.0
4.0,0.9900332225913622,0.9867549668874173,0.988391376451078,302.0
accuracy,0.9893333333333333,0.9893333333333333,0.9893333333333333,0.9893333333333333
macro avg,0.9891825278484111,0.9890793540752328,0.9891252191081061,1500.0
weighted avg,0.9893297983075321,0.9893333333333333,0.9893259686495505,1500.0
