,precision,recall,f1-score,support
0.0,0.9966996699669967,1.0,0.9983471074380166,604.0
1.0,1.0,0.9914821124361158,0.9957228400342172,587.0
2.0,0.9964580873671782,1.0,0.9982259018332348,844.0
accuracy,0.9975429975429976,0.9975429975429976,0.9975429975429976,0.9975429975429976
macro avg,0.997719252444725,0.997160704145372,0.9974319497684895,2035.0
weighted avg,0.9975514626034223,0.9975429975429976,0.9975398629680087,2035.0
