,precision,recall,f1-score,support
0.0,0.9246298788694481,0.9221476510067114,0.9233870967741935,745.0
1.0,0.9591194968553459,0.9667194928684627,0.962904498816101,631.0
2.0,0.9095092024539877,0.9294670846394985,0.9193798449612404,638.0
3.0,0.8631239935587761,0.8729641693811075,0.8680161943319837,614.0
4.0,0.9221311475409836,0.8928571428571429,0.9072580645161291,756.0
accuracy,0.916371158392435,0.916371158392435,0.916371158392435,0.916371158392435
macro avg,0.9157027438557084,0.9168311081505847,0.9161891398799294,3384.0
weighted avg,0.916492261532263,0.916371158392435,0.9163503271362402,3384.0
