,precision,recall,f1-score,support
0.0,0.8870967741935484,0.9482758620689655,0.9166666666666667,232.0
1.0,0.94,0.9494949494949495,0.9447236180904524,198.0
2.0,0.9230769230769231,0.918918918918919,0.9209932279909706,222.0
3.0,0.9392523364485982,0.9220183486238532,0.9305555555555556,218.0
4.0,0.9551020408163265,0.9069767441860465,0.9304174950298211,258.0
accuracy,0.9281914893617021,0.9281914893617021,0.9281914893617021,0.9281914893617021
macro avg,0.9289056149070793,0.9291369646585468,0.9286713126666932,1128.0
weighted avg,0.9290982840535343,0.9281914893617021,0.9282723975987383,1128.0
