,precision,recall,f1-score,support
0.0,0.9,0.9310344827586207,0.9152542372881356,232.0
1.0,0.9408866995073891,0.9646464646464646,0.9526184538653367,198.0
2.0,0.9485981308411215,0.9144144144144144,0.9311926605504587,222.0
3.0,0.926829268292683,0.8715596330275229,0.8983451536643026,218.0
4.0,0.9060150375939849,0.9341085271317829,0.9198473282442747,258.0
accuracy,0.9228723404255319,0.9228723404255319,0.9228723404255319,0.9228723404255319
macro avg,0.9244658272470356,0.923152704395761,0.9234515667225016,1128.0
weighted avg,0.9233023153690115,0.9228723404255319,0.9227323242413359,1128.0
