,precision,recall,f1-score,support
0.0,0.5826771653543307,1.0,0.736318407960199,74.0
1.0,0.9805013927576601,0.8648648648648649,0.9190600522193212,814.0
2.0,0.4690265486725664,0.7571428571428571,0.5792349726775956,70.0
accuracy,0.8674321503131524,0.8674321503131524,0.8674321503131524,0.8674321503131524
macro avg,0.677401702261519,0.874002574002574,0.7448711442857053,958.0
weighted avg,0.9123988542255067,0.8674321503131524,0.8801136667881148,958.0
