,precision,recall,f1-score,support
0.0,0.989010989010989,0.994475138121547,0.9917355371900827,181.0
1.0,0.9833333333333333,0.9725274725274725,0.9779005524861878,182.0
2.0,0.990909090909091,0.9732142857142857,0.9819819819819819,112.0
3.0,0.9717514124293786,0.9885057471264368,0.98005698005698,174.0
accuracy,0.9830508474576272,0.9830508474576272,0.9830508474576272,0.9830508474576272
macro avg,0.983751206420698,0.9821806608724355,0.9829187629288081,649.0
weighted avg,0.983118982468699,0.9830508474576272,0.9830414935220148,649.0
