,precision,recall,f1-score,support
0.0,1.0,0.9915966386554622,0.9957805907172996,119.0
1.0,0.98989898989899,1.0,0.9949238578680203,98.0
2.0,1.0,1.0,1.0,71.0
accuracy,0.9965277777777778,0.9965277777777778,0.9965277777777778,0.9965277777777778
macro avg,0.9966329966329966,0.9971988795518207,0.9969014828617734,288.0
weighted avg,0.9965628507295174,0.9965277777777778,0.9965292651611968,288.0
