,precision,recall,f1-score,support
0.0,0.9897959183673469,0.9948717948717949,0.9923273657289001,195.0
1.0,1.0,0.9735099337748344,0.9865771812080537,151.0
2.0,0.9398496240601504,0.9765625,0.9578544061302682,128.0
3.0,0.9831460674157303,0.9562841530054644,0.9695290858725761,183.0
4.0,0.9753086419753086,0.9937106918238994,0.984423676012461,159.0
accuracy,0.9791666666666666,0.9791666666666666,0.9791666666666666,0.9791666666666666
macro avg,0.9776200503637072,0.9789878146951987,0.9781423429904519,816.0
weighted avg,0.9795352455545153,0.9791666666666666,0.9792028699324615,816.0
