,precision,recall,f1-score,support
0.0,0.9935897435897436,0.9935897435897436,0.9935897435897436,156.0
1.0,0.9807692307692307,0.9855072463768116,0.983132530120482,207.0
2.0,0.9716981132075472,0.9856459330143541,0.9786223277909739,209.0
3.0,0.9933774834437086,0.974025974025974,0.9836065573770492,154.0
4.0,1.0,0.9949238578680203,0.9974554707379135,197.0
accuracy,0.9869989165763814,0.9869989165763814,0.9869989165763814,0.9869989165763814
macro avg,0.9878869142020461,0.9867385509749808,0.9872813259232324,923.0
weighted avg,0.9870902154712234,0.9869989165763814,0.9870147755305394,923.0
