,precision,recall,f1-score,support
0.0,0.9776785714285714,0.9776785714285714,0.9776785714285714,224.0
1.0,0.9572192513368984,0.9835164835164835,0.970189701897019,182.0
2.0,0.9627659574468085,0.923469387755102,0.9427083333333334,196.0
3.0,0.9479768786127167,0.9534883720930233,0.9507246376811593,172.0
4.0,0.9807692307692307,0.9935064935064936,0.9870967741935484,154.0
accuracy,0.9655172413793104,0.9655172413793104,0.9655172413793104,0.9655172413793104
macro avg,0.9652819779188452,0.9663318616599348,0.9656796037067263,928.0
weighted avg,0.9655242629986409,0.9655172413793104,0.9653910560189188,928.0
