,precision,recall,f1-score,support
0.0,0.9712643678160919,0.976878612716763,0.9740634005763689,173.0
1.0,0.9753593429158111,0.9713701431492843,0.9733606557377049,489.0
2.0,0.9210526315789473,0.9292035398230089,0.9251101321585904,113.0
accuracy,0.9664516129032258,0.9664516129032258,0.9664516129032258,0.9664516129032258
macro avg,0.9558921141036167,0.9591507652296855,0.9575113961575547,775.0
weighted avg,0.9665269699179827,0.9664516129032258,0.9664822888895099,775.0
