,precision,recall,f1-score,support
0.0,0.9987562189054726,0.991358024691358,0.9950433705080545,810.0
1.0,0.9892703862660944,0.9978354978354979,0.9935344827586207,462.0
2.0,0.9891696750902527,0.9963636363636363,0.9927536231884057,275.0
accuracy,0.9941822882999354,0.9941822882999354,0.9941822882999354,0.9941822882999354
macro avg,0.9923987600872732,0.995185719630164,0.9937771588183603,1547.0
weighted avg,0.9942192090615306,0.9941822882999354,0.9941857191485575,1547.0
