,precision,recall,f1-score,support
0.0,0.997624703087886,0.997624703087886,0.997624703087886,842.0
1.0,0.9965116279069768,0.994199535962877,0.9953542392566783,862.0
2.0,0.9885057471264368,0.9885057471264368,0.9885057471264368,261.0
3.0,0.995475113122172,1.0,0.9977324263038548,440.0
accuracy,0.9958419958419958,0.9958419958419958,0.9958419958419958,0.9958419958419958
macro avg,0.9945292978108679,0.9950824965442999,0.994804278943714,2405.0
weighted avg,0.9958428578085529,0.9958419958419958,0.9958410069908329,2405.0
