,precision,recall,f1-score,support
0.0,0.9916267942583732,0.9963942307692307,0.9940047961630696,832.0
1.0,0.9929494712103408,0.9894613583138173,0.9912023460410558,854.0
2.0,0.993920972644377,0.9879154078549849,0.990909090909091,331.0
3.0,0.998015873015873,1.0,0.9990069513406157,503.0
accuracy,0.9936507936507937,0.9936507936507937,0.9936507936507937,0.9936507936507937
macro avg,0.994128277782241,0.9934427492345083,0.9937807961134579,2520.0
weighted avg,0.9936516536939962,0.9936507936507937,0.9936469045801486,2520.0
