,precision,recall,f1-score,support
0.0,0.983271375464684,0.9981132075471698,0.9906367041198502,530.0
1.0,0.9806201550387597,0.98828125,0.9844357976653696,512.0
2.0,0.9967845659163987,0.9597523219814241,0.9779179810725552,323.0
3.0,0.9896907216494846,0.9896907216494846,0.9896907216494846,194.0
accuracy,0.9858883899935856,0.9858883899935856,0.9858883899935856,0.9858883899935856
macro avg,0.9875917045173317,0.9839593752945196,0.9856703011268149,1559.0
weighted avg,0.9859992066498552,0.9858883899935856,0.9858473954295222,1559.0
