,precision,recall,f1-score,support
0.0,0.9955022488755623,0.991044776119403,0.993268511593119,670.0
1.0,0.9913669064748202,0.9956647398843931,0.9935111751982697,692.0
2.0,0.9970588235294118,0.9990176817288802,0.9980372914622179,1018.0
3.0,0.9960159362549801,0.9940357852882704,0.9950248756218906,1006.0
accuracy,0.9952746603662138,0.9952746603662138,0.9952746603662138,0.9952746603662138
macro avg,0.9949859787836935,0.9949407457552366,0.9949604634688742,3386.0
weighted avg,0.9952777082848947,0.9952746603662138,0.9952736631980956,3386.0
