,precision,recall,f1-score,support
0.0,0.9617486338797814,0.967032967032967,0.9643835616438357,364.0
1.0,0.9830508474576272,0.9802816901408451,0.9816643159379408,710.0
2.0,0.9854439592430859,0.9854439592430859,0.9854439592430859,687.0
accuracy,0.979557069846678,0.979557069846678,0.979557069846678,0.979557069846678
macro avg,0.9767478135268316,0.9775862054722994,0.9771639456082873,1761.0
weighted avg,0.9795812631613604,0.979557069846678,0.9795668828814844,1761.0
