,precision,recall,f1-score,support
0.0,0.9831081081081081,1.0,0.9914821124361158,291.0
1.0,1.0,0.9830188679245283,0.9914367269267365,530.0
2.0,0.9904761904761905,0.9968051118210862,0.9936305732484076,626.0
accuracy,0.9923980649619903,0.9923980649619903,0.9923980649619903,0.9923980649619903
macro avg,0.9911947661947661,0.9932746599152048,0.9921831375370868,1447.0
weighted avg,0.9924827606755734,0.9923980649619903,0.9923949542802925,1447.0
