,precision,recall,f1-score,support
0.0,0.991869918699187,0.991869918699187,0.991869918699187,246.0
1.0,0.9915611814345991,0.9915611814345991,0.9915611814345991,237.0
accuracy,0.9917184265010351,0.9917184265010351,0.9917184265010351,0.9917184265010351
macro avg,0.991715550066893,0.991715550066893,0.991715550066893,483.0
weighted avg,0.9917184265010351,0.9917184265010351,0.9917184265010351,483.0
