,precision,recall,f1-score,support
0.0,0.9921259842519685,0.9895287958115183,0.9908256880733944,382.0
1.0,0.983957219251337,0.989247311827957,0.9865951742627346,372.0
2.0,0.9921465968586387,0.9869791666666666,0.9895561357702348,384.0
3.0,0.9914675767918089,0.9948630136986302,0.9931623931623933,584.0
4.0,0.99581589958159,0.9916666666666667,0.9937369519832986,240.0
accuracy,0.9908256880733946,0.9908256880733946,0.9908256880733946,0.9908256880733946
macro avg,0.9911026553470685,0.9904569909342879,0.9907752686504111,1962.0
weighted avg,0.9908365879130807,0.9908256880733946,0.9908267481592117,1962.0
