,precision,recall,f1-score,support
0.0,0.9778393351800554,0.9943661971830986,0.9860335195530726,355.0
1.0,0.9905956112852664,0.978328173374613,0.984423676012461,323.0
2.0,0.9878048780487805,0.9818181818181818,0.9848024316109422,330.0
accuracy,0.9851190476190477,0.9851190476190477,0.9851190476190477,0.9851190476190477
macro avg,0.9854132748380341,0.9848375174586311,0.9850865423921586,1008.0
weighted avg,0.9851894406648396,0.9851190476190477,0.9851146321676355,1008.0
