,precision,recall,f1-score,support
0.0,0.9981308411214953,1.0,0.9990645463049579,534.0
1.0,1.0,0.9952153110047847,0.9976019184652278,209.0
accuracy,0.9986541049798116,0.9986541049798116,0.9986541049798116,0.9986541049798116
macro avg,0.9990654205607477,0.9976076555023923,0.9983332323850929,743.0
weighted avg,0.9986566206714381,0.9986541049798116,0.9986531207080487,743.0
