,precision,recall,f1-score,support
0.0,0.966542750929368,0.9885931558935361,0.9774436090225563,263.0
1.0,0.9525691699604744,0.9659318637274549,0.9592039800995025,499.0
2.0,0.9948586118251928,0.9940068493150684,0.9944325481798715,1168.0
3.0,0.9306930693069307,0.9261083743842364,0.928395061728395,406.0
4.0,0.9558823529411765,0.9432717678100264,0.949535192563081,758.0
accuracy,0.9676793794440853,0.9676793794440853,0.9676793794440853,0.9676793794440853
macro avg,0.9601091909926284,0.9635824022260644,0.9618020783186813,3094.0
weighted avg,0.9676625169956533,0.9676793794440853,0.9676418043119643,3094.0
