,precision,recall,f1-score,support
0.0,0.982421875,0.9882121807465619,0.9853085210577864,509.0
1.0,0.9849315068493151,0.9930939226519337,0.9889958734525447,724.0
2.0,0.9782608695652174,0.9767441860465116,0.9775019394879751,645.0
3.0,0.9788732394366197,0.9737302977232924,0.9762949956101844,571.0
4.0,0.9910846953937593,0.9910846953937593,0.9910846953937593,673.0
5.0,0.993322203672788,0.9850993377483444,0.9891936824605153,604.0
accuracy,0.984970477724101,0.984970477724101,0.984970477724101,0.984970477724101
macro avg,0.9848157316529499,0.9846607700517339,0.9847299512437941,3726.0
weighted avg,0.9849770898926847,0.984970477724101,0.9849654394168992,3726.0
