,precision,recall,f1-score,support
0.0,0.8819875776397516,0.9906976744186047,0.9331872946330778,430.0
1.0,0.8966942148760331,0.9407514450867052,0.918194640338505,692.0
2.0,0.9921104536489151,0.9137148047229791,0.9513002364066194,1101.0
accuracy,0.9370220422852001,0.9370220422852001,0.9370220422852001,0.9370220422852001
macro avg,0.9235974153882333,0.9483879747427629,0.9342273904594007,2223.0
weighted avg,0.9411069116269742,0.9370220422852001,0.9374911327441102,2223.0
