,precision,recall,f1-score,support
0.0,0.989247311827957,0.968421052631579,0.9787234042553192,285.0
1.0,0.9733333333333334,0.9776785714285714,0.9755011135857461,224.0
2.0,0.9416666666666667,0.9826086956521739,0.9617021276595745,115.0
accuracy,0.9743589743589743,0.9743589743589743,0.9743589743589743,0.9743589743589743
macro avg,0.9680824372759856,0.9762361065707749,0.9719755485002133,624.0
weighted avg,0.9747657326992004,0.9743589743589743,0.9744297505397824,624.0
