,precision,recall,f1-score,support
0.0,0.8636363636363636,0.9166666666666666,0.8893617021276595,228.0
1.0,0.9690140845070423,0.9529085872576177,0.9608938547486033,722.0
2.0,0.9333333333333333,0.9256198347107438,0.9294605809128631,363.0
3.0,0.9528688524590164,0.9548254620123203,0.9538461538461538,487.0
accuracy,0.9433333333333334,0.9433333333333334,0.9433333333333334,0.9433333333333334
macro avg,0.929713158483939,0.9375051376618372,0.9333905729088199,1800.0
weighted avg,0.9441024394837314,0.9433333333333334,0.9435872772266911,1800.0
