,precision,recall,f1-score,support
0.0,0.8830645161290323,0.9820627802690582,0.929936305732484,223.0
1.0,0.9667458432304038,0.931350114416476,0.9487179487179488,437.0
2.0,0.9943502824858758,0.9777777777777777,0.9859943977591036,540.0
accuracy,0.9616666666666667,0.9616666666666667,0.9616666666666667,0.9616666666666667
macro avg,0.9480535472817707,0.9637302241544373,0.9548828840698455,1200.0
weighted avg,0.9636170609423612,0.9616666666666667,0.9620020954650029,1200.0
