,precision,recall,f1-score,support
0.0,0.9183673469387755,0.967741935483871,0.9424083769633509,93.0
1.0,0.9710365853658537,0.9479166666666666,0.9593373493975903,672.0
2.0,0.9345238095238095,0.9345238095238095,0.9345238095238095,336.0
3.0,0.8727272727272727,0.9696969696969697,0.9186602870813397,99.0
accuracy,0.9475,0.9475,0.9475,0.9475
macro avg,0.9241637536389279,0.9549698453428292,0.9387324557415225,1200.0
weighted avg,0.9486206238592998,0.9475,0.9477217052281877,1200.0
