,precision,recall,f1-score,support
0.0,1.0,0.994475138121547,0.9972299168975068,362.0
1.0,1.0,1.0,1.0,392.0
2.0,0.9973753280839895,0.9947643979057592,0.9960681520314548,382.0
3.0,0.9926650366748166,0.9950980392156863,0.9938800489596084,408.0
4.0,0.9947089947089947,1.0,0.9973474801061007,376.0
accuracy,0.996875,0.996875,0.996875,0.996875
macro avg,0.9969498718935602,0.9968675150485986,0.996905119598934,1920.0
weighted avg,0.9968829647406203,0.996875,0.9968755085876706,1920.0
