,precision,recall,f1-score,support
0.0,0.9959016393442623,1.0,0.997946611909651,243.0
1.0,1.0,0.993421052631579,0.9966996699669968,152.0
2.0,1.0,1.0,1.0,90.0
3.0,1.0,1.0,1.0,82.0
accuracy,0.9982363315696648,0.9982363315696648,0.9982363315696648,0.9982363315696648
macro avg,0.9989754098360656,0.9983552631578947,0.9986615704691619,567.0
weighted avg,0.9982435597189695,0.9982363315696648,0.9982352319735956,567.0
