,precision,recall,f1-score,support
0.0,0.9564356435643564,0.9958762886597938,0.9757575757575757,485.0
1.0,0.995249406175772,0.9501133786848073,0.9721577726218097,441.0
accuracy,0.9740820734341252,0.9740820734341252,0.9740820734341252,0.9740820734341252
macro avg,0.9758425248700642,0.9729948336723006,0.9739576741896927,926.0
weighted avg,0.9749203836417152,0.9740820734341252,0.97404319867024,926.0
