,precision,recall,f1-score,support
0.0,1.0,0.9976525821596244,0.9988249118683901,426.0
1.0,0.9978947368421053,0.9978947368421053,0.9978947368421053,475.0
2.0,0.9984025559105432,1.0,0.9992006394884093,625.0
accuracy,0.9986893840104849,0.9986893840104849,0.9986893840104849,0.9986893840104849
macro avg,0.9987657642508827,0.9985157730005766,0.9986400960663016,1526.0
weighted avg,0.9986904308283678,0.9986893840104849,0.9986892609018283,1526.0
