,precision,recall,f1-score,support
0.0,0.9558011049723757,0.9719101123595506,0.9637883008356547,178.0
1.0,0.9702380952380952,0.9819277108433735,0.9760479041916169,166.0
2.0,0.9930555555555556,0.9662162162162162,0.9794520547945206,148.0
3.0,0.9875776397515528,0.9520958083832335,0.9695121951219513,167.0
4.0,0.9479166666666666,0.9732620320855615,0.9604221635883904,187.0
accuracy,0.9692671394799054,0.9692671394799054,0.9692671394799054,0.9692671394799054
macro avg,0.9709178124368492,0.9690823759775871,0.9698445237064268,846.0
weighted avg,0.9696811172836937,0.9692671394799054,0.9693199230857433,846.0
