,precision,recall,f1-score,support
0.0,0.9777777777777777,0.9887640449438202,0.9832402234636872,178.0
1.0,0.9195402298850575,0.963855421686747,0.9411764705882354,166.0
2.0,0.9591836734693877,0.9527027027027027,0.9559322033898305,148.0
3.0,0.961038961038961,0.8862275449101796,0.9221183800623053,167.0
4.0,0.900523560209424,0.9197860962566845,0.9100529100529101,187.0
accuracy,0.942080378250591,0.942080378250591,0.942080378250591,0.942080378250591
macro avg,0.9436128404761217,0.9422671621000267,0.9425040375113938,846.0
weighted avg,0.9427171613847545,0.942080378250591,0.9419665291325975,846.0
