,precision,recall,f1-score,support
0.0,0.9219600725952813,0.9304029304029304,0.92616226071103,546.0
1.0,0.9666666666666667,0.9727463312368972,0.9696969696969696,477.0
2.0,0.9504504504504504,0.9075268817204301,0.9284928492849284,465.0
3.0,0.9056974459724951,0.9092702169625246,0.9074803149606299,507.0
4.0,0.927797833935018,0.9465930018416207,0.9371011850501368,543.0
accuracy,0.9334121355397951,0.9334121355397951,0.9334121355397951,0.9334121355397951
macro avg,0.9345144939239823,0.9333078724328807,0.9337867159407389,2538.0
weighted avg,0.9335825405954503,0.9334121355397951,0.9333797033011948,2538.0
