,precision,recall,f1-score,support
0.0,0.9931350114416476,0.970917225950783,0.9819004524886877,447.0
1.0,0.9657142857142857,0.9548022598870056,0.9602272727272727,354.0
2.0,0.914572864321608,0.9891304347826086,0.9503916449086162,184.0
3.0,1.0,0.9929577464788732,0.9964664310954063,142.0
accuracy,0.9716060337178349,0.9716060337178349,0.9716060337178349,0.9716060337178349
macro avg,0.9683555403693853,0.9769519167748175,0.9722464503049957,1127.0
weighted avg,0.9725604385913484,0.9716060337178349,0.9717837202188385,1127.0
