,precision,recall,f1-score,support
0.0,0.9581497797356828,0.9497816593886463,0.9539473684210527,458.0
1.0,0.9116997792494481,0.9157427937915743,0.9137168141592921,451.0
2.0,0.8722222222222222,0.9781931464174455,0.9221732745961821,321.0
3.0,0.9849137931034483,0.9121756487025948,0.9471502590673576,501.0
accuracy,0.9352975158867707,0.9352975158867707,0.9352975158867707,0.9352975158867707
macro avg,0.9317463935777004,0.9389733120750652,0.9342469290609711,1731.0
weighted avg,0.937859239305953,0.9352975158867707,0.935606053645756,1731.0
