,precision,recall,f1-score,support
0.0,0.9878618113912232,0.9934272300469483,0.9906367041198503,2130.0
1.0,0.9871134020618557,0.9755476311767702,0.9812964386369459,1963.0
2.0,0.9818621523579202,0.9884357881923311,0.9851380042462845,1643.0
accuracy,0.9858786610878661,0.9858786610878661,0.9858786610878661,0.9858786610878661
macro avg,0.985612455270333,0.9858035498053499,0.9856903823343602,5736.0
weighted avg,0.985887165766177,0.9858786610878661,0.9858652074261246,5736.0
