,precision,recall,f1-score,support
0.0,0.9694072657743786,0.9118705035971223,0.9397590361445783,556.0
1.0,0.9170212765957447,0.9329004329004329,0.924892703862661,462.0
2.0,0.877431906614786,0.8706563706563707,0.874031007751938,518.0
3.0,0.8723404255319149,0.9300567107750473,0.9002744739249771,529.0
4.0,0.9652605459057072,0.9511002444987775,0.9581280788177341,409.0
accuracy,0.9175424413904608,0.9175424413904608,0.9175424413904608,0.9175424413904608
macro avg,0.9202922840845064,0.9193168524855502,0.9194170601003776,2474.0
weighted avg,0.9189262916596869,0.9175424413904608,0.9178149135970918,2474.0
