,precision,recall,f1-score,support
0.0,0.9172413793103448,0.8866666666666667,0.9016949152542374,450.0
1.0,0.9244142101284959,0.9279210925644916,0.9261643316925408,1318.0
2.0,0.6928104575163399,0.7162162162162162,0.7043189368770765,296.0
accuracy,0.8885658914728682,0.8885658914728682,0.8885658914728682,0.8885658914728682
macro avg,0.8448220156517268,0.8436013251491249,0.8440593946079517,2064.0
weighted avg,0.8896358745464386,0.8885658914728682,0.889014392611817,2064.0
