,precision,recall,f1-score,support
0.0,0.9162640901771336,0.9499165275459098,0.9327868852459017,599.0
1.0,0.976905311778291,0.9606358819076457,0.9687022900763359,1321.0
accuracy,0.9572916666666667,0.9572916666666667,0.9572916666666667,0.9572916666666667
macro avg,0.9465847009777123,0.9552762047267778,0.9507445876611188,1920.0
weighted avg,0.9579865139975131,0.9572916666666667,0.9574974320068411,1920.0
