,precision,recall,f1-score,support
0.0,0.9951370468611848,0.997341603898981,0.996238105775614,2257.0
1.0,0.9928952042628775,0.9920141969831411,0.9924545051043053,2254.0
2.0,0.9771505376344086,0.9850948509485095,0.98110661268556,738.0
3.0,0.9913344887348353,0.9836629406706793,0.9874838152783771,1163.0
accuracy,0.9915782907049283,0.9915782907049283,0.9915782907049283,0.9915782907049283
macro avg,0.9891293193733266,0.9895283981253278,0.9893207597109641,6412.0
weighted avg,0.9915890848950446,0.9915782907049283,0.9915786363960326,6412.0
