,precision,recall,f1-score,support
0.0,0.974233673922701,0.9838492597577388,0.9790178571428572,2229.0
1.0,0.9691551184622262,0.9713261648745519,0.9702394271649138,2232.0
2.0,0.9638118214716526,0.9411071849234394,0.9523241954707985,849.0
3.0,0.9807555238774056,0.975886524822695,0.9783149662282261,1410.0
accuracy,0.9726190476190476,0.9726190476190476,0.9726190476190476,0.9726190476190476
macro avg,0.9719890344334964,0.9680422835946063,0.9699741115016989,6720.0
weighted avg,0.9725986024818399,0.9726190476190476,0.9725822246041702,6720.0
