,precision,recall,f1-score,support
0.0,0.9721030042918455,0.9734957020057307,0.9727988546886185,1396.0
1.0,0.9543031226199543,0.9528517110266159,0.9535768645357686,1315.0
2.0,0.9558323895809739,0.9367369589345172,0.946188340807175,901.0
3.0,0.9325044404973357,0.963302752293578,0.9476534296028881,545.0
accuracy,0.9576617753187395,0.9576617753187395,0.9576617753187395,0.9576617753187395
macro avg,0.9536857392475274,0.9565967810651104,0.9550543724086126,4157.0
weighted avg,0.9577542225932552,0.9576617753187395,0.957653979362686,4157.0
