,precision,recall,f1-score,support
0.0,0.9834070796460177,0.9850415512465374,0.9842236368668696,1805.0
1.0,0.9725726823916621,0.9828159645232816,0.9776674937965261,1804.0
2.0,0.9858998144712431,0.9782768777614138,0.9820735538717428,2716.0
3.0,0.9866814650388457,0.9863165680473372,0.986498982800074,2704.0
accuracy,0.9829438476021708,0.9829438476021708,0.9829438476021708,0.9829438476021708
macro avg,0.9821402603869421,0.9831127403946425,0.9826159168338031,9029.0
weighted avg,0.9829728071064961,0.9829438476021708,0.9829483713767511,9029.0
