,precision,recall,f1-score,support
0.0,0.950530035335689,0.9527744982290437,0.9516509433962264,847.0
1.0,0.9890453834115805,0.9663608562691132,0.9775715390564578,1308.0
2.0,0.9647398843930636,0.9806110458284372,0.9726107226107227,1702.0
accuracy,0.9696655431682655,0.9696655431682655,0.9696655431682655,0.9696655431682655
macro avg,0.9681051010467777,0.966582133442198,0.9672777350211357,3857.0
weighted avg,0.969861961283036,0.9696655431682655,0.9696902701648692,3857.0
