,precision,recall,f1-score,support
0.0,0.8884758364312267,0.9715447154471545,0.9281553398058252,246.0
1.0,0.92578125,0.9404761904761905,0.9330708661417323,252.0
2.0,0.850187265917603,0.8730769230769231,0.8614800759013282,260.0
3.0,0.9353448275862069,0.8157894736842105,0.8714859437751004,266.0
accuracy,0.8984375,0.8984375,0.8984375,0.8984375
macro avg,0.8999472949837591,0.9002218256711196,0.8985480564059964,1024.0
weighted avg,0.9001097109751851,0.8984375,0.8977149928110074,1024.0
