,precision,recall,f1-score,support
0.0,0.9915102770330653,0.9910674408217954,0.9912888094706277,2239.0
1.0,0.9796099290780141,0.9861668897813476,0.9828774738714698,2241.0
2.0,0.9942350332594235,0.988100484795064,0.991158267020336,2269.0
accuracy,0.9884427322566306,0.9884427322566306,0.9884427322566306,0.9884427322566306
macro avg,0.9884517464568342,0.9884449384660691,0.9884415167874779,6749.0
weighted avg,0.9884748335763068,0.9884427322566306,0.9884519441724464,6749.0
