,precision,recall,f1-score,support
0.0,0.962135922330097,0.9792490118577075,0.9706170421155729,1012.0
1.0,0.9601554907677357,0.9743589743589743,0.9672050905531081,1014.0
2.0,0.9900695134061569,0.9540669856459331,0.9717348927875245,1045.0
3.0,0.9734799482535575,0.9875328083989501,0.980456026058632,1524.0
4.0,0.9887096774193549,0.9623233908948194,0.9753381066030231,637.0
accuracy,0.9736238532110092,0.9736238532110092,0.9736238532110092,0.9736238532110092
macro avg,0.9749101104353806,0.9715062342312768,0.9730702316235721,5232.0
weighted avg,0.9738710566132506,0.9736238532110092,0.9736197876575411,5232.0
