,precision,recall,f1-score,support
0.0,0.9647058823529412,0.9318181818181818,0.9479768786127167,616.0
1.0,0.9543773119605425,0.9567367119901112,0.9555555555555555,809.0
2.0,0.9410801963993454,0.9364820846905537,0.9387755102040817,614.0
3.0,0.9386873920552677,0.9568661971830986,0.94768962510898,1136.0
accuracy,0.9480314960629921,0.9480314960629921,0.9480314960629921,0.9480314960629921
macro avg,0.9497126956920242,0.9454757939204863,0.9474993923703335,3175.0
weighted avg,0.9481959643683378,0.9480314960629921,0.9480257571839323,3175.0
