,precision,recall,f1-score,support
0.0,0.9695603156708005,0.9772727272727273,0.9734012450481042,880.0
1.0,0.9765886287625418,0.9679558011049724,0.9722530521642619,905.0
2.0,0.9701327433628318,0.9712070874861573,0.9706696181516326,903.0
accuracy,0.9720982142857143,0.9720982142857143,0.9720982142857143,0.9720982142857143
macro avg,0.972093895932058,0.9721452052879522,0.9721079717879996,2688.0
weighted avg,0.972118918927471,0.9720982142857143,0.9720970137804736,2688.0
