,precision,recall,f1-score,support
0.0,0.9956300072833212,0.9956300072833212,0.9956300072833212,1373.0
1.0,0.9901153212520593,0.9901153212520593,0.9901153212520593,607.0
accuracy,0.9939393939393939,0.9939393939393939,0.9939393939393939,0.9939393939393939
macro avg,0.9928726642676902,0.9928726642676902,0.9928726642676902,1980.0
weighted avg,0.9939393939393939,0.9939393939393939,0.9939393939393939,1980.0
