,precision,recall,f1-score,support
0.0,0.7652474108170311,0.7869822485207101,0.7759626604434073,845.0
1.0,0.8945601074546675,0.8576947842884739,0.8757396449704141,1553.0
2.0,0.835214446952596,0.8904933814681107,0.8619685497961562,831.0
3.0,0.9700772200772201,0.9654178674351584,0.9677419354838709,3123.0
accuracy,0.9055415617128464,0.9055415617128464,0.9055415617128464,0.9055415617128464
macro avg,0.8662747963253787,0.8751470704281132,0.8703531976734622,6352.0
weighted avg,0.9067223351285036,0.9055415617128464,0.9058983070073153,6352.0
