,precision,recall,f1-score,support
0.0,0.9372262773722628,0.9434239529757531,0.9403149029659466,1361.0
1.0,0.9827225130890053,0.9640472521828454,0.9732953072336014,1947.0
2.0,0.9586082783443312,0.9500594530321046,0.9543147208121827,1682.0
3.0,0.920844327176781,0.9337792642140468,0.9272666888077051,1495.0
4.0,0.9872080088987765,0.9822910902047592,0.9847434119278781,1807.0
5.0,0.9641791044776119,0.982360097323601,0.9731846941849954,1644.0
accuracy,0.9606481481481481,0.9606481481481481,0.9606481481481481,0.9606481481481481
macro avg,0.9584647515597947,0.9593268516555183,0.9588532876553848,9936.0
weighted avg,0.9608456531434862,0.9606481481481481,0.960702756530585,9936.0
