,precision,recall,f1-score,support
0.0,0.718508997429306,0.9713292788879235,0.8260066494274104,1151.0
1.0,0.8203856749311295,0.8272222222222222,0.823789764868603,1800.0
2.0,0.9984356667970278,0.8575747396708095,0.9226599204915071,2977.0
accuracy,0.8704453441295547,0.8704453441295547,0.8704453441295547,0.8704453441295547
macro avg,0.8457767797191543,0.8853754135936517,0.8574854449291734,5928.0
weighted avg,0.8900204202044393,0.8704453441295547,0.8738721008025728,5928.0
