,precision,recall,f1-score,support
0.0,0.7019543973941368,0.6841269841269841,0.6929260450160772,630.0
1.0,0.9028720626631854,0.8853046594982079,0.8940020682523268,1953.0
2.0,0.8176914778856527,0.8284153005464481,0.8230184581976113,915.0
3.0,0.8430059523809523,0.8701996927803379,0.8563869992441421,1302.0
accuracy,0.8439583333333334,0.8439583333333334,0.8439583333333334,0.8439583333333334
macro avg,0.8163809725809819,0.8170116592379945,0.8165833926775393,4800.0
weighted avg,0.8440253877093499,0.8439583333333334,0.8438765020674187,4800.0
