,precision,recall,f1-score,support
0.0,0.8390804597701149,0.8856152512998267,0.8617200674536255,577.0
1.0,0.860655737704918,0.8622262773722628,0.8614402917046491,1096.0
2.0,0.955793703951775,0.9345121152586772,0.9450331125827816,1527.0
accuracy,0.9009375,0.9009375,0.9009375,0.9009375
macro avg,0.885176633808936,0.8941178813102555,0.8893978239136855,3200.0
weighted avg,0.9021640936707209,0.9009375,0.9013801879821702,3200.0
