,precision,recall,f1-score,support
0.0,0.9893617021276596,0.9912790697674418,0.9903194578896419,1032.0
1.0,0.9950248756218906,0.9910802775024777,0.9930486593843099,1009.0
2.0,0.9545454545454546,0.9913294797687862,0.9725897920604916,1038.0
3.0,0.9776876267748479,0.9516288252714709,0.9644822411205604,1013.0
4.0,0.9950835791543756,0.9844357976653697,0.9897310513447432,1028.0
accuracy,0.98203125,0.98203125,0.98203125,0.98203125
macro avg,0.9823406476448456,0.9819506899951094,0.9820342403599494,5120.0
weighted avg,0.9822584068769598,0.98203125,0.9820328150502331,5120.0
