,precision,recall,f1-score,support
0.0,0.9984076433121019,0.993660855784469,0.9960285941223193,631.0
1.0,0.9845360824742269,0.9695431472081218,0.9769820971867008,394.0
2.0,0.948,0.9793388429752066,0.9634146341463414,242.0
3.0,0.991869918699187,0.9959183673469387,0.9938900203665988,245.0
accuracy,0.9854497354497355,0.9854497354497355,0.9854497354497355,0.9854497354497355
macro avg,0.9807034111213789,0.9846153033286841,0.9825788364554902,1512.0
weighted avg,0.9856657205728059,0.9854497354497355,0.985498932298925,1512.0
