,precision,recall,f1-score,support
0.0,0.9869174161896974,0.989344262295082,0.9881293491608678,1220.0
1.0,0.9895666131621188,0.9871897518014412,0.988376753507014,1249.0
accuracy,0.9882543539894694,0.9882543539894694,0.9882543539894694,0.9882543539894694
macro avg,0.9882420146759081,0.9882670070482615,0.9882530513339409,2469.0
weighted avg,0.9882575729408332,0.9882543539894694,0.9882545042958766,2469.0
