,precision,recall,f1-score,support
0.0,0.998280309544282,1.0,0.9991394148020654,1161.0
1.0,0.9907251264755481,0.9865659109991604,0.9886411442995373,1191.0
2.0,0.9918604651162791,0.9935934769947583,0.9927262147221415,1717.0
accuracy,0.9933644630130253,0.9933644630130253,0.9933644630130253,0.9933644630130253
macro avg,0.9936219670453698,0.9933864626646395,0.9935022579412481,4069.0
weighted avg,0.9933599124153207,0.9933644630130253,0.9933603770272461,4069.0
