,precision,recall,f1-score,support
0.0,0.8305439330543933,0.8482905982905983,0.8393234672304439,468.0
1.0,0.8125,0.8997613365155132,0.853907134767837,419.0
2.0,0.7405660377358491,0.7405660377358491,0.7405660377358491,424.0
3.0,0.7309523809523809,0.6993166287015945,0.7147846332945285,439.0
4.0,0.8294243070362474,0.7702970297029703,0.7987679671457907,505.0
accuracy,0.7911308203991131,0.7911308203991131,0.7911308203991131,0.7911308203991131
macro avg,0.7887973317557742,0.791646326189305,0.7894698480348898,2255.0
weighted avg,0.7906338939959453,0.7911308203991131,0.790136917763412,2255.0
