,precision,recall,f1-score,support
0.0,0.7825159914712153,0.7841880341880342,0.7833511205976521,468.0
1.0,0.8838268792710706,0.9260143198090692,0.9044289044289043,419.0
2.0,0.7191601049868767,0.6462264150943396,0.6807453416149069,424.0
3.0,0.7139737991266376,0.744874715261959,0.7290969899665551,439.0
4.0,0.9133858267716536,0.9188118811881189,0.9160908193484699,505.0
accuracy,0.8070953436807096,0.8070953436807096,0.8070953436807096,0.8070953436807096
macro avg,0.8025725203254908,0.8040230731083042,0.8027426351912977,2255.0
weighted avg,0.8053920936912735,0.8070953436807096,0.8057204002689258,2255.0
