,precision,recall,f1-score,support
0.0,0.9230769230769231,0.9,0.9113924050632911,160.0
1.0,0.974009900990099,0.974009900990099,0.974009900990099,1616.0
2.0,0.75,0.7714285714285715,0.7605633802816902,140.0
accuracy,0.9530271398747391,0.9530271398747391,0.9530271398747391,0.9530271398747391
macro avg,0.8823622746890073,0.8818128241395568,0.8819885621116935,1916.0
weighted avg,0.9533884695680103,0.9530271398747391,0.9531845814454921,1916.0
