,precision,recall,f1-score,support
0.0,0.5472312703583062,0.5833333333333334,0.5647058823529413,288.0
1.0,0.6503067484662577,0.36678200692041524,0.4690265486725664,289.0
2.0,0.3192982456140351,0.4595959595959596,0.3768115942028985,198.0
3.0,0.450920245398773,0.4803921568627451,0.46518987341772156,306.0
accuracy,0.47363552266419984,0.47363552266419984,0.47363552266419984,0.47363552266419984
macro avg,0.49193912745934304,0.4725258641781133,0.4689334746615319,1081.0
weighted avg,0.5057760443048512,0.47363552266419984,0.476540946902882,1081.0
