,precision,recall,f1-score,support
0.0,0.8245614035087719,0.6601123595505618,0.7332293291731669,356.0
1.0,0.6642599277978339,0.6344827586206897,0.6490299823633158,290.0
2.0,0.43243243243243246,0.3510971786833856,0.38754325259515565,319.0
3.0,0.4019607843137255,0.5,0.4456521739130435,328.0
4.0,0.6498422712933754,0.8142292490118577,0.7228070175438597,253.0
accuracy,0.5827943078913325,0.5827943078913325,0.5827943078913325,0.5827943078913325
macro avg,0.5946113638692279,0.5919843091732989,0.5876523511177083,1546.0
weighted avg,0.5953288593457741,0.5827943078913325,0.5833885654145786,1546.0
