,precision,recall,f1-score,support
0.0,0.8206106870229007,0.7413793103448276,0.7789855072463768,290.0
1.0,0.8148558758314856,0.8963414634146342,0.8536585365853658,820.0
2.0,0.5634920634920635,0.39444444444444443,0.46405228758169936,180.0
accuracy,0.7914728682170543,0.7914728682170543,0.7914728682170543,0.7914728682170543
macro avg,0.7329862087821498,0.6773884060679687,0.698898777137814,1290.0
weighted avg,0.7810755727496363,0.7914728682170543,0.7825079138497326,1290.0
