,precision,recall,f1-score,support
0.0,0.41453831041257366,0.34364820846905536,0.3757791629563669,614.0
1.0,0.6948408342480791,0.5456896551724137,0.6112988894253985,1160.0
2.0,0.619550858652576,0.8086206896551724,0.7015706806282723,1160.0
accuracy,0.6073619631901841,0.6073619631901841,0.6073619631901841,0.6073619631901841
macro avg,0.5763100011044096,0.5659861844322138,0.5628829110033459,2934.0
weighted avg,0.6064147533599455,0.6073619631901841,0.5977018089016589,2934.0
