,precision,recall,f1-score,support
0.0,0.31954887218045114,0.16068052930056712,0.2138364779874214,529.0
1.0,0.7727272727272727,0.764277035236938,0.7684789248625534,823.0
2.0,0.544360902255639,0.6843100189035917,0.6063651591289781,1058.0
accuracy,0.5966804979253112,0.5966804979253112,0.5966804979253112,0.5966804979253112
macro avg,0.5455456823877877,0.5364225278136989,0.5295601873263176,2410.0
weighted avg,0.5729998893877469,0.5966804979253112,0.5755651412347246,2410.0
