,precision,recall,f1-score,support
0.0,0.6328125,0.45849056603773586,0.5317286652078774,530.0
1.0,0.7645968489341983,0.8505154639175257,0.8052708638360176,970.0
2.0,0.7314148681055156,0.5754716981132075,0.6441393875395988,530.0
3.0,0.8885167464114833,0.9572164948453609,0.9215880893300249,1940.0
accuracy,0.8136020151133502,0.8136020151133502,0.8136020151133502,0.8136020151133502
macro avg,0.7543352408627993,0.7104235557284575,0.7256817514783797,3970.0
weighted avg,0.8031289512847287,0.8136020151133502,0.8040815363167122,3970.0
