,precision,recall,f1-score,support
0.0,0.3512396694214876,0.19318181818181818,0.24926686217008795,440.0
1.0,0.3939393939393939,0.3159722222222222,0.35067437379576105,864.0
2.0,0.8908467939304944,0.959915611814346,0.9240924092409242,1896.0
3.0,0.22023809523809523,0.22424242424242424,0.22222222222222224,660.0
4.0,0.41367861885790175,0.4807098765432099,0.44468236973590297,1296.0
accuracy,0.5719550038789759,0.5719550038789759,0.5719550038789759,0.5719550038789759
macro avg,0.45398851427747455,0.43480439060080417,0.43818764743297967,5156.0
weighted avg,0.5557484959461387,0.5719550038789759,0.5600687168501872,5156.0
