,precision,recall,f1-score,support
0.0,0.7941176470588235,0.608540925266904,0.6890530557421088,843.0
1.0,0.9209138840070299,0.859721082854799,0.8892660161221893,1219.0
2.0,0.6497797356828194,0.5597722960151803,0.6014271151885832,1054.0
3.0,0.5664451827242525,0.7270788912579957,0.6367880485527544,938.0
4.0,0.8563025210084033,0.9057777777777778,0.8803455723542116,1125.0
5.0,0.8407473309608541,0.9165858389912707,0.8770301624129929,1031.0
accuracy,0.7724637681159421,0.7724637681159421,0.7724637681159421,0.7724637681159421
macro avg,0.7713843835736971,0.7629128020273214,0.7623183283954734,6210.0
weighted avg,0.7791271269299987,0.7724637681159421,0.771450118348,6210.0
