,precision,recall,f1-score,support
0.0,0.980561555075594,0.9826839826839827,0.9816216216216217,462.0
1.0,0.9736070381231672,0.9623188405797102,0.967930029154519,345.0
2.0,0.9781420765027322,0.9675675675675676,0.9728260869565217,185.0
3.0,0.9642857142857143,1.0,0.9818181818181818,135.0
accuracy,0.9760425909494232,0.9760425909494232,0.9760425909494232,0.9760425909494232
macro avg,0.974149095996802,0.9781425977078151,0.9760489798877111,1127.0
weighted avg,0.9760858226965342,0.9760425909494232,0.9760100531321289,1127.0
