,precision,recall,f1-score,support
0.0,0.9908088235294118,0.9694244604316546,0.98,556.0
1.0,0.9708904109589042,0.9912587412587412,0.9809688581314879,572.0
accuracy,0.9804964539007093,0.9804964539007093,0.9804964539007093,0.9804964539007093
macro avg,0.980849617244158,0.980341600845198,0.980484429065744,1128.0
weighted avg,0.9807083519067785,0.9804964539007093,0.9804913004000098,1128.0
