,precision,recall,f1-score,support
0.0,0.9492822966507177,0.9640427599611273,0.956605593056895,1029.0
1.0,0.963110667996012,0.9479882237487733,0.9554896142433235,1019.0
accuracy,0.9560546875,0.9560546875,0.9560546875,0.9560546875
macro avg,0.9561964823233648,0.9560154918549504,0.9560476036501092,2048.0
weighted avg,0.9561627216511351,0.9560546875,0.9560503282077595,2048.0
