,precision,recall,f1-score,support
0.0,0.9827420901246404,0.9961127308066083,0.9893822393822393,1029.0
1.0,0.9960199004975124,0.9823356231599607,0.9891304347826088,1019.0
accuracy,0.9892578125,0.9892578125,0.9892578125,0.9892578125
macro avg,0.9893809953110764,0.9892241769832846,0.9892563370824241,2048.0
weighted avg,0.9893485787818458,0.9892578125,0.9892569518397474,2048.0
