,precision,recall,f1-score,support
0.0,0.9001996007984032,0.9657387580299786,0.9318181818181819,467.0
1.0,0.907563025210084,0.9250535331905781,0.9162248144220572,467.0
2.0,0.9328859060402684,0.9205298013245033,0.9266666666666667,302.0
3.0,0.9539473684210527,0.8787878787878788,0.9148264984227129,495.0
accuracy,0.9220103986135182,0.9220103986135182,0.9220103986135182,0.9220103986135182
macro avg,0.923648975117452,0.9225274928332348,0.9223840403324047,1731.0
weighted avg,0.9232586004266584,0.9220103986135182,0.9218535697843835,1731.0
