,precision,recall,f1-score,support
0.0,0.9842632331902719,0.9923076923076923,0.9882690926502276,2080.0
1.0,0.9869215291750503,0.9795307039440839,0.9832122275119018,2003.0
2.0,0.9927316777710479,0.9915305505142166,0.992130750605327,1653.0
accuracy,0.9876220362622036,0.9876220362622036,0.9876220362622036,0.9876220362622036
macro avg,0.9879721467121233,0.9877896489219976,0.9878706902558188,5736.0
weighted avg,0.987631940608252,0.9876220362622036,0.9876160974842082,5736.0
