,precision,recall,f1-score,support
0.0,0.9038961038961039,0.8787878787878788,0.8911651728553137,396.0
1.0,0.8843373493975903,0.9084158415841584,0.8962148962148961,404.0
accuracy,0.89375,0.89375,0.89375,0.89375
macro avg,0.894116726646847,0.8936018601860186,0.8936900345351049,800.0
weighted avg,0.8940189328743545,0.89375,0.8937152831519029,800.0
