,precision,recall,f1-score,support
0.0,0.9780465949820788,0.9809031678274545,0.979472798653954,4451.0
1.0,0.9812610229276896,0.9784568036931194,0.9798569069895431,4549.0
accuracy,0.9796666666666667,0.9796666666666667,0.9796666666666667,0.9796666666666667
macro avg,0.9796538089548842,0.9796799857602869,0.9796648528217485,9000.0
weighted avg,0.9796713097292546,0.9796666666666667,0.9796669440782423,9000.0
