,precision,recall,f1-score,support
0.0,0.9539170506912442,0.981042654028436,0.9672897196261683,422.0
1.0,0.9118279569892473,0.8153846153846154,0.8609137055837564,520.0
2.0,0.8471001757469244,0.9163498098859315,0.880365296803653,526.0
3.0,0.9774774774774775,0.9517543859649122,0.9644444444444443,456.0
4.0,0.9124087591240876,0.9328358208955224,0.922509225092251,536.0
accuracy,0.916260162601626,0.916260162601626,0.916260162601626,0.916260162601626
macro avg,0.9205462840057962,0.9194734572318835,0.9191044783100546,2460.0
weighted avg,0.9175036788980637,0.916260162601626,0.9159329861872484,2460.0
