,precision,recall,f1-score,support
0.0,0.9368421052631579,0.9335664335664335,0.9352014010507881,572.0
1.0,0.906392694063927,0.8556034482758621,0.8802660753880266,464.0
2.0,0.8523985239852399,0.9148514851485149,0.8825214899713467,505.0
3.0,0.9051383399209486,0.8740458015267175,0.8893203883495145,524.0
4.0,0.9401913875598086,0.960880195599022,0.9504232164449818,409.0
accuracy,0.9070331447049312,0.9070331447049312,0.9070331447049312,0.9070331447049312
macro avg,0.9081926101586163,0.9077894728233101,0.9075465142409316,2474.0
weighted avg,0.9077331917943707,0.9070331447049312,0.9069438123839,2474.0
