,precision,recall,f1-score,support
0.0,0.8862275449101796,0.9061224489795918,0.8960645812310797,490.0
1.0,0.9090909090909091,0.9113924050632911,0.9102402022756003,395.0
2.0,0.8861111111111111,0.8350785340314136,0.8598382749326146,382.0
3.0,0.8492569002123143,0.8421052631578947,0.8456659619450317,475.0
4.0,0.9237668161434978,0.9537037037037037,0.9384965831435079,432.0
accuracy,0.890064397424103,0.890064397424103,0.890064397424103,0.890064397424103
macro avg,0.8908906562936025,0.8896804709871791,0.8900611207055669,2174.0
weighted avg,0.8897429359320063,0.890064397424103,0.889694848927431,2174.0
