,precision,recall,f1-score,support
0.0,0.8607594936708861,0.8535564853556485,0.8571428571428572,239.0
1.0,0.9614112458654906,0.96353591160221,0.9624724061810155,905.0
accuracy,0.9405594405594405,0.9405594405594405,0.9405594405594405,0.9405594405594405
macro avg,0.9110853697681884,0.9085461984789293,0.9098076316619363,1144.0
weighted avg,0.9403834759577018,0.9405594405594405,0.9404673692753164,1144.0
