,precision,recall,f1-score,support
0.0,0.9946236559139785,0.9928443649373881,0.9937332139659802,2236.0
1.0,0.9914645103324349,0.9901301031852848,0.9907968574635242,2229.0
2.0,0.9774236387782205,0.9696969696969697,0.9735449735449735,759.0
3.0,0.980849292256453,0.9915824915824916,0.9861866889912096,1188.0
accuracy,0.9889270118527761,0.9889270118527761,0.9889270118527761,0.9889270118527761
macro avg,0.9860902743202717,0.9860634823505336,0.9860654334914218,6412.0
weighted avg,0.9889373657498424,0.9889270118527761,0.9889245295003618,6412.0
