,precision,recall,f1-score,support
0.0,0.9721115537848606,0.9927667269439421,0.9823305748154776,2212.0
1.0,0.9857667584940312,0.9572001783325903,0.9712734675412803,2243.0
2.0,0.9517795637198623,0.9695906432748538,0.9606025492468134,855.0
3.0,0.9879603399433428,0.9893617021276596,0.9886605244507443,1410.0
accuracy,0.9772321428571429,0.9772321428571429,0.9772321428571429,0.9772321428571429
macro avg,0.9744045539855242,0.9772298126697614,0.975716779013579,6720.0
weighted avg,0.9774079170498242,0.9772321428571429,0.9772035920042416,6720.0
