,precision,recall,f1-score,support
0.0,0.9644902634593356,1.0,0.9819241982507289,842.0
1.0,0.9900459418070444,0.9855182926829268,0.9877769289533994,1312.0
2.0,0.9928486293206198,0.9782736347621844,0.9855072463768115,1703.0
accuracy,0.985480943738657,0.985480943738657,0.985480943738657,0.985480943738657
macro avg,0.982461611529,0.9879306424817037,0.9850694578603133,3857.0
weighted avg,0.9857045095194757,0.985480943738657,0.9854971081912585,3857.0
