,precision,recall,f1-score,support
0.0,0.9233716475095786,0.926923076923077,0.9251439539347409,260.0
1.0,0.9312977099236641,0.9606299212598425,0.945736434108527,254.0
2.0,0.8705882352941177,0.8809523809523809,0.8757396449704142,252.0
3.0,0.8739837398373984,0.8333333333333334,0.8531746031746033,258.0
accuracy,0.900390625,0.900390625,0.900390625,0.900390625
macro avg,0.8998103331411897,0.9004596781171584,0.8999486590470713,1024.0
weighted avg,0.8999045769973316,0.900390625,0.8999608598029205,1024.0
