,precision,recall,f1-score,support
0.0,0.9579288025889967,0.891566265060241,0.9235569422776911,664.0
1.0,0.8923766816143498,0.9582664526484751,0.9241486068111455,623.0
accuracy,0.9238539238539238,0.9238539238539238,0.9238539238539238,0.9238539238539238
macro avg,0.9251527421016732,0.9249163588543581,0.9238527745444183,1287.0
weighted avg,0.9261968901047658,0.9238539238539238,0.9238433502064729,1287.0
