,precision,recall,f1-score,support
0.0,0.9930209371884346,0.9930209371884346,0.9930209371884346,1003.0
1.0,0.9882005899705014,0.9911242603550295,0.9896602658788773,1014.0
2.0,0.9832677165354331,0.9699029126213592,0.9765395894428153,1030.0
3.0,0.9773316062176166,0.9716677398583387,0.974491443332257,1553.0
4.0,0.9539877300613497,0.9841772151898734,0.9688473520249222,632.0
accuracy,0.9806957186544343,0.9806957186544343,0.9806957186544343,0.9806957186544343
macro avg,0.9791617159946672,0.981978613042607,0.9805119175734612,5232.0
weighted avg,0.9807946055268189,0.9806957186544343,0.9807048976876964,5232.0
