,precision,recall,f1-score,support
0.0,0.946031746031746,0.9612903225806452,0.9536000000000001,620.0
1.0,0.9816625916870416,0.9828641370869033,0.9822629969418961,817.0
2.0,0.9681742043551089,0.9522240527182867,0.9601328903654487,607.0
3.0,0.9654867256637168,0.964633068081344,0.9650597080937638,1131.0
accuracy,0.9662992125984252,0.9662992125984252,0.9662992125984252,0.9662992125984252
macro avg,0.9653388169344034,0.9652528951167949,0.9652638988502772,3175.0
weighted avg,0.9663638578636883,0.9662992125984252,0.9663067914354027,3175.0
