,precision,recall,f1-score,support
0.0,0.8994475138121547,0.9004424778761062,0.8999447208402431,904.0
1.0,0.9886104783599089,0.9752808988764045,0.9819004524886877,890.0
2.0,0.8850828729281768,0.8959731543624161,0.8904947192884937,894.0
accuracy,0.9237351190476191,0.9237351190476191,0.9237351190476191,0.9237351190476191
macro avg,0.9243802883667467,0.9238988437049755,0.9241132975391415,2688.0
weighted avg,0.9241919518691581,0.9237351190476191,0.923937391889295,2688.0
