,precision,recall,f1-score,support
0.0,0.7594339622641509,0.773109243697479,0.7662105889351576,833.0
1.0,0.8687335092348285,0.8704560475875743,0.8695939253879168,1513.0
2.0,0.8673469387755102,0.8885017421602788,0.8777969018932874,861.0
3.0,0.9739214423696072,0.9618441971383148,0.9678451447768356,3145.0
accuracy,0.9053841309823678,0.9053841309823678,0.9053841309823678,0.9053841309823678
macro avg,0.8673589631610241,0.8734778076459118,0.8703616402482993,6352.0
weighted avg,0.9062926543728687,0.9053841309823678,0.9057942604767275,6352.0
