,precision,recall,f1-score,support
0.0,0.8785964912280702,0.9364248317127898,0.9065894279507603,1337.0
1.0,0.9184526921066388,0.9061371841155235,0.9122533748701972,1939.0
2.0,0.934375,0.8788947677836567,0.9057861254165405,1701.0
3.0,0.8671562082777036,0.8794854434664862,0.8732773109243699,1477.0
4.0,0.976536312849162,0.9604395604395605,0.968421052631579,1820.0
5.0,0.9011695906432748,0.9271961492178099,0.9139976275207593,1662.0
accuracy,0.9150563607085346,0.9150563607085346,0.9150563607085346,0.9150563607085346
macro avg,0.9127143825174749,0.914762989455971,0.9133874865523676,9936.0
weighted avg,0.9159384885695923,0.9150563607085346,0.9151703421237203,9936.0
