,precision,recall,f1-score,support
0.0,0.8036211699164345,0.8047419804741981,0.8041811846689896,717.0
1.0,0.7719568567026194,0.8093699515347335,0.7902208201892744,619.0
2.0,0.6161616161616161,0.5579268292682927,0.5856000000000001,328.0
accuracy,0.7578125,0.7578125,0.7578125,0.7578125
macro avg,0.7305798809268899,0.7240129204257415,0.7266673349527547,1664.0
weighted avg,0.754891035594961,0.7578125,0.7559022819139583,1664.0
