,precision,recall,f1-score,support
0.0,0.8231173380035026,0.8075601374570447,0.8152645273200346,582.0
1.0,0.8165938864628821,0.849227974568574,0.8325912733748887,1101.0
2.0,0.9420485175202157,0.9215557020435069,0.9316894368543819,1517.0
accuracy,0.8759375,0.8759375,0.8759375,0.8759375
macro avg,0.8605865806622002,0.8594479380230419,0.8598484125164351,3200.0
weighted avg,0.8772536752474497,0.8759375,0.8764186945606594,3200.0
