,precision,recall,f1-score,support
0.0,0.7817164179104478,0.6736334405144695,0.7236614853195164,622.0
1.0,0.897876643073812,0.9187790998448008,0.9082076195346459,1933.0
2.0,0.8082329317269076,0.8618843683083511,0.8341968911917098,934.0
3.0,0.8883720930232558,0.8741418764302059,0.8811995386389849,1311.0
accuracy,0.86375,0.86375,0.86375,0.86375
macro avg,0.8440495214336058,0.8321096962744569,0.8368163836712142,4800.0
weighted avg,0.8627851114975826,0.86375,0.862515679991245,4800.0
