,precision,recall,f1-score,support
0.0,0.7785467128027682,0.8620689655172413,0.8181818181818183,261.0
1.0,0.9013683010262258,0.9128175519630485,0.9070567986230637,1732.0
2.0,0.8783930510314875,0.8698924731182796,0.8741220961642355,930.0
3.0,0.864406779661017,0.7364620938628159,0.7953216374269005,277.0
accuracy,0.8809375,0.8809375,0.8809375,0.8809375
macro avg,0.8556787111303746,0.8453102711153462,0.8486705875990045,3200.0
weighted avg,0.8814740015138532,0.8809375,0.8805642102376848,3200.0
