,precision,recall,f1-score,support
0.0,0.7004680187207488,0.6939721792890263,0.6972049689440994,647.0
1.0,0.7342105263157894,0.7342105263157894,0.7342105263157894,1140.0
2.0,0.6839237057220708,0.7856025039123631,0.7312454479242534,639.0
3.0,0.8448506464556398,0.8126072041166381,0.8284153005464481,2332.0
accuracy,0.7740647330811266,0.7740647330811266,0.7740647330811266,0.7740647330811266
macro avg,0.7408632243035622,0.7565981034084542,0.7477690609326475,4758.0
weighted avg,0.7770957889035898,0.7740647330811266,0.7749520674663193,4758.0
