,precision,recall,f1-score,support
0.0,0.9557867360208062,0.9959349593495935,0.975447909754479,738.0
1.0,0.9770240700218819,0.9738276990185387,0.9754232659748772,917.0
2.0,0.9693654266958425,0.9651416122004357,0.9672489082969432,918.0
3.0,0.9864406779661017,0.9603960396039604,0.9732441471571907,909.0
accuracy,0.972716829408386,0.972716829408386,0.972716829408386,0.972716829408386
macro avg,0.9721542276761581,0.9738250775431321,0.9728410577958725,3482.0
weighted avg,0.9729620107327371,0.972716829408386,0.972704514612363,3482.0
