,precision,recall,f1-score,support
0.0,0.9984326018808778,0.9953125,0.9968701095461658,640.0
1.0,0.9923076923076923,0.9974226804123711,0.9948586118251929,388.0
2.0,0.9919028340080972,0.9959349593495935,0.9939148073022313,246.0
3.0,1.0,0.9957983193277311,0.9978947368421053,238.0
accuracy,0.996031746031746,0.996031746031746,0.996031746031746,0.996031746031746
macro avg,0.9956607820491669,0.9961171147724239,0.9958845663789238,1512.0
weighted avg,0.9960452030324988,0.996031746031746,0.9960343925016475,1512.0
