,precision,recall,f1-score,support
0.0,0.9903069466882067,0.998371335504886,0.9943227899432279,614.0
1.0,0.9656301145662848,0.9899328859060402,0.9776304888152444,596.0
2.0,0.978984238178634,0.9588336192109777,0.9688041594454073,583.0
3.0,0.955810147299509,0.9700996677740864,0.9629018961253091,602.0
4.0,0.967687074829932,0.9404958677685951,0.9538977367979883,605.0
accuracy,0.9716666666666667,0.9716666666666667,0.9716666666666667,0.9716666666666667
macro avg,0.9716837043125134,0.971546675232917,0.9715114142254354,3000.0
weighted avg,0.9717200711175406,0.9716666666666667,0.9715899538486397,3000.0
