,precision,recall,f1-score,support
0.0,0.9748427672955975,0.980126467931346,0.9774774774774774,1107.0
1.0,0.9800543970988214,0.9747520288548241,0.9773960216998192,1109.0
accuracy,0.9774368231046932,0.9774368231046932,0.9774368231046932,0.9774368231046932
macro avg,0.9774485821972094,0.977439248393085,0.9774367495886482,2216.0
weighted avg,0.9774509340157128,0.9774368231046932,0.9774367128306259,2216.0
