,precision,recall,f1-score,support
0.0,0.9698492462311558,0.9698492462311558,0.9698492462311558,199.0
1.0,0.9662921348314607,0.9662921348314607,0.9662921348314607,178.0
accuracy,0.9681697612732095,0.9681697612732095,0.9681697612732095,0.9681697612732095
macro avg,0.9680706905313082,0.9680706905313082,0.9680706905313082,377.0
weighted avg,0.9681697612732095,0.9681697612732095,0.9681697612732095,377.0
