,precision,recall,f1-score,support
0.0,0.908256880733945,0.8032454361054767,0.8525296017222821,493.0
1.0,0.883668903803132,0.9587378640776699,0.919674039580908,412.0
2.0,0.7680525164113785,0.833729216152019,0.7995444191343964,421.0
3.0,0.8205689277899344,0.8741258741258742,0.8465011286681716,429.0
4.0,0.9104803493449781,0.834,0.8705636743215031,500.0
accuracy,0.857649667405765,0.857649667405765,0.857649667405765,0.857649667405765
macro avg,0.8582055156166737,0.8607676780922079,0.8577625726854523,2255.0
weighted avg,0.8613998158191958,0.857649667405765,0.8577569045549434,2255.0
