,precision,recall,f1-score,support
0.0,0.7828854314002829,0.7692842251563586,0.7760252365930599,1439.0
1.0,0.8914373088685015,0.9313099041533547,0.9109375,1252.0
2.0,0.7988410596026491,0.7751004016064257,0.7867916836526702,1245.0
3.0,0.6974595842956121,0.6858440575321726,0.6916030534351145,1321.0
4.0,0.8284600389863548,0.8438120450033091,0.8360655737704918,1511.0
accuracy,0.8006796690307328,0.8006796690307328,0.8006796690307328,0.8006796690307328
macro avg,0.7998166846306801,0.8010701266903242,0.8002846094902673,6768.0
weighted avg,0.7994024815981907,0.8006796690307328,0.7998895430200925,6768.0
