,precision,recall,f1-score,support
0.0,0.9216867469879518,0.9216867469879518,0.9216867469879518,166.0
1.0,0.9881693648816936,0.9772167487684729,0.9826625386996903,1624.0
2.0,0.8194444444444444,0.9365079365079365,0.874074074074074,126.0
accuracy,0.9697286012526096,0.9697286012526096,0.9697286012526096,0.9697286012526096
macro avg,0.9097668521046968,0.9451371440881203,0.9261411199205721,1916.0
weighted avg,0.9713136996700785,0.9697286012526096,0.970238672328617,1916.0
