,precision,recall,f1-score,support
0.0,0.9939393939393939,0.9939393939393939,0.9939393939393939,165.0
1.0,0.9854014598540146,0.9782608695652174,0.9818181818181817,138.0
2.0,0.9701492537313433,0.9701492537313433,0.9701492537313433,67.0
3.0,0.9814814814814815,1.0,0.9906542056074767,53.0
accuracy,0.9858156028368794,0.9858156028368794,0.9858156028368794,0.9858156028368794
macro avg,0.9827428972515583,0.9855873793089887,0.9841402587740988,423.0
weighted avg,0.9858248699252307,0.9858156028368794,0.9858051583643153,423.0
