,precision,recall,f1-score,support
0.0,1.0,0.9954337899543378,0.9977116704805492,219.0
1.0,0.9957264957264957,1.0,0.9978586723768736,233.0
accuracy,0.9977876106194691,0.9977876106194691,0.9977876106194691,0.9977876106194691
macro avg,0.9978632478632479,0.9977168949771689,0.9977851714287114,452.0
weighted avg,0.9977970652749414,0.9977876106194691,0.9977874480067519,452.0
