,precision,recall,f1-score,support
0.0,0.8333333333333334,0.8743169398907104,0.8533333333333333,183.0
1.0,0.8373493975903614,0.7942857142857143,0.81524926686217,175.0
2.0,0.7938931297709924,0.896551724137931,0.8421052631578948,116.0
3.0,0.94375,0.8628571428571429,0.9014925373134328,175.0
accuracy,0.8536209553158706,0.8536209553158706,0.8536209553158706,0.8536209553158706
macro avg,0.8520814651736718,0.8570028802928746,0.8530451001667076,649.0
weighted avg,0.857140212067409,0.8536209553158706,0.8540431837550789,649.0
