,precision,recall,f1-score,support
0.0,0.9291553133514986,0.9605633802816902,0.9445983379501385,710.0
1.0,0.9825762289981331,0.9681177191906806,0.9752933909820878,1631.0
accuracy,0.9658265698419479,0.9658265698419479,0.9658265698419479,0.9658265698419479
macro avg,0.9558657711748159,0.9643405497361854,0.9599458644661132,2341.0
weighted avg,0.9663742426208968,0.9658265698419479,0.9659839131295956,2341.0
