,precision,recall,f1-score,support
0.0,0.9987562189054726,0.9962779156327544,0.9975155279503106,806.0
1.0,0.9944598337950139,0.9944598337950139,0.9944598337950139,722.0
2.0,0.9952,0.9983948635634029,0.9967948717948718,623.0
accuracy,0.9962807996280799,0.9962807996280799,0.9962807996280799,0.9962807996280799
macro avg,0.9961386842334955,0.9963775376637237,0.9962567445133987,2151.0
weighted avg,0.9962841062007489,0.9962807996280799,0.9962811346611601,2151.0
