,precision,recall,f1-score,support
0.0,0.9775784753363229,1.0,0.9886621315192743,218.0
1.0,0.9810126582278481,0.950920245398773,0.9657320872274143,163.0
2.0,0.9791666666666666,0.9447236180904522,0.9616368286445013,199.0
3.0,0.9466019417475728,0.9898477157360406,0.967741935483871,197.0
4.0,1.0,0.9867549668874173,0.9933333333333334,151.0
accuracy,0.9752155172413793,0.9752155172413793,0.9752155172413793,0.9752155172413793
macro avg,0.976871948395682,0.9744493092225367,0.9754212632416788,928.0
weighted avg,0.9755947414928838,0.9752155172413793,0.9751582957038599,928.0
