,precision,recall,f1-score,support
0.0,0.9940828402366864,0.9882352941176471,0.9911504424778761,170.0
1.0,0.9918200408997955,0.9837728194726166,0.9877800407331976,493.0
2.0,0.9401709401709402,0.9821428571428571,0.9606986899563319,112.0
accuracy,0.984516129032258,0.984516129032258,0.984516129032258,0.984516129032258
macro avg,0.9753579404358073,0.9847169902443736,0.9798763910558019,775.0
weighted avg,0.9848522687780402,0.984516129032258,0.984605662681051,775.0
