,precision,recall,f1-score,support
0.0,0.9213483146067416,0.9534883720930233,0.9371428571428573,86.0
1.0,0.9882697947214076,0.9796511627906976,0.983941605839416,344.0
accuracy,0.9744186046511628,0.9744186046511628,0.9744186046511628,0.9744186046511628
macro avg,0.9548090546640746,0.9665697674418605,0.9605422314911367,430.0
weighted avg,0.9748854986984744,0.9744186046511628,0.9745818561001043,430.0
