,precision,recall,f1-score,support
0.0,0.9962962962962963,0.9975278121137207,0.9969116738727609,809.0
1.0,1.0,1.0,1.0,448.0
2.0,0.9930795847750865,0.9896551724137931,0.9913644214162349,290.0
accuracy,0.9967679379444085,0.9967679379444085,0.9967679379444085,0.9967679379444085
macro avg,0.9964586270237943,0.9957276615091711,0.9960920317629988,1547.0
weighted avg,0.9967658586221583,0.9967679379444085,0.9967661450379907,1547.0
