,precision,recall,f1-score,support
0.0,0.9988479262672811,1.0,0.9994236311239193,867.0
1.0,0.9987980769230769,0.9987980769230769,0.9987980769230769,832.0
2.0,1.0,0.9929824561403509,0.9964788732394366,285.0
3.0,0.9976303317535545,1.0,0.9988137603795968,421.0
accuracy,0.9987525987525988,0.9987525987525988,0.9987525987525988,0.9987525987525988
macro avg,0.998819083735978,0.9979451332658569,0.9983785854165074,2405.0
weighted avg,0.998754063094378,0.9987525987525988,0.9987515011133005,2405.0
