,precision,recall,f1-score,support
0.0,0.9941383352872216,0.9953051643192489,0.9947214076246335,852.0
1.0,0.9941037735849056,0.9941037735849056,0.9941037735849056,848.0
2.0,0.9897610921501706,0.9931506849315068,0.9914529914529915,292.0
3.0,0.9980988593155894,0.9943181818181818,0.9962049335863378,528.0
accuracy,0.9944444444444445,0.9944444444444445,0.9944444444444445,0.9944444444444445
macro avg,0.9940255150844719,0.9942194511634608,0.9941207765622171,2520.0
weighted avg,0.9944493247187277,0.9944444444444445,0.9944456816404951,2520.0
