,precision,recall,f1-score,support
0.0,0.9984447900466563,0.9907407407407407,0.994577846630519,648.0
1.0,0.995575221238938,0.9970457902511078,0.996309963099631,677.0
2.0,0.9942748091603053,0.9980842911877394,0.9961759082217974,1044.0
3.0,0.9950835791543756,0.9950835791543756,0.9950835791543756,1017.0
accuracy,0.9955699940933255,0.9955699940933255,0.9955699940933255,0.9955699940933255
macro avg,0.9958445999000688,0.9952386003334909,0.9955368242765807,3386.0
weighted avg,0.9955757677177652,0.9955699940933255,0.9955687943941474,3386.0
