,precision,recall,f1-score,support
0.0,0.9651162790697675,0.9880952380952381,0.9764705882352942,84.0
1.0,1.0,0.940677966101695,0.9694323144104803,118.0
2.0,0.8854166666666666,0.9770114942528736,0.9289617486338797,87.0
3.0,0.967032967032967,0.9263157894736842,0.946236559139785,95.0
accuracy,0.9557291666666666,0.9557291666666666,0.9557291666666666,0.9557291666666666
macro avg,0.9543914781923503,0.9580251219808729,0.9552753026048597,384.0
weighted avg,0.9582529929947716,0.9557291666666666,0.9560642910459074,384.0
