,precision,recall,f1-score,support
0.0,0.989769820971867,0.9974226804123711,0.993581514762516,388.0
1.0,0.9973333333333333,0.9920424403183024,0.9946808510638298,377.0
2.0,0.9944444444444445,0.9944444444444445,0.9944444444444445,360.0
3.0,0.9982964224872232,0.9949066213921901,0.9965986394557823,589.0
4.0,0.9919678714859438,0.9959677419354839,0.993963782696177,248.0
accuracy,0.9949031600407747,0.9949031600407747,0.9949031600407747,0.9949031600407747
macro avg,0.9943623785445623,0.9949567857005583,0.9946538464845499,1962.0
weighted avg,0.9949184414766766,0.9949031600407747,0.9949051607171395,1962.0
