,precision,recall,f1-score,support
0.0,0.9955156950672646,0.9910714285714286,0.9932885906040269,224.0
1.0,0.9967845659163987,0.9935897435897436,0.9951845906902087,312.0
2.0,0.9680365296803652,0.9953051643192489,0.9814814814814815,213.0
3.0,0.9954337899543378,0.9864253393665159,0.990909090909091,442.0
accuracy,0.9907640638119227,0.9907640638119227,0.9907640638119227,0.9907640638119227
macro avg,0.9889426451545915,0.9915979189617342,0.9902159384212019,1191.0
weighted avg,0.9909032881970771,0.9907640638119227,0.9907906048094214,1191.0
