,precision,recall,f1-score,support
0.0,0.9574468085106383,0.9516616314199395,0.9545454545454545,331.0
1.0,0.9880597014925373,0.9969879518072289,0.9925037481259371,332.0
2.0,0.9534883720930233,0.9507246376811594,0.9521044992743106,345.0
accuracy,0.9662698412698413,0.9662698412698413,0.9662698412698413,0.9662698412698413
macro avg,0.9663316273653996,0.9664580736361094,0.966384567315234,1008.0
weighted avg,0.9661748044490444,0.9662698412698413,0.9662121449226129,1008.0
