,precision,recall,f1-score,support
0.0,0.932475884244373,0.9666666666666667,0.9492635024549918,300.0
1.0,0.9474708171206225,0.9347408829174664,0.9410628019323671,521.0
2.0,0.9972924187725631,0.9919210053859964,0.9945994599459946,1114.0
3.0,0.9564102564102565,0.9491094147582697,0.9527458492975734,393.0
4.0,0.9494163424124513,0.9556135770234987,0.9525048796356539,766.0
accuracy,0.9654169360051713,0.9654169360051713,0.9654169360051713,0.9654169360051713
macro avg,0.9566131437920534,0.9596103093503796,0.958035298653316,3094.0
weighted avg,0.9655723867365741,0.9654169360051713,0.9654506869741293,3094.0
