,precision,recall,f1-score,support
0.0,0.9233226837060703,0.9203821656050956,0.9218500797448166,314.0
1.0,0.972027972027972,0.9553264604810997,0.9636048526863086,582.0
2.0,0.9144542772861357,0.9779179810725552,0.9451219512195123,317.0
3.0,0.9939550949913645,0.9846022241231822,0.9892565535023635,1169.0
accuracy,0.9680940386230059,0.9680940386230059,0.9680940386230059,0.9680940386230059
macro avg,0.9509400070028857,0.9595572078204833,0.9549583592882502,2382.0
weighted avg,0.9687065971236759,0.9680940386230059,0.9682298567943545,2382.0
