,precision,recall,f1-score,support
0.0,0.9864341085271318,0.9902723735408561,0.9883495145631068,514.0
1.0,0.9902506963788301,0.9930167597765364,0.99163179916318,716.0
2.0,0.978021978021978,0.9826498422712934,0.980330448465775,634.0
3.0,0.9822695035460993,0.9753521126760564,0.9787985865724382,568.0
4.0,1.0,0.9909228441754917,0.9954407294832828,661.0
5.0,0.9937106918238994,0.9984202211690363,0.996059889676911,633.0
accuracy,0.9887278582930756,0.9887278582930756,0.9887278582930756,0.9887278582930756
macro avg,0.9884478297163232,0.9884390256015451,0.9884351613207824,3726.0
weighted avg,0.9887440983346308,0.9887278582930756,0.9887276845251355,3726.0
