,precision,recall,f1-score,support
0.0,0.9905882352941177,0.9952718676122931,0.9929245283018868,423.0
1.0,0.9924698795180723,0.9909774436090225,0.9917231000752446,665.0
2.0,0.9947089947089947,0.9938325991189427,0.9942706037902159,1135.0
accuracy,0.9932523616734144,0.9932523616734144,0.9932523616734144,0.9932523616734144
macro avg,0.9925890365070615,0.9933606367800861,0.9929727440557824,2223.0
weighted avg,0.9932550618100038,0.9932523616734144,0.9932523942076612,2223.0
