,precision,recall,f1-score,support
0.0,0.7948717948717948,0.9079497907949791,0.8476562499999999,239.0
1.0,0.9632892804698973,0.9162011173184358,0.9391553328561203,716.0
2.0,0.8642297650130548,0.9350282485875706,0.8982360922659429,354.0
3.0,0.9546436285097192,0.90020366598778,0.9266247379454926,491.0
accuracy,0.9144444444444444,0.9144444444444444,0.9144444444444444,0.9144444444444444
macro avg,0.8942586172161165,0.9148457056721914,0.9029181032668889,1800.0
weighted avg,0.9190871345576104,0.9144444444444444,0.9155407694824238,1800.0
