,precision,recall,f1-score,support
0.0,0.8301886792452831,0.9887640449438202,0.9025641025641026,89.0
1.0,0.9755301794453507,0.9300155520995335,0.9522292993630572,643.0
2.0,0.9325842696629213,0.9431818181818182,0.9378531073446328,352.0
3.0,0.904,0.9741379310344828,0.9377593360995852,116.0
accuracy,0.9425,0.9425,0.9425,0.9425
macro avg,0.9105757820883887,0.9590248365649137,0.9326014613428445,1200.0
weighted avg,0.9452386339646159,0.9425,0.9429300178262613,1200.0
