,precision,recall,f1-score,support
0.0,0.9974358974358974,1.0,0.9987163029525032,389.0
1.0,0.9972602739726028,0.9972602739726028,0.9972602739726028,365.0
2.0,0.9973614775725593,1.0,0.9986789960369881,378.0
3.0,0.9973474801061007,0.9947089947089947,0.9960264900662251,378.0
4.0,1.0,0.9975609756097561,0.9987789987789988,410.0
accuracy,0.9979166666666667,0.9979166666666667,0.9979166666666667,0.9979166666666667
macro avg,0.997881025817432,0.9979060488582707,0.9978922123614635,1920.0
weighted avg,0.997917994846405,0.9979166666666667,0.9979159922369417,1920.0
