,precision,recall,f1-score,support
0.0,0.9922480620155039,0.9922480620155039,0.9922480620155039,129.0
1.0,0.9965753424657534,0.9965753424657534,0.9965753424657534,292.0
accuracy,0.995249406175772,0.995249406175772,0.995249406175772,0.995249406175772
macro avg,0.9944117022406287,0.9944117022406287,0.9944117022406287,421.0
weighted avg,0.995249406175772,0.995249406175772,0.995249406175772,421.0
