,precision,recall,f1-score,support
0.0,0.932806324110672,0.944,0.9383697813121272,250.0
1.0,0.9363636363636364,0.9603729603729604,0.9482163406214039,429.0
2.0,0.9387755102040817,0.9663865546218487,0.9523809523809523,238.0
3.0,0.9905548996458088,0.966589861751152,0.9784256559766763,868.0
accuracy,0.9619047619047619,0.9619047619047619,0.9619047619047619,0.9619047619047619
macro avg,0.9496250925810498,0.9593373441864903,0.95434818257279,1785.0
weighted avg,0.9625388265259394,0.9619047619047619,0.9620825722739696,1785.0
