,precision,recall,f1-score,support
0.0,0.9927272727272727,1.0,0.9963503649635036,273.0
1.0,0.9972677595628415,0.9918478260869565,0.9945504087193461,368.0
2.0,0.9936908517350158,0.9968354430379747,0.995260663507109,316.0
3.0,0.9971264367816092,0.994269340974212,0.9956958393113342,349.0
accuracy,0.9954058192955589,0.9954058192955589,0.9954058192955589,0.9954058192955589
macro avg,0.9952030802016848,0.9957381525247858,0.9954643191253232,1306.0
weighted avg,0.9954154031843169,0.9954058192955589,0.9954046076812082,1306.0
