,precision,recall,f1-score,support
0.0,0.9929078014184397,1.0,0.9964412811387899,420.0
1.0,1.0,0.9939024390243902,0.9969418960244648,492.0
2.0,1.0,1.0,1.0,614.0
accuracy,0.9980340760157274,0.9980340760157274,0.9980340760157274,0.9980340760157274
macro avg,0.9976359338061466,0.9979674796747968,0.9977943923877516,1526.0
weighted avg,0.99804801873902,0.9980340760157274,0.9980345681011327,1526.0
