,precision,recall,f1-score,support
0.0,0.9153439153439153,0.9453551912568307,0.9301075268817205,183.0
1.0,0.949685534591195,0.9741935483870968,0.961783439490446,155.0
2.0,0.9473684210526315,0.8571428571428571,0.9,168.0
3.0,0.9254658385093167,0.9141104294478528,0.9197530864197531,163.0
4.0,0.9459459459459459,0.9887005649717514,0.9668508287292817,177.0
accuracy,0.9361702127659575,0.9361702127659575,0.9361702127659575,0.9361702127659575
macro avg,0.9367619310886008,0.9359005182412778,0.9356989763042403,846.0
weighted avg,0.9363480534466487,0.9361702127659575,0.9356246575790504,846.0
