,precision,recall,f1-score,support
0.0,0.9259259259259259,0.9562841530054644,0.9408602150537634,183.0
1.0,0.9171974522292994,0.9290322580645162,0.9230769230769231,155.0
2.0,0.9570552147239264,0.9285714285714286,0.9425981873111783,168.0
3.0,0.9745222929936306,0.9386503067484663,0.95625,163.0
4.0,0.95,0.9661016949152542,0.957983193277311,177.0
accuracy,0.9444444444444444,0.9444444444444444,0.9444444444444444,0.9444444444444444
macro avg,0.9449401771745565,0.9437279682610258,0.9441537037438351,846.0
weighted avg,0.944908344410836,0.9444444444444444,0.9444948145509737,846.0
