,precision,recall,f1-score,support
0.0,0.9431818181818182,0.9256505576208178,0.9343339587242027,538.0
1.0,0.9655870445344129,0.9835051546391752,0.9744637385086823,485.0
2.0,0.9320594479830149,0.9340425531914893,0.9330499468650372,470.0
3.0,0.9139784946236559,0.8835758835758836,0.8985200845665962,481.0
4.0,0.9310344827586207,0.9574468085106383,0.9440559440559441,564.0
accuracy,0.9373522458628841,0.9373522458628841,0.9373522458628841,0.9373522458628841
macro avg,0.9371682576163046,0.9368441915076009,0.9368847345440925,2538.0
weighted avg,0.9371696530822956,0.9373522458628841,0.937137813680451,2538.0
