,precision,recall,f1-score,support
0.0,0.9253731343283582,0.9393939393939394,0.9323308270676692,66.0
1.0,0.9850993377483444,0.9900166389351082,0.9875518672199171,601.0
2.0,0.9166666666666666,0.8461538461538461,0.8799999999999999,52.0
accuracy,0.9749652294853964,0.9749652294853964,0.9749652294853964,0.9749652294853964
macro avg,0.9423797129144563,0.925188141494298,0.9332942314291954,719.0
weighted avg,0.9746675876482521,0.9749652294853964,0.9747044600634719,719.0
