,precision,recall,f1-score,support
0.0,1.0,0.9961832061068703,0.9980879541108987,262.0
1.0,0.996,1.0,0.9979959919839679,249.0
2.0,1.0,1.0,1.0,206.0
accuracy,0.99860529986053,0.99860529986053,0.99860529986053,0.99860529986053
macro avg,0.9986666666666667,0.9987277353689569,0.9986946486982888,717.0
weighted avg,0.9986108786610879,0.99860529986053,0.9986053639903257,717.0
