,precision,recall,f1-score,support
0.0,0.9827586206896551,1.0,0.9913043478260869,57.0
1.0,0.9642857142857143,0.9818181818181818,0.972972972972973,55.0
2.0,0.9736842105263158,0.9866666666666667,0.9801324503311258,75.0
3.0,1.0,0.9811320754716981,0.9904761904761905,53.0
4.0,1.0,0.9705882352941176,0.9850746268656716,68.0
accuracy,0.9837662337662337,0.9837662337662337,0.9837662337662337,0.9837662337662337
macro avg,0.984145709100337,0.9840410318501329,0.9839921176944095,308.0
weighted avg,0.984023608618501,0.9837662337662337,0.9837925579108399,308.0
