,precision,recall,f1-score,support
0.0,0.9661016949152542,0.9827586206896551,0.9743589743589743,58.0
1.0,0.9782608695652174,0.9574468085106383,0.967741935483871,47.0
2.0,0.9807692307692307,0.9444444444444444,0.9622641509433962,54.0
3.0,0.9473684210526315,0.9818181818181818,0.9642857142857142,55.0
4.0,0.9655172413793104,0.9655172413793104,0.9655172413793104,58.0
accuracy,0.9669117647058824,0.9669117647058824,0.9669117647058824,0.9669117647058824
macro avg,0.9676034915363289,0.9663970593684461,0.9668336032902533,272.0
weighted avg,0.9672020617429529,0.9669117647058824,0.9668921688133092,272.0
