,precision,recall,f1-score,support
0.0,0.9318181818181818,0.803921568627451,0.8631578947368421,51.0
1.0,0.8987341772151899,0.4226190476190476,0.5748987854251012,168.0
2.0,0.26666666666666666,0.9230769230769231,0.4137931034482759,39.0
accuracy,0.5736434108527132,0.5736434108527132,0.5736434108527132,0.5736434108527132
macro avg,0.6990730085666795,0.7165391797744739,0.6172832612034064,258.0
weighted avg,0.8097289497863535,0.5736434108527132,0.6075270527809252,258.0
