,precision,recall,f1-score,support
0.0,0.9963898916967509,1.0,0.9981916817359855,276.0
1.0,1.0,0.9924242424242424,0.9961977186311787,132.0
2.0,1.0,1.0,1.0,108.0
accuracy,0.998062015503876,0.998062015503876,0.998062015503876,0.998062015503876
macro avg,0.9987966305655837,0.9974747474747474,0.9981298001223881,516.0
weighted avg,0.9980690118377971,0.998062015503876,0.9980600833690846,516.0
