,precision,recall,f1-score,support
0.0,0.9934426229508196,1.0,0.9967105263157894,303.0
1.0,1.0,0.9928825622775801,0.9964285714285714,281.0
2.0,0.9878048780487805,1.0,0.9938650306748467,81.0
3.0,1.0,0.9927007299270073,0.9963369963369962,137.0
accuracy,0.9962593516209476,0.9962593516209476,0.9962593516209476,0.9962593516209476
macro avg,0.9953118752499001,0.9963958230511468,0.995835281189051,802.0
weighted avg,0.9962909100698871,0.9962593516209476,0.9962605411819749,802.0
