,precision,recall,f1-score,support
0.0,0.9769230769230769,0.9921875,0.9844961240310077,256.0
1.0,0.972972972972973,0.9795918367346939,0.976271186440678,294.0
2.0,0.970873786407767,0.9523809523809523,0.9615384615384616,105.0
3.0,0.988950276243094,0.9675675675675676,0.9781420765027322,185.0
accuracy,0.9773809523809524,0.9773809523809524,0.9773809523809524,0.9773809523809524
macro avg,0.9774300281367276,0.9729319641708034,0.9751119621282199,840.0
weighted avg,0.9774332266954162,0.9773809523809524,0.9773482847381442,840.0
