,precision,recall,f1-score,support
0.0,1.0,1.0,1.0,215.0
1.0,0.9912280701754386,0.9912280701754386,0.9912280701754386,228.0
2.0,0.9937694704049844,0.996875,0.9953198127925117,320.0
3.0,0.9972602739726028,0.994535519125683,0.9958960328317372,366.0
accuracy,0.995571302037201,0.995571302037201,0.995571302037201,0.995571302037201
macro avg,0.9955644536382564,0.9956596473252803,0.9956109789499219,1129.0
weighted avg,0.9955743939801308,0.995571302037201,0.9955715572276523,1129.0
