,precision,recall,f1-score,support
0.0,0.9831932773109243,1.0,0.9915254237288135,117.0
1.0,0.9931506849315068,0.9931506849315068,0.9931506849315068,146.0
2.0,1.0,0.990909090909091,0.995433789954338,220.0
accuracy,0.9937888198757764,0.9937888198757764,0.9937888198757764,0.9937888198757764
macro avg,0.9921146540808103,0.9946865919468659,0.9933699662048859,483.0
weighted avg,0.9938584129303896,0.9937888198757764,0.9937969117313158,483.0
