,precision,recall,f1-score,support
0.0,0.9924242424242424,1.0,0.9961977186311787,131.0
1.0,1.0,0.9774436090225563,0.988593155893536,133.0
2.0,0.9821428571428571,0.990990990990991,0.9865470852017937,111.0
3.0,0.9846938775510204,0.9897435897435898,0.9872122762148339,195.0
4.0,0.9880952380952381,0.9880952380952381,0.9880952380952381,84.0
accuracy,0.9892966360856269,0.9892966360856269,0.9892966360856269,0.9892966360856269
macro avg,0.9894712430426715,0.9892546855704751,0.989329094807316,654.0
weighted avg,0.989358928169544,0.9892966360856269,0.9892934421923799,654.0
