,precision,recall,f1-score,support
0.0,0.9876543209876543,1.0,0.9937888198757764,80.0
1.0,1.0,1.0,1.0,107.0
2.0,1.0,1.0,1.0,72.0
3.0,1.0,0.9927536231884058,0.9963636363636363,138.0
accuracy,0.9974811083123426,0.9974811083123426,0.9974811083123426,0.9974811083123426
macro avg,0.9969135802469136,0.9981884057971014,0.9975381140598532,397.0
weighted avg,0.9975122057405853,0.9974811083123426,0.9974843511542668,397.0
