,precision,recall,f1-score,support
0.0,0.8870967741935484,0.9821428571428571,0.9322033898305085,112.0
1.0,0.9826589595375722,0.9289617486338798,0.9550561797752809,183.0
2.0,0.8461538461538461,0.9166666666666666,0.8799999999999999,96.0
3.0,0.9847328244274809,0.9602977667493796,0.9723618090452262,403.0
accuracy,0.9508816120906801,0.9508816120906801,0.9508816120906801,0.9508816120906801
macro avg,0.9251606010781119,0.9470172597981958,0.9349053446627539,794.0
weighted avg,0.9537273624434474,0.9508816120906801,0.951541397487556,794.0
