,precision,recall,f1-score,support
0.0,0.9397590361445783,0.9629629629629629,0.9512195121951219,81.0
1.0,0.9329608938547486,0.943502824858757,0.9382022471910112,177.0
2.0,0.987146529562982,0.9922480620155039,0.9896907216494846,387.0
3.0,0.8976377952755905,0.957983193277311,0.926829268292683,119.0
4.0,0.968503937007874,0.917910447761194,0.9425287356321839,268.0
accuracy,0.9583333333333334,0.9583333333333334,0.9583333333333334,0.9583333333333334
macro avg,0.9452016383691546,0.9549214981751458,0.9496940969920968,1032.0
weighted avg,0.9589711432526946,0.9583333333333334,0.9583442554217237,1032.0
