,precision,recall,f1-score,support
0.0,0.974025974025974,0.9933774834437086,0.9836065573770492,151.0
1.0,0.9959016393442623,0.9918367346938776,0.9938650306748468,245.0
2.0,0.9954545454545455,0.9776785714285714,0.9864864864864865,224.0
3.0,0.9786096256684492,0.9891891891891892,0.9838709677419355,185.0
4.0,1.0,0.9869565217391304,0.9934354485776805,230.0
5.0,0.9809523809523809,0.9951690821256038,0.988009592326139,207.0
accuracy,0.9887278582930756,0.9887278582930756,0.9887278582930756,0.9887278582930756
macro avg,0.9874906942409353,0.9890345971033468,0.9882123471973562,1242.0
weighted avg,0.9888531123227782,0.9887278582930756,0.9887429657559422,1242.0
