,precision,recall,f1-score,support
0.0,0.84,0.2857142857142857,0.4263959390862944,147.0
1.0,0.30708661417322836,0.1813953488372093,0.2280701754385965,215.0
2.0,0.5585106382978723,0.8311345646437994,0.6680805938494166,379.0
accuracy,0.5344129554655871,0.5344129554655871,0.5344129554655871,0.5344129554655871
macro avg,0.5685324174903669,0.4327480663984315,0.4408489027914359,741.0
weighted avg,0.5414023670204287,0.5344129554655871,0.4924667150255229,741.0
