,precision,recall,f1-score,support
0.0,0.9873417721518988,0.9629629629629629,0.975,81.0
1.0,0.9659090909090909,0.9770114942528736,0.9714285714285714,87.0
2.0,0.975609756097561,1.0,0.9876543209876543,40.0
accuracy,0.9759615384615384,0.9759615384615384,0.9759615384615384,0.9759615384615384
macro avg,0.9762868730528501,0.9799914857386122,0.9780276308054084,208.0
weighted avg,0.976120984121621,0.9759615384615384,0.9759397045855379,208.0
