,precision,recall,f1-score,support
0.0,0.9375,1.0,0.967741935483871,30.0
1.0,0.9646017699115044,0.9819819819819819,0.9732142857142857,222.0
2.0,0.9821428571428571,0.9401709401709402,0.9606986899563319,117.0
3.0,0.9666666666666667,0.9354838709677419,0.9508196721311476,31.0
accuracy,0.9675,0.9675,0.9675,0.9675
macro avg,0.9627278234302571,0.964409198280166,0.963118645821409,400.0
weighted avg,0.9678599346818373,0.9675,0.9674074651351099,400.0
