,precision,recall,f1-score,support
0.0,0.7692307692307693,0.9195402298850575,0.837696335078534,87.0
1.0,0.970873786407767,0.8810572687224669,0.9237875288683602,227.0
2.0,0.8571428571428571,0.864406779661017,0.860759493670886,118.0
3.0,0.8888888888888888,0.9047619047619048,0.8967551622418879,168.0
accuracy,0.89,0.89,0.89,0.89
macro avg,0.8715340754175706,0.8924415457576115,0.879749629964917,600.0
weighted avg,0.8963126948563843,0.89,0.8913397295245865,600.0
