,precision,recall,f1-score,support
0.0,0.9935483870967742,1.0,0.9967637540453074,154.0
1.0,1.0,0.9915254237288136,0.9957446808510638,118.0
2.0,0.9918032786885246,1.0,0.9958847736625513,121.0
3.0,1.0,0.9914529914529915,0.9957081545064378,117.0
4.0,1.0,1.0,1.0,130.0
accuracy,0.996875,0.996875,0.996875,0.996875
macro avg,0.9970703331570597,0.9965956830363609,0.9968202726130719,640.0
weighted avg,0.9968978880222105,0.996875,0.9968740658653512,640.0
