,precision,recall,f1-score,support
0.0,0.9714285714285714,0.9714285714285714,0.9714285714285714,35.0
1.0,0.9904761904761905,0.9904761904761905,0.9904761904761905,105.0
accuracy,0.9857142857142858,0.9857142857142858,0.9857142857142858,0.9857142857142858
macro avg,0.980952380952381,0.980952380952381,0.980952380952381,140.0
weighted avg,0.9857142857142858,0.9857142857142858,0.9857142857142858,140.0
