,precision,recall,f1-score,support
0.0,0.9072164948453608,0.967032967032967,0.9361702127659575,91.0
1.0,0.9767441860465116,0.9473684210526315,0.9618320610687022,133.0
2.0,0.9397590361445783,0.9397590361445783,0.9397590361445783,83.0
3.0,0.9755244755244755,0.96875,0.9721254355400697,288.0
accuracy,0.9596638655462185,0.9596638655462185,0.9596638655462185,0.9596638655462185
macro avg,0.9498110481402315,0.9557276060575443,0.952471686379827,595.0
weighted avg,0.9603608852540552,0.9596638655462185,0.9598105528056801,595.0
