,precision,recall,f1-score,support
0.0,1.0,1.0,1.0,67.0
1.0,1.0,1.0,1.0,81.0
2.0,0.9733333333333334,1.0,0.9864864864864865,73.0
3.0,0.9859154929577465,0.958904109589041,0.9722222222222222,73.0
4.0,0.9876543209876543,0.9876543209876543,0.9876543209876543,81.0
accuracy,0.9893333333333333,0.9893333333333333,0.9893333333333333,0.9893333333333333
macro avg,0.9893806294557468,0.9893116861153392,0.9892726059392725,375.0
weighted avg,0.9894004381846635,0.9893333333333333,0.9892952952952953,375.0
