,precision,recall,f1-score,support
0.0,0.9793103448275862,1.0,0.9895470383275261,142.0
1.0,1.0,0.9777777777777777,0.9887640449438202,135.0
accuracy,0.9891696750902527,0.9891696750902527,0.9891696750902527,0.9891696750902527
macro avg,0.9896551724137931,0.9888888888888889,0.9891555416356732,277.0
weighted avg,0.9893937507780406,0.9891696750902527,0.989165435053879,277.0
