,precision,recall,f1-score,support
0.0,0.9464285714285714,0.9636363636363636,0.9549549549549549,55.0
1.0,0.9682539682539683,0.9838709677419355,0.976,62.0
2.0,1.0,0.8909090909090909,0.9423076923076923,55.0
3.0,0.8837209302325582,0.95,0.9156626506024096,40.0
4.0,0.9859154929577465,1.0,0.9929078014184397,70.0
accuracy,0.9609929078014184,0.9609929078014184,0.9609929078014184,0.9609929078014184
macro avg,0.9568637925745687,0.957683284457478,0.9563666198566994,282.0
weighted avg,0.9625824084278797,0.9609929078014184,0.9609627578823855,282.0
