,precision,recall,f1-score,support
0.0,0.9464285714285714,0.9636363636363636,0.9549549549549549,55.0
1.0,1.0,0.967741935483871,0.9836065573770492,62.0
2.0,0.9642857142857143,0.9818181818181818,0.972972972972973,55.0
3.0,0.9285714285714286,0.975,0.951219512195122,40.0
4.0,1.0,0.9714285714285714,0.9855072463768115,70.0
accuracy,0.9716312056737588,0.9716312056737588,0.9716312056737588,0.9716312056737588
macro avg,0.9678571428571429,0.9719250104733975,0.9696522487753821,282.0
weighted avg,0.9724544072948328,0.9716312056737588,0.9718224479701943,282.0
