,precision,recall,f1-score,support
0.0,0.9271523178807947,0.9210526315789473,0.9240924092409241,152.0
1.0,0.9881656804733728,0.9709302325581395,0.9794721407624634,172.0
2.0,0.875,0.9447852760736196,0.9085545722713865,163.0
3.0,0.9177215189873418,0.8734939759036144,0.8950617283950618,166.0
4.0,0.9270833333333334,0.9222797927461139,0.9246753246753248,193.0
accuracy,0.9267139479905437,0.9267139479905437,0.9267139479905437,0.9267139479905437
macro avg,0.9270245701349685,0.9265083817720869,0.9263712350690321,846.0
weighted avg,0.927642440714578,0.9267139479905437,0.9267946031582956,846.0
