,precision,recall,f1-score,support
0.0,0.9411764705882353,0.9411764705882353,0.9411764705882353,17.0
1.0,0.9850746268656716,0.99,0.9875311720698254,200.0
2.0,0.9545454545454546,0.9130434782608695,0.9333333333333332,23.0
accuracy,0.9791666666666666,0.9791666666666666,0.9791666666666666,0.9791666666666666
macro avg,0.9602655173331205,0.9480733162830349,0.954013658663798,240.0
weighted avg,0.9790394617819992,0.9791666666666666,0.9790537545026322,240.0
