,precision,recall,f1-score,support
0.0,0.9966329966329966,1.0,0.9983136593591906,296.0
1.0,0.9904761904761905,0.9719626168224299,0.9811320754716981,214.0
2.0,0.9568965517241379,0.9823008849557522,0.9694323144104803,113.0
3.0,1.0,1.0,1.0,81.0
accuracy,0.9886363636363636,0.9886363636363636,0.9886363636363636,0.9886363636363636
macro avg,0.9860014347083312,0.9885658754445455,0.9872195123103422,704.0
weighted avg,0.988770713224573,0.9886363636363636,0.9886490892750682,704.0
