,precision,recall,f1-score,support
0.0,0.8788819875776398,0.9758620689655172,0.9248366013071895,290.0
1.0,0.9142857142857143,0.7887323943661971,0.8468809073724007,284.0
2.0,0.9074074074074074,0.9468599033816425,0.9267139479905437,207.0
3.0,0.882943143812709,0.8770764119601329,0.88,301.0
accuracy,0.8937153419593346,0.8937153419593346,0.8937153419593346,0.8937153419593346
macro avg,0.8958795632708676,0.8971326946683724,0.8946078641675335,1082.0
weighted avg,0.8947616810310695,0.8937153419593346,0.8922611638695834,1082.0
