,precision,recall,f1-score,support
0.0,1.0,0.9977561705310396,0.9988768251591165,1337.0
1.0,0.9958813838550247,0.9917965545529123,0.9938347718865599,1219.0
2.0,0.9893924783027965,0.9970845481049563,0.9932236205227493,1029.0
accuracy,0.9955369595536959,0.9955369595536959,0.9955369595536959,0.9955369595536959
macro avg,0.9950912873859403,0.9955457577296359,0.9953117391894751,3585.0
weighted avg,0.995554886218369,0.9955369595536959,0.9955397510977306,3585.0
