,precision,recall,f1-score,support
0.0,0.9744318181818182,0.9716713881019831,0.973049645390071,353.0
1.0,0.9609120521172638,0.9485530546623794,0.9546925566343042,311.0
2.0,0.9627118644067797,0.9562289562289562,0.9594594594594594,297.0
3.0,0.9511494252873564,0.9650145772594753,0.9580318379160637,343.0
4.0,0.9877049180327869,0.9958677685950413,0.9917695473251029,242.0
accuracy,0.9663648124191462,0.9663648124191462,0.9663648124191462,0.9663648124191462
macro avg,0.967382015605201,0.9674671489695671,0.9674006093450004,1546.0
weighted avg,0.9663727987017866,0.9663648124191462,0.9663444503578965,1546.0
