,precision,recall,f1-score,support
0.0,0.9835526315789473,0.9867986798679867,0.985172981878089,303.0
1.0,0.9763779527559056,0.96875,0.9725490196078432,256.0
2.0,0.9427312775330396,0.9385964912280702,0.9406593406593406,228.0
3.0,0.9575163398692811,0.9272151898734177,0.9421221864951769,316.0
4.0,0.9291044776119403,0.97265625,0.9503816793893128,256.0
accuracy,0.9587932303164092,0.9587932303164092,0.9587932303164092,0.9587932303164092
macro avg,0.9578565358698228,0.958803322193895,0.9581770416059525,1359.0
weighted avg,0.9590418279755817,0.9587932303164092,0.9587627763466802,1359.0
