,precision,recall,f1-score,support
0.0,0.9660377358490566,0.973384030418251,0.9696969696969696,263.0
1.0,0.9262536873156342,0.9345238095238095,0.9303703703703704,336.0
2.0,0.9421221864951769,0.9301587301587302,0.9361022364217254,315.0
3.0,0.9795918367346939,0.9863013698630136,0.9829351535836177,292.0
4.0,0.9725609756097561,0.9637462235649547,0.968133535660091,331.0
accuracy,0.9564085881587508,0.9564085881587508,0.9564085881587508,0.9564085881587508
macro avg,0.9573132844008635,0.9576228327057519,0.9574476531465548,1537.0
weighted avg,0.9564190965944668,0.9564085881587508,0.956393114572217,1537.0
