,precision,recall,f1-score,support
0.0,0.9335443037974683,0.9768211920529801,0.9546925566343043,302.0
1.0,0.9751958224543081,0.9120879120879121,0.9425867507886435,819.0
2.0,0.7451923076923077,0.9171597633136095,0.8222811671087533,169.0
accuracy,0.9279069767441861,0.9279069767441861,0.9279069767441861,0.9279069767441861
macro avg,0.8846441446480281,0.9353562891515006,0.9065201581772336,1290.0
weighted avg,0.9353126033619487,0.9279069767441861,0.9296598591014249,1290.0
