,precision,recall,f1-score,support
0.0,0.9927588703837799,0.9963662790697675,0.9945593035908596,1376.0
1.0,0.9913482335976929,0.9906340057636888,0.990990990990991,1388.0
2.0,0.9834862385321101,0.9907578558225508,0.9871086556169429,541.0
3.0,0.9988726042841037,0.9899441340782122,0.994388327721661,895.0
accuracy,0.9923809523809524,0.9923809523809524,0.9923809523809524,0.9923809523809524
macro avg,0.9916164866994216,0.9919255686835549,0.9917618194801137,4200.0
weighted avg,0.992401092800434,0.9923809523809524,0.992383912675279,4200.0
