,precision,recall,f1-score,support
0.0,0.9336650082918739,0.9398998330550918,0.9367720465890182,599.0
1.0,0.9679144385026738,0.9427083333333334,0.9551451187335093,1152.0
2.0,0.9454094292803971,0.9661876584953508,0.955685618729097,1183.0
accuracy,0.9516019086571234,0.9516019086571234,0.9516019086571234,0.9516019086571234
macro avg,0.9489962920249816,0.949598608294592,0.9492009280172082,2934.0
weighted avg,0.9518480327064153,0.9516019086571234,0.9516120380519244,2934.0
