,precision,recall,f1-score,support
0.0,0.9888059701492538,0.9981167608286252,0.993439550140581,531.0
1.0,0.9914738124238733,0.9938949938949939,0.9926829268292683,819.0
2.0,0.9981024667931688,0.9915174363807728,0.9947990543735223,1061.0
accuracy,0.9937785151389465,0.9937785151389465,0.9937785151389465,0.9937785151389465
macro avg,0.9927940831220986,0.9945097303681306,0.9936405104477904,2411.0
weighted avg,0.9938032931530312,0.9937785151389465,0.9937808025251458,2411.0
