,precision,recall,f1-score,support
0.0,0.9767441860465116,0.9940828402366864,0.9853372434017595,169.0
1.0,0.9933333333333333,0.9738562091503268,0.9834983498349835,153.0
2.0,0.9559748427672956,0.9440993788819876,0.95,161.0
3.0,0.9559748427672956,0.9681528662420382,0.9620253164556962,157.0
accuracy,0.9703125,0.9703125,0.9703125,0.9703125
macro avg,0.9705068012286089,0.9700478236277597,0.9702152274231097,640.0
weighted avg,0.970390261627907,0.9703125,0.9702894005362408,640.0
