,precision,recall,f1-score,support
0.0,0.9884892086330935,0.9942112879884226,0.9913419913419913,1382.0
1.0,0.9899280575539569,0.9856733524355301,0.9877961234745155,1396.0
2.0,0.9972183588317107,0.9958333333333333,0.9965253648366922,1440.0
accuracy,0.9919393077287814,0.9919393077287814,0.9919393077287814,0.9919393077287814
macro avg,0.9918785416729204,0.9919059912524286,0.9918878265510663,4218.0
weighted avg,0.9919454934551735,0.9919393077287814,0.9919380146443557,4218.0
