,precision,recall,f1-score,support
0.0,0.9905362776025236,0.9936708860759493,0.9921011058451815,632.0
1.0,0.9887640449438202,0.9935483870967742,0.9911504424778762,620.0
2.0,0.9968253968253968,0.9874213836477987,0.9921011058451816,636.0
3.0,0.9959266802443992,0.9949135300101729,0.9954198473282443,983.0
4.0,0.9925187032418953,0.9974937343358395,0.995,399.0
accuracy,0.9932721712538226,0.9932721712538226,0.9932721712538226,0.9932721712538226
macro avg,0.992914220571607,0.993409584233307,0.9931545002992967,3270.0
weighted avg,0.9932857727720723,0.9932721712538226,0.9932722282787884,3270.0
