,precision,recall,f1-score,support
0.0,0.9944598337950139,0.9755434782608695,0.9849108367626885,368.0
1.0,0.9880239520958084,0.9939759036144579,0.990990990990991,498.0
2.0,0.9923469387755102,0.9628712871287128,0.9773869346733668,404.0
3.0,0.9753424657534246,0.9971988795518207,0.9861495844875346,714.0
accuracy,0.985383064516129,0.985383064516129,0.985383064516129,0.985383064516129
macro avg,0.9875432976049393,0.9823973871389653,0.9848595867286453,1984.0
weighted avg,0.9855341889080287,0.985383064516129,0.9853507189386709,1984.0
