,precision,recall,f1-score,support
0.0,0.9596491228070175,0.9855855855855856,0.9724444444444444,555.0
1.0,0.9927140255009107,0.9784560143626571,0.9855334538878842,557.0
2.0,0.983957219251337,0.971830985915493,0.9778565101860055,568.0
accuracy,0.9785714285714285,0.9785714285714285,0.9785714285714285,0.9785714285714285
macro avg,0.9787734558530884,0.9786241952879119,0.9786114695061113,1680.0
weighted avg,0.9788301642242031,0.9785714285714285,0.9786138680165888,1680.0
