,precision,recall,f1-score,support
0.0,0.84765625,0.8346153846153846,0.8410852713178294,520.0
1.0,0.9142857142857143,0.917093142272262,0.915687276443536,977.0
2.0,0.9220532319391636,0.9362934362934363,0.9291187739463601,518.0
3.0,0.9846311475409836,0.9831202046035805,0.9838750959815715,1955.0
accuracy,0.9413098236775819,0.9413098236775819,0.9413098236775819,0.9413098236775819
macro avg,0.9171565859414653,0.917780541946166,0.9174416044223243,3970.0
weighted avg,0.9412130630841946,0.9413098236775819,0.9412468885941544,3970.0
