,precision,recall,f1-score,support
0.0,0.9522727272727273,0.9676674364896074,0.9599083619702176,433.0
1.0,0.9116022099447514,0.9439359267734554,0.9274873524451941,874.0
2.0,0.9843342036553525,0.9889821615949633,0.9866527087149962,1906.0
3.0,0.9414556962025317,0.919629057187017,0.9304143862392494,647.0
4.0,0.9367088607594937,0.9135802469135802,0.9249999999999999,1296.0
accuracy,0.951900698215671,0.951900698215671,0.951900698215671,0.951900698215671
macro avg,0.9452747395669713,0.9467589657917246,0.9458925618739314,5156.0
weighted avg,0.9519611973536166,0.951900698215671,0.9518235914425487,5156.0
