,precision,recall,f1-score,support
0.0,0.969047619047619,0.9878640776699029,0.9783653846153847,824.0
1.0,0.9883236030025021,0.9809602649006622,0.9846281678437889,1208.0
2.0,0.9765258215962441,0.9647495361781077,0.9706019598693421,1078.0
3.0,0.9752421959095802,0.9689839572192513,0.9721030042918455,935.0
4.0,0.9945701357466064,0.9918772563176895,0.9932218707636693,1108.0
5.0,0.9794776119402985,0.9933774834437086,0.986378581493659,1057.0
accuracy,0.9813204508856683,0.9813204508856683,0.9813204508856683,0.9813204508856683
macro avg,0.9805311645404751,0.981302095954887,0.9808831614796149,6210.0
weighted avg,0.9813571635437365,0.9813204508856683,0.9813077486111664,6210.0
