,precision,recall,f1-score,support
0.0,0.9611872146118722,0.9481981981981982,0.9546485260770975,444.0
1.0,0.9339853300733496,0.9573934837092731,0.9455445544554456,399.0
2.0,0.927461139896373,0.9086294416243654,0.9179487179487179,197.0
accuracy,0.9442307692307692,0.9442307692307692,0.9442307692307692,0.9442307692307692
macro avg,0.9408778948605315,0.9380737078439455,0.9393805994937536,1040.0
weighted avg,0.9443626101408877,0.9442307692307692,0.9442039617710111,1040.0
