,precision,recall,f1-score,support
0.0,0.7785888077858881,0.835509138381201,0.8060453400503778,383.0
1.0,0.94229112833764,0.9216512215669755,0.9318568994889267,1187.0
2.0,0.9333333333333333,0.867862969004894,0.8994082840236687,613.0
3.0,0.9114219114219114,0.9571603427172583,0.9337313432835821,817.0
accuracy,0.9093333333333333,0.9093333333333333,0.9093333333333333,0.9093333333333333
macro avg,0.8914087952196933,0.8955459179175822,0.8927604667116389,3000.0
weighted avg,0.9111547058946029,0.9093333333333333,0.9096750968339486,3000.0
