,precision,recall,f1-score,support
0.0,0.9037900874635568,0.9567901234567902,0.929535232383808,324.0
1.0,0.9326788218793829,0.9392655367231638,0.9359605911330049,708.0
2.0,0.989406779661017,0.9648760330578512,0.9769874476987447,968.0
accuracy,0.9545,0.9545,0.9545,0.9545
macro avg,0.9419585630013189,0.9536438977459349,0.9474944237385192,2000.0
weighted avg,0.95545517847033,0.9545,0.9547766815934531,2000.0
