,precision,recall,f1-score,support
0.0,0.8395061728395061,0.9444444444444444,0.888888888888889,144.0
1.0,0.966824644549763,0.9289617486338798,0.9475150952159778,1098.0
2.0,0.9037520391517129,0.9437819420783645,0.9233333333333332,587.0
3.0,0.9235294117647059,0.9181286549707602,0.9208211143695014,171.0
accuracy,0.9335,0.9335,0.9335,0.9335
macro avg,0.908403067076422,0.9338291975318622,0.9201396079519254,2000.0
weighted avg,0.9354441624991744,0.9335,0.9339143258854974,2000.0
