,precision,recall,f1-score,support
0.0,0.9907407407407407,0.9984447900466563,0.994577846630519,643.0
1.0,0.9968404423380727,0.9921383647798742,0.9944838455476753,636.0
2.0,0.9903691813804173,0.9903691813804173,0.9903691813804173,623.0
3.0,0.9756838905775076,0.9846625766871165,0.9801526717557251,652.0
4.0,0.9984326018808778,0.9860681114551083,0.9922118380062306,646.0
accuracy,0.9903125,0.9903125,0.9903125,0.9903125
macro avg,0.9904133713835233,0.9903366048698345,0.9903590766641134,3200.0
weighted avg,0.990365679717154,0.9903125,0.9903230220276572,3200.0
