,precision,recall,f1-score,support
0.0,0.9804469273743017,0.9943342776203966,0.9873417721518989,353.0
1.0,0.9961538461538462,0.9866666666666667,0.9913875598086124,525.0
accuracy,0.989749430523918,0.989749430523918,0.989749430523918,0.989749430523918
macro avg,0.988300386764074,0.9905004721435317,0.9893646659802556,878.0
weighted avg,0.9898388776695874,0.989749430523918,0.9897609504204349,878.0
