,precision,recall,f1-score,support
0.0,0.963302752293578,0.9813084112149533,0.9722222222222222,214.0
1.0,0.991701244813278,0.9835390946502057,0.9876033057851239,486.0
accuracy,0.9828571428571429,0.9828571428571429,0.9828571428571429,0.9828571428571429
macro avg,0.977501998553428,0.9824237529325794,0.9799127640036731,700.0
weighted avg,0.9830194199572554,0.9828571428571429,0.9829010888101797,700.0
