,precision,recall,f1-score,support
0.0,0.9172749391727494,0.9568527918781726,0.9366459627329192,394.0
1.0,0.9032258064516129,0.8969359331476323,0.9000698812019566,718.0
2.0,0.8932291666666666,0.8909090909090909,0.8920676202860857,385.0
3.0,0.9693042291950886,0.9620853080568721,0.9656812776078831,1477.0
accuracy,0.9364492266308003,0.9364492266308003,0.9364492266308003,0.9364492266308003
macro avg,0.9207585353715293,0.926695780997942,0.9236161854572111,2974.0
weighted avg,0.9366099632663532,0.9364492266308003,0.9364646821979695,2974.0
