,precision,recall,f1-score,support
0.0,0.9870410367170627,1.0,0.9934782608695651,457.0
1.0,0.9802513464991023,0.9855595667870036,0.9828982898289829,554.0
2.0,0.9892857142857143,0.9875222816399287,0.9884032114183765,561.0
3.0,0.9932885906040269,0.9801324503311258,0.9866666666666667,604.0
accuracy,0.9875919117647058,0.9875919117647058,0.9875919117647058,0.9875919117647058
macro avg,0.9874666720264765,0.9883035746895146,0.9878616071958978,2176.0
weighted avg,0.9876252730603485,0.9875919117647058,0.987585517488522,2176.0
