,precision,recall,f1-score,support
0.0,0.9918478260869565,0.9918478260869565,0.9918478260869565,368.0
1.0,0.9889807162534435,0.9944598337950139,0.9917127071823205,361.0
2.0,0.9948186528497409,0.9820971867007673,0.9884169884169883,391.0
3.0,0.9545454545454546,0.9742268041237113,0.9642857142857142,388.0
4.0,0.9751381215469613,0.9618528610354223,0.9684499314128944,367.0
accuracy,0.9808,0.9808,0.9808,0.9808
macro avg,0.9810661542565114,0.9808969023483742,0.9809426334769746,1875.0
weighted avg,0.9809255780283269,0.9808,0.9808230995921331,1875.0
