,precision,recall,f1-score,support
0.0,0.9986225895316805,1.0,0.9993108201240524,725.0
1.0,1.0,0.9960264900662251,0.998009289980093,755.0
2.0,0.9981220657276996,1.0,0.9990601503759398,1063.0
accuracy,0.9988202909948879,0.9988202909948879,0.9988202909948879,0.9988202909948879
macro avg,0.9989148850864601,0.9986754966887417,0.9987934201600283,2543.0
weighted avg,0.9988223095867136,0.9988202909948879,0.9988196218539254,2543.0
