,precision,recall,f1-score,support
0.0,0.8979370249728555,0.9199110122358176,0.9087912087912088,899.0
1.0,0.9568527918781726,0.9729032258064516,0.9648112603966731,775.0
2.0,0.9157754010695187,0.8884565499351491,0.901909150757077,771.0
3.0,0.8789013732833958,0.8543689320388349,0.8664615384615384,824.0
4.0,0.9248971193415638,0.9354838709677419,0.9301603724780134,961.0
accuracy,0.9146572104018913,0.9146572104018913,0.9146572104018913,0.9146572104018913
macro avg,0.9148727421091014,0.9142247181967991,0.9144267061769021,4230.0
weighted avg,0.9143995263956363,0.9146572104018913,0.9144095518647998,4230.0
