,precision,recall,f1-score,support
0.0,0.9383116883116883,0.9506578947368421,0.9444444444444444,304.0
1.0,0.9377289377289377,0.9696969696969697,0.9534450651769087,264.0
2.0,0.90625,0.9243027888446215,0.9151873767258382,251.0
3.0,0.9390681003584229,0.9065743944636678,0.9225352112676057,289.0
4.0,0.9488054607508533,0.9235880398671097,0.9360269360269362,301.0
accuracy,0.9347054648687012,0.9347054648687012,0.9347054648687012,0.9347054648687012
macro avg,0.9340328374299804,0.9349640175218422,0.9343278067283466,1409.0
weighted avg,0.9348879116371781,0.9347054648687012,0.9346269862856253,1409.0
