,precision,recall,f1-score,support
0.0,0.9702970297029703,0.9514563106796117,0.9607843137254902,103.0
1.0,0.9911330049261083,0.9930898321816387,0.9921104536489153,1013.0
2.0,0.9390243902439024,0.9390243902439024,0.9390243902439024,82.0
accuracy,0.9858096828046744,0.9858096828046744,0.9858096828046744,0.9858096828046744
macro avg,0.966818141624327,0.9611901777017176,0.963973052539436,1198.0
weighted avg,0.9857748982049698,0.9858096828046744,0.9857835341069088,1198.0
