,precision,recall,f1-score,support
0.0,0.9639019013502342,0.964167585446527,0.9640347250930136,3628.0
1.0,0.9701698026617714,0.9699472356044965,0.9700585063668694,4359.0
accuracy,0.9673218980843872,0.9673218980843872,0.9673218980843872,0.9673218980843872
macro avg,0.9670358520060028,0.9670574105255118,0.9670466157299415,7987.0
weighted avg,0.9673226828472908,0.9673218980843872,0.9673222751835028,7987.0
