,precision,recall,f1-score,support
0.0,0.9941690962099126,1.0,0.9970760233918129,341.0
1.0,1.0,0.9923954372623575,0.9961832061068702,263.0
2.0,1.0,1.0,1.0,130.0
3.0,1.0,1.0,1.0,111.0
accuracy,0.9976331360946745,0.9976331360946745,0.9976331360946745,0.9976331360946745
macro avg,0.9985422740524781,0.9980988593155894,0.9983148073746708,845.0
weighted avg,0.9976469370503906,0.9976331360946745,0.9976320795061717,845.0
