,precision,recall,f1-score,support
0.0,0.9814077025232404,0.9932795698924731,0.987307949231797,744.0
1.0,0.9936143039591315,0.9823232323232324,0.987936507936508,792.0
accuracy,0.9876302083333334,0.9876302083333334,0.9876302083333334,0.9876302083333334
macro avg,0.987511003241186,0.9878014011078528,0.9876222285841525,1536.0
weighted avg,0.9877017313886217,0.9876302083333334,0.9876320498139135,1536.0
