,precision,recall,f1-score,support
0.0,0.9815059445178336,0.9986559139784946,0.9900066622251833,744.0
1.0,0.9987163029525032,0.9823232323232324,0.9904519414385742,792.0
accuracy,0.990234375,0.990234375,0.990234375,0.990234375
macro avg,0.9901111237351684,0.9904895731508635,0.9902293018318787,1536.0
weighted avg,0.9903800355857101,0.990234375,0.990236259319588,1536.0
