,precision,recall,f1-score,support
0.0,0.9745762711864406,0.9857142857142858,0.9801136363636362,350.0
1.0,0.9623188405797102,0.9851632047477745,0.9736070381231671,337.0
2.0,0.9957627118644068,0.9475806451612904,0.9710743801652894,248.0
3.0,0.9614325068870524,0.9614325068870524,0.9614325068870524,363.0
accuracy,0.9714946070878274,0.9714946070878274,0.9714946070878274,0.9714946070878274
macro avg,0.9735225826294025,0.9699726606276007,0.9715568903847862,1298.0
weighted avg,0.9717660221363555,0.9714946070878274,0.9714728743110723,1298.0
