,precision,recall,f1-score,support
0.0,0.9482071713147411,0.99581589958159,0.9714285714285715,239.0
1.0,0.9943502824858758,0.946236559139785,0.9696969696969697,186.0
2.0,1.0,0.9801324503311258,0.9899665551839464,151.0
accuracy,0.9756944444444444,0.9756944444444444,0.9756944444444444,0.9756944444444444
macro avg,0.9808524846002057,0.9740616363508336,0.9770306987698292,576.0
weighted avg,0.9766851848725625,0.9756944444444444,0.9757291923052792,576.0
