,precision,recall,f1-score,support
0.0,0.9228611500701263,0.9254571026722925,0.9241573033707865,1422.0
1.0,0.9674347158218126,0.9662473151273396,0.9668406509057414,3259.0
accuracy,0.9538560136722922,0.9538560136722922,0.9538560136722922,0.9538560136722922
macro avg,0.9451479329459694,0.945852208899816,0.945498977138264,4681.0
weighted avg,0.9538941025983779,0.9538560136722922,0.9538742505223392,4681.0
