,precision,recall,f1-score,support
0.0,0.9968434343434344,0.9924575738529227,0.9946456692913385,1591.0
1.0,0.9859343603482921,0.9925826028320971,0.989247311827957,1483.0
2.0,0.9934693877551021,0.991042345276873,0.9922543823889115,1228.0
accuracy,0.9920966992096699,0.9920966992096699,0.9920966992096699,0.9920966992096699
macro avg,0.9920823941489428,0.9920275073206309,0.9920491211694024,4302.0
weighted avg,0.9921197044630838,0.9920966992096699,0.9921021396692151,4302.0
