,precision,recall,f1-score,support
0.0,0.9887740029542097,0.9917037037037038,0.9902366863905324,3375.0
1.0,0.9916790490341754,0.9887407407407407,0.9902077151335311,3375.0
accuracy,0.9902222222222222,0.9902222222222222,0.9902222222222222,0.9902222222222222
macro avg,0.9902265259941925,0.9902222222222222,0.9902222007620318,6750.0
weighted avg,0.9902265259941926,0.9902222222222222,0.9902222007620318,6750.0
