,precision,recall,f1-score,support
0.0,0.9587912087912088,0.9803370786516854,0.9694444444444446,356.0
1.0,0.9726027397260274,0.9726027397260274,0.9726027397260274,292.0
2.0,0.9652777777777778,0.9455782312925171,0.9553264604810997,294.0
3.0,0.9505494505494505,0.9611111111111111,0.9558011049723757,360.0
4.0,0.9814241486068112,0.9635258358662614,0.9723926380368098,329.0
accuracy,0.9650521152667075,0.9650521152667075,0.9650521152667075,0.9650521152667075
macro avg,0.9657290650902551,0.9646309993295205,0.9651134775321515,1631.0
weighted avg,0.9651794506963702,0.9650521152667075,0.9650483000048016,1631.0
