,precision,recall,f1-score,support
0.0,0.9976076555023924,0.996415770609319,0.9970113568439929,1674.0
1.0,1.0,0.9941176470588236,0.9970501474926253,850.0
2.0,0.9878472222222222,1.0,0.993886462882096,569.0
accuracy,0.9964435822825736,0.9964435822825736,0.9964435822825736,0.9964435822825736
macro avg,0.9951516259082048,0.9968444725560475,0.9959826557395713,3093.0
weighted avg,0.9964695392031844,0.9964435822825736,0.9964471497269604,3093.0
