,precision,recall,f1-score,support
0.0,0.9994054696789536,0.997626112759644,0.9985149985149986,1685.0
1.0,0.9982035928143712,0.9940369707811568,0.9961159247086944,1677.0
2.0,0.9819494584837545,0.9945155393053017,0.9881925522252497,547.0
3.0,0.991140642303433,0.9944444444444445,0.9927897947864671,900.0
accuracy,0.9954252443335413,0.9954252443335413,0.9954252443335413,0.9954252443335413
macro avg,0.9926747908201281,0.9951557668226367,0.9939033175588524,4809.0
weighted avg,0.9954540597676108,0.9954252443335413,0.9954327967580131,4809.0
