,precision,recall,f1-score,support
0.0,0.991812865497076,0.9947214076246335,0.9932650073206443,1705.0
1.0,0.9853836784409257,0.9938574938574939,0.9896024464831804,1628.0
2.0,0.9810126582278481,0.9733124018838305,0.9771473601260835,637.0
3.0,0.9952651515151515,0.9822429906542056,0.988711194731891,1070.0
accuracy,0.9890873015873016,0.9890873015873016,0.9890873015873016,0.9890873015873016
macro avg,0.9883685884202503,0.9860335735050408,0.9871815021654498,5040.0
weighted avg,0.9891040356322804,0.9890873015873016,0.9890780688729671,5040.0
