,precision,recall,f1-score,support
0.0,0.9822595704948646,0.9962121212121212,0.9891866478608368,1056.0
1.0,0.9897959183673469,0.9857723577235772,0.9877800407331976,984.0
2.0,0.9953917050691244,0.9529411764705882,0.9737039819684448,680.0
3.0,0.9519230769230769,0.9949748743718593,0.972972972972973,398.0
accuracy,0.9833226427196922,0.9833226427196922,0.9833226427196922,0.9833226427196922
macro avg,0.9798425677136031,0.9824751324445364,0.980910910883863,3118.0
weighted avg,0.9836295811989851,0.9833226427196922,0.9832965398346042,3118.0
