,precision,recall,f1-score,support
0.0,0.9941605839416059,0.9963423555230432,0.9952502740226526,1367.0
1.0,0.9895910780669145,0.9947683109118086,0.9921729407379799,1338.0
2.0,0.9934869739478958,0.9860765788165092,0.9897679061642126,2011.0
3.0,0.9898107714701602,0.9922178988326849,0.9910128734515425,2056.0
accuracy,0.9917306556408741,0.9917306556408741,0.9917306556408741,0.9917306556408741
macro avg,0.9917623518566441,0.9923512860210114,0.992050998594097,6772.0
weighted avg,0.9917370985607757,0.9917306556408741,0.9917277386900453,6772.0
