,precision,recall,f1-score,support
0.0,0.9962406015037594,0.9962406015037594,0.9962406015037594,532.0
1.0,0.9966273187183811,0.9966273187183811,0.9966273187183811,593.0
accuracy,0.9964444444444445,0.9964444444444445,0.9964444444444445,0.9964444444444445
macro avg,0.9964339601110702,0.9964339601110702,0.9964339601110702,1125.0
weighted avg,0.9964444444444445,0.9964444444444445,0.9964444444444445,1125.0
