,precision,recall,f1-score,support
0.0,0.9246031746031746,0.966804979253112,0.9452332657200813,723.0
1.0,0.9602026049204052,0.9533045977011494,0.9567411679884642,1392.0
2.0,0.9660159074475777,0.9502133712660028,0.9580494801003944,1406.0
accuracy,0.9548423743254757,0.9548423743254757,0.9548423743254757,0.9548423743254757
macro avg,0.9502738956570526,0.9567743160734213,0.95334130460298,3521.0
weighted avg,0.9552139980569707,0.9548423743254757,0.9549005753981015,3521.0
