,precision,recall,f1-score,support
0.0,0.9951612903225806,0.9983818770226537,0.9967689822294021,618.0
1.0,1.0,0.9930139720558883,0.9964947421131698,1002.0
2.0,0.9945226917057903,0.9984289080911233,0.9964719717757742,1273.0
accuracy,0.9965433805737989,0.9965433805737989,0.9965433805737989,0.9965433805737989
macro avg,0.9965613273427903,0.9966082523898884,0.996578565372782,2893.0
weighted avg,0.9965561921744991,0.9965433805737989,0.996543305456525,2893.0
