,precision,recall,f1-score,support
0.0,0.9964830011723329,0.9935710111046172,0.9950248756218906,1711.0
1.0,0.9824135839902971,0.9878048780487805,0.9851018546670719,1640.0
2.0,0.9917984768599882,0.98947983635301,0.9906377998829724,1711.0
accuracy,0.99032003160806,0.99032003160806,0.99032003160806,0.99032003160806
macro avg,0.9902316873408727,0.9902852418354692,0.990254843390645,5062.0
weighted avg,0.9903413446577221,0.99032003160806,0.990327119605456,5062.0
