,precision,recall,f1-score,support
0.0,0.988173455978975,0.9960264900662251,0.992084432717678,755.0
1.0,0.9933949801849405,0.9894736842105263,0.991430454845089,760.0
2.0,0.9921568627450981,0.9908616187989556,0.991508817766166,766.0
3.0,0.9896462467644521,0.983704974271012,0.9866666666666666,1166.0
4.0,0.9771784232365145,0.9874213836477987,0.9822732012513034,477.0
accuracy,0.9890417940876657,0.9890417940876657,0.9890417940876657,0.9890417940876657
macro avg,0.9881099937819959,0.9894976301989036,0.9887927146493805,3924.0
weighted avg,0.989063438501171,0.9890417940876657,0.989042889175128,3924.0
