,precision,recall,f1-score,support
0.0,0.9958677685950413,0.9958677685950413,0.9958677685950413,242.0
1.0,0.9978947368421053,0.9978947368421053,0.9978947368421053,475.0
accuracy,0.99721059972106,0.99721059972106,0.99721059972106,0.99721059972106
macro avg,0.9968812527185733,0.9968812527185733,0.9968812527185733,717.0
weighted avg,0.99721059972106,0.99721059972106,0.99721059972106,717.0
