,precision,recall,f1-score,support
0.0,0.9699769053117783,0.958904109589041,0.9644087256027555,438.0
1.0,0.9937694704049844,0.9785276073619632,0.9860896445131375,652.0
2.0,0.9545454545454546,0.98,0.9671052631578947,450.0
3.0,0.9786729857819905,0.9821640903686087,0.9804154302670621,841.0
accuracy,0.9764804703905922,0.9764804703905922,0.9764804703905922,0.9764804703905922
macro avg,0.974241204011052,0.9748989518299032,0.9745047658852125,2381.0
weighted avg,0.9766472132795957,0.9764804703905922,0.9765091202487294,2381.0
