,precision,recall,f1-score,support
0.0,0.9792899408284024,0.992503748125937,0.9858525688756516,667.0
1.0,0.9939759036144579,0.9836065573770492,0.9887640449438202,671.0
2.0,0.9896449704142012,0.9867256637168141,0.9881831610044313,678.0
accuracy,0.9875992063492064,0.9875992063492064,0.9875992063492064,0.9875992063492064
macro avg,0.9876369382856871,0.9876119897399335,0.9875999249413011,2016.0
weighted avg,0.9876604721223581,0.9875992063492064,0.987605417042841,2016.0
