,precision,recall,f1-score,support
0.0,0.8954128440366973,0.9348659003831418,0.914714151827554,522.0
1.0,0.8892128279883382,0.8840579710144928,0.8866279069767441,1035.0
2.0,0.9920177383592018,0.9924578527062999,0.9922377467287647,2254.0
3.0,0.9008567931456548,0.9188514357053683,0.9097651421508034,801.0
4.0,0.9156939040207522,0.8959390862944162,0.9057087876844131,1576.0
accuracy,0.9353587588881707,0.9353587588881707,0.9353587588881707,0.9353587588881707
macro avg,0.9186388215101289,0.9252344492207438,0.9218107470736558,6188.0
weighted avg,0.935434493836959,0.9353587588881707,0.9353205365796666,6188.0
