,precision,recall,f1-score,support
0.0,0.9800380228136882,0.9791073124406457,0.9795724465558194,1053.0
1.0,0.9808873720136518,0.9782164737916951,0.9795501022494887,1469.0
2.0,0.9633550488599348,0.9720624486442071,0.9676891615541923,1217.0
3.0,0.967420814479638,0.9587443946188341,0.9630630630630631,1115.0
4.0,0.994060876020787,0.9903846153846154,0.9922193404964802,1352.0
5.0,0.9745019920318725,0.9815409309791332,0.9780087964814074,1246.0
accuracy,0.977187332259796,0.977187332259796,0.977187332259796,0.977187332259796
macro avg,0.9767106877032621,0.976676029309855,0.9766838184000751,7452.0
weighted avg,0.9772115776395629,0.977187332259796,0.9771902066722515,7452.0
