,precision,recall,f1-score,support
0.0,0.981242672919109,0.9988066825775657,0.989946777054997,838.0
1.0,0.9796806966618288,0.9861212563915267,0.9828904259191846,1369.0
2.0,0.9945823927765237,0.9839213934792318,0.9892231701841041,2239.0
accuracy,0.98740440845704,0.98740440845704,0.98740440845704,0.98740440845704
macro avg,0.9851685874524873,0.9896164441494414,0.9873534577194286,4446.0
weighted avg,0.9874795796362784,0.98740440845704,0.9874095974578634,4446.0
