,precision,recall,f1-score,support
0.0,0.966,0.9130434782608695,0.9387755102040816,529.0
1.0,0.93158953722334,0.9585921325051759,0.9448979591836735,483.0
2.0,0.8764940239043825,0.9322033898305084,0.9034907597535935,236.0
accuracy,0.9342948717948718,0.9342948717948718,0.9342948717948718,0.9342948717948718
macro avg,0.9246945203759075,0.9346130001988513,0.9290547430471161,1248.0
weighted avg,0.9357566795835797,0.9342948717948718,0.9344725789146807,1248.0
