,precision,recall,f1-score,support
0.0,0.7972350230414746,0.9611111111111111,0.871536523929471,180.0
1.0,0.9414556962025317,0.9063214013709063,0.9235545207605744,1313.0
2.0,0.8675862068965517,0.8859154929577465,0.8766550522648084,710.0
3.0,0.8865979381443299,0.8730964467005076,0.8797953964194373,197.0
accuracy,0.9016666666666666,0.9016666666666666,0.9016666666666666,0.9016666666666666
macro avg,0.8732187160712219,0.9066111130350679,0.8878853733435728,2400.0
weighted avg,0.9042831808218226,0.9016666666666666,0.9021868501119091,2400.0
