,precision,recall,f1-score,support
0.0,0.8446808510638298,0.9497607655502392,0.8941441441441441,418.0
1.0,0.8971291866028708,0.8875739644970414,0.892325996430696,845.0
2.0,0.9771480804387569,0.940193491644679,0.9583146571044375,1137.0
accuracy,0.9233333333333333,0.9233333333333333,0.9233333333333333,0.9233333333333333
macro avg,0.9063193727018192,0.9258427405639865,0.9149282658930926,2400.0
weighted avg,0.9259033857845721,0.9233333333333333,0.9239047851516398,2400.0
