,precision,recall,f1-score,support
0.0,0.9922580645161291,1.0,0.9961139896373058,769.0
1.0,0.9935064935064936,0.9935064935064936,0.9935064935064936,770.0
2.0,0.9986979166666666,0.9986979166666666,0.9986979166666666,768.0
3.0,0.9907529722589168,0.9868421052631579,0.988793671720501,760.0
4.0,0.9961038961038962,0.9922380336351876,0.9941672067401167,773.0
accuracy,0.9942708333333333,0.9942708333333333,0.9942708333333333,0.9942708333333333
macro avg,0.9942638686104204,0.994256909814301,0.9942558556542167,3840.0
weighted avg,0.9942726620359353,0.9942708333333333,0.9942672133720779,3840.0
