,precision,recall,f1-score,support
0.0,0.9876543209876543,0.9876543209876543,0.9876543209876543,243.0
1.0,0.9949748743718593,0.9949748743718593,0.9949748743718593,597.0
accuracy,0.9928571428571429,0.9928571428571429,0.9928571428571429,0.9928571428571429
macro avg,0.9913145976797568,0.9913145976797568,0.9913145976797568,840.0
weighted avg,0.9928571428571429,0.9928571428571429,0.9928571428571429,840.0
