,precision,recall,f1-score,support
0.0,1.0,1.0,1.0,542.0
1.0,0.9872521246458924,0.9858557284299858,0.9865534324133051,707.0
2.0,0.9880952380952381,0.9955022488755623,0.9917849141150112,667.0
3.0,0.9913294797687862,0.985632183908046,0.9884726224783862,696.0
accuracy,0.9911944869831547,0.9911944869831547,0.9911944869831547,0.9911944869831547
macro avg,0.9916692106274791,0.9917475403033985,0.9917027422516755,2612.0
weighted avg,0.9911991170954231,0.9911944869831547,0.991190949339922,2612.0
