,precision,recall,f1-score,support
0.0,0.9791666666666666,0.9803680981595092,0.979767014101778,815.0
1.0,0.9810874704491725,0.9799291617473436,0.9805079740106319,847.0
accuracy,0.98014440433213,0.98014440433213,0.98014440433213,0.98014440433213
macro avg,0.9801270685579195,0.9801486299534263,0.980137494056205,1662.0
weighted avg,0.9801455600504106,0.98014440433213,0.9801446272442565,1662.0
