,precision,recall,f1-score,support
0.0,0.9409937888198758,0.8681948424068768,0.903129657228018,349.0
1.0,0.9538461538461539,0.9748427672955975,0.9642301710730948,318.0
2.0,0.9055374592833876,0.8853503184713376,0.895330112721417,314.0
3.0,0.884180790960452,0.9343283582089552,0.9085631349782294,335.0
4.0,0.9060052219321149,0.9253333333333333,0.9155672823218998,375.0
accuracy,0.9172087522176227,0.9172087522176227,0.9172087522176227,0.9172087522176227
macro avg,0.9181126829683969,0.91760992394322,0.9173640716645318,1691.0
weighted avg,0.9178126520594273,0.9172087522176227,0.9170061982594717,1691.0
