,precision,recall,f1-score,support
0.0,0.9070422535211268,0.9226361031518625,0.9147727272727274,349.0
1.0,0.9581993569131833,0.9371069182389937,0.9475357710651828,318.0
2.0,0.8453947368421053,0.8184713375796179,0.8317152103559872,314.0
3.0,0.8698224852071006,0.8776119402985074,0.8736998514115898,335.0
4.0,0.9373368146214099,0.9573333333333334,0.9472295514511875,375.0
accuracy,0.9047900650502662,0.9047900650502662,0.9047900650502662,0.9047900650502662
macro avg,0.9035591294209852,0.9026319265204629,0.9029906223113351,1691.0
weighted avg,0.9045599807055553,0.9047900650502662,0.9045719486018734,1691.0
