,precision,recall,f1-score,support
0.0,0.7010980073200488,0.3925318761384335,0.5032841920887462,4392.0
1.0,0.6255964075217514,0.8584633160023109,0.7237600454582352,5193.0
accuracy,0.6449660928534168,0.6449660928534168,0.6449660928534168,0.6449660928534168
macro avg,0.6633472074209001,0.6254975960703721,0.6135221187734907,9585.0
weighted avg,0.6601924457391872,0.6449660928534168,0.6227344901114646,9585.0
