,precision,recall,f1-score,support
0.0,0.27358490566037735,0.9415584415584416,0.42397660818713456,462.0
1.0,0.2857142857142857,0.004338394793926247,0.008547008547008548,461.0
2.0,0.7164179104477612,0.3028391167192429,0.42572062084257206,317.0
3.0,0.0,0.0,0.0,491.0
accuracy,0.30791450028885037,0.30791450028885037,0.30791450028885037,0.30791450028885037
macro avg,0.318929275455606,0.3121839882679027,0.2145610593941788,1731.0
weighted avg,0.28030906397534394,0.30791450028885037,0.19339734299810657,1731.0
