,precision,recall,f1-score,support
0.0,0.2922666666666667,0.3034330011074197,0.29774517794077693,1806.0
1.0,0.42364917776037586,0.5994459833795014,0.49644413856389075,1805.0
2.0,0.4414212548015365,0.5090439276485789,0.4728270186867822,2709.0
3.0,0.46680216802168023,0.2543373938722776,0.3292712066905616,2709.0
accuracy,0.4095691660206003,0.4095691660206003,0.4095691660206003,0.4095691660206003
macro avg,0.40603481681256487,0.4165650765019444,0.3990718854705029,9029.0
weighted avg,0.4156493098112274,0.4095691660206003,0.3994565903218618,9029.0
