,precision,recall,f1-score,support
0.0,0.35453774385072095,0.40940254652301666,0.38,1021.0
1.0,0.3780160857908847,0.41429970617042117,0.39532710280373834,1021.0
2.0,0.33113828786453436,0.34476003917727716,0.3378119001919386,1021.0
3.0,0.7373086220789685,0.5976485956890921,0.6601731601731602,1531.0
4.0,0.534181240063593,0.5274725274725275,0.5308056872037914,637.0
accuracy,0.4672146817052189,0.4672146817052189,0.4672146817052189,0.4672146817052189
macro avg,0.4670363959297402,0.45871668300646695,0.4608235700745257,5231.0
weighted avg,0.48845777141983915,0.4672146817052189,0.47512201357914535,5231.0
