,precision,recall,f1-score,support
0.0,0.6957040572792362,0.6506696428571429,0.6724336793540946,896.0
1.0,0.6694214876033058,0.9040178571428571,0.7692307692307693,896.0
2.0,0.609375,0.43526785714285715,0.5078125,896.0
accuracy,0.6633184523809523,0.6633184523809523,0.6633184523809523,0.6633184523809523
macro avg,0.6581668482941807,0.6633184523809524,0.6498256495282879,2688.0
weighted avg,0.6581668482941806,0.6633184523809523,0.6498256495282879,2688.0
