,precision,recall,f1-score,support
0.0,0.6440298507462686,0.6392592592592593,0.641635687732342,1350.0
1.0,0.718419843821773,0.8024628014366342,0.75811924381968,1949.0
2.0,0.5227062094531975,0.6682464454976303,0.5865834633385336,1688.0
3.0,0.4762323943661972,0.3606666666666667,0.4104704097116844,1500.0
4.0,0.7983083929733247,0.6816666666666666,0.7353910698231946,1800.0
5.0,0.7474811083123426,0.7198302001212856,0.7333951189372877,1649.0
accuracy,0.6551932367149759,0.6551932367149759,0.6551932367149759,0.6551932367149759
macro avg,0.6511962999455172,0.6453553399413572,0.6442658322271204,9936.0
weighted avg,0.6577967695432194,0.6551932367149759,0.6524470171231408,9936.0
