,precision,recall,f1-score,support
0.0,0.8795731707317073,0.7765814266487214,0.8248749106504647,743.0
1.0,0.9621212121212122,0.8273615635179153,0.8896672504378283,921.0
2.0,0.8181818181818182,0.7734375,0.7951807228915662,896.0
3.0,0.7186183656276327,0.9251626898047722,0.80891417733523,922.0
accuracy,0.8285468121769098,0.8285468121769098,0.8285468121769098,0.8285468121769098
macro avg,0.8446236416655927,0.8256357949928522,0.8296592653287722,3482.0
weighted avg,0.8429906790398856,0.8285468121769098,0.8301454323608445,3482.0
