,precision,recall,f1-score,support
0.0,0.6671698113207547,0.7978339350180506,0.726674886970818,1108.0
1.0,0.7485970819304153,0.601985559566787,0.6673336668334168,1108.0
accuracy,0.6999097472924187,0.6999097472924187,0.6999097472924187,0.6999097472924187
macro avg,0.707883446625585,0.6999097472924187,0.6970042769021174,2216.0
weighted avg,0.707883446625585,0.6999097472924187,0.6970042769021173,2216.0
