,precision,recall,f1-score,support
0.0,0.9209932279909706,0.9878934624697336,0.9532710280373832,413.0
1.0,0.9894459102902374,0.9282178217821783,0.9578544061302683,404.0
2.0,0.9511278195488722,0.8908450704225352,0.92,284.0
3.0,0.9484777517564403,0.9782608695652174,0.9631391200951248,414.0
accuracy,0.9511551155115512,0.9511551155115512,0.9511551155115512,0.9511551155115512
macro avg,0.95251117739663,0.9463043060599161,0.948566138565694,1515.0
weighted avg,0.9524068916809062,0.9511551155115512,0.9509529441422109,1515.0
