,precision,recall,f1-score,support
0.0,0.9485294117647058,0.9735849056603774,0.9608938547486032,265.0
1.0,0.9377777777777778,0.9254385964912281,0.9315673289183223,228.0
2.0,0.96,0.9385474860335196,0.9491525423728814,179.0
accuracy,0.9479166666666666,0.9479166666666666,0.9479166666666666,0.9479166666666666
macro avg,0.9487690631808278,0.9458569960617083,0.9472045753466024,672.0
weighted avg,0.9479369456115779,0.9479166666666666,0.9478162612894391,672.0
