,precision,recall,f1-score,support
0.0,0.9923871669385536,0.9956355701036552,0.9940087145969498,1833.0
1.0,0.9913394919168591,0.9879171461449943,0.9896253602305476,1738.0
2.0,0.9924033149171271,0.9924033149171271,0.9924033149171271,1448.0
accuracy,0.9920302849173142,0.9920302849173142,0.9920302849173142,0.9920302849173142
macro avg,0.9920433245908465,0.9919853437219256,0.9920124632482081,5019.0
weighted avg,0.9920290324666009,0.9920302849173142,0.9920276648609087,5019.0
