,precision,recall,f1-score,support
0.0,0.9508599508599509,0.9508599508599509,0.9508599508599509,407.0
1.0,0.9558011049723757,0.9719101123595506,0.9637883008356547,356.0
2.0,0.9254658385093167,0.9003021148036254,0.9127105666156201,331.0
3.0,0.9344262295081968,0.9432624113475178,0.9388235294117647,423.0
4.0,0.9609375,0.9584415584415584,0.9596879063719116,385.0
accuracy,0.9458464773922187,0.9458464773922187,0.9458464773922187,0.9458464773922187
macro avg,0.945498124769968,0.9449552295624406,0.9451740508189804,1902.0
weighted avg,0.94575058806452,0.9458464773922187,0.9457508041754079,1902.0
