,precision,recall,f1-score,support
0.0,0.9422572178477691,0.9782016348773842,0.9598930481283423,367.0
1.0,0.9370786516853933,0.9349775784753364,0.9360269360269361,446.0
2.0,0.9201680672268907,0.9163179916317992,0.9182389937106918,478.0
3.0,0.9709762532981531,0.9583333333333334,0.9646133682830931,384.0
4.0,0.9554140127388535,0.9433962264150944,0.949367088607595,477.0
accuracy,0.9442379182156134,0.9442379182156134,0.9442379182156134,0.9442379182156134
macro avg,0.9451788405594119,0.9462453529465895,0.9456278869513316,2152.0
weighted avg,0.9443183917654249,0.9442379182156134,0.9442038270498869,2152.0
