,precision,recall,f1-score,support
0.0,0.9803149606299213,0.9900596421471173,0.9851632047477744,503.0
1.0,0.9672544080604534,0.9458128078817734,0.9564134495641344,406.0
2.0,0.9683972911963883,0.9470198675496688,0.9575892857142857,453.0
3.0,0.9418103448275862,0.9754464285714286,0.9583333333333334,448.0
4.0,0.9943342776203966,0.9887323943661972,0.9915254237288135,355.0
accuracy,0.9695150115473441,0.9695150115473441,0.9695150115473441,0.9695150115473441
macro avg,0.9704222564669491,0.969414228103237,0.9698049394176683,2165.0
weighted avg,0.9697031828264931,0.9695150115473441,0.9694936525158442,2165.0
