,precision,recall,f1-score,support
0.0,0.9684418145956607,0.9406130268199234,0.9543245869776481,522.0
1.0,0.9735720375106565,0.9861830742659758,0.9798369798369798,1158.0
accuracy,0.9720238095238095,0.9720238095238095,0.9720238095238095,0.9720238095238095
macro avg,0.9710069260531586,0.9633980505429496,0.967080783407314,1680.0
weighted avg,0.9719780039620686,0.9720238095238095,0.9719099149128303,1680.0
