,precision,recall,f1-score,support
0.0,0.9913793103448276,0.9979581419091373,0.9946578478758586,1959.0
1.0,0.9989816700610998,0.9869215291750503,0.992914979757085,994.0
2.0,0.9893129770992366,0.9878048780487805,0.988558352402746,656.0
accuracy,0.9930728733721252,0.9930728733721252,0.9930728733721252,0.9930728733721252
macro avg,0.9932246525017213,0.9908948497109894,0.9920437266785632,3609.0
weighted avg,0.9930975788260873,0.9930728733721252,0.9930691307962181,3609.0
