,precision,recall,f1-score,support
0.0,0.9918158567774936,0.9923234390992836,0.9920695830135585,1954.0
1.0,0.981074168797954,0.9856115107913669,0.9833376057421175,1946.0
2.0,0.9739368998628258,0.9428950863213812,0.9581646423751687,753.0
3.0,0.9814665592264303,0.9926650366748166,0.987034035656402,1227.0
accuracy,0.983843537414966,0.983843537414966,0.983843537414966,0.983843537414966
macro avg,0.9820733711661759,0.9783737682217121,0.9801514666968116,5880.0
weighted avg,0.9838116446244181,0.983843537414966,0.9837870209934628,5880.0
