,precision,recall,f1-score,support
0.0,0.96328125,0.9951573849878934,0.9789599047240968,1239.0
1.0,0.9761273209549072,0.9492691315563199,0.962510897994769,1163.0
2.0,0.9717741935483871,0.9365284974093264,0.9538258575197889,772.0
3.0,0.9337474120082816,0.9719827586206896,0.9524815205913411,464.0
accuracy,0.9650907091808686,0.9650907091808686,0.9650907091808686,0.9650907091808686
macro avg,0.9612325441278939,0.9632344431435573,0.9619445452074991,3638.0
weighted avg,0.9654233149015268,0.9650907091808686,0.9649907872129554,3638.0
