,precision,recall,f1-score,support
0.0,0.892933618843683,0.8540706605222734,0.8730698769955508,1953.0
1.0,0.8728246318607764,0.9072356215213359,0.8896975210370707,2156.0
accuracy,0.8819664151861767,0.8819664151861767,0.8819664151861767,0.8819664151861767
macro avg,0.8828791253522297,0.8806531410218046,0.8813836990163108,4109.0
weighted avg,0.8823823956908121,0.8819664151861767,0.8817944329832648,4109.0
