,precision,recall,f1-score,support
0.0,0.960352422907489,0.9864253393665159,0.9732142857142858,221.0
1.0,0.9863013698630136,0.9152542372881356,0.9494505494505494,236.0
2.0,0.8595744680851064,0.9351851851851852,0.8957871396895788,216.0
3.0,0.9441860465116279,0.9103139013452914,0.9269406392694063,223.0
accuracy,0.9363839285714286,0.9363839285714286,0.9363839285714286,0.9363839285714286
macro avg,0.9376035768418092,0.936794665796282,0.9363481535309551,896.0
weighted avg,0.938868953380248,0.9363839285714286,0.9367728477044793,896.0
