,precision,recall,f1-score,support
0.0,0.9701754385964912,0.9770318021201413,0.9735915492957746,566.0
1.0,0.9766187050359713,0.9696428571428571,0.9731182795698925,560.0
accuracy,0.9733570159857904,0.9733570159857904,0.9733570159857904,0.9733570159857904
macro avg,0.9733970718162313,0.9733373296314992,0.9733549144328335,1126.0
weighted avg,0.9733799050317565,0.9733570159857904,0.9733561753646076,1126.0
