,precision,recall,f1-score,support
0.0,0.992831541218638,0.9902962206332993,0.9915622602914856,1958.0
1.0,0.9836567926455567,0.9836567926455567,0.9836567926455567,1958.0
2.0,0.9904761904761905,0.992964824120603,0.9917189460476789,1990.0
accuracy,0.9889942431425669,0.9889942431425669,0.9889942431425669,0.9889942431425669
macro avg,0.9889881747801285,0.9889726124664864,0.9889793329949071,5906.0
weighted avg,0.9889962371746889,0.9889942431425669,0.9889941768177463,5906.0
