,precision,recall,f1-score,support
0.0,0.942652329749104,0.9563636363636364,0.9494584837545126,275.0
1.0,0.9784560143626571,0.9714795008912656,0.9749552772808586,561.0
accuracy,0.9665071770334929,0.9665071770334929,0.9665071770334929,0.9665071770334929
macro avg,0.9605541720558806,0.9639215686274509,0.9622068805176855,836.0
weighted avg,0.9666784865292514,0.9665071770334929,0.9665681741471923,836.0
