,precision,recall,f1-score,support
0.0,0.9699812382739212,0.9718045112781954,0.9708920187793427,532.0
1.0,0.9845722300140253,0.9790794979079498,0.9818181818181818,717.0
2.0,0.9352014010507881,0.9834254143646409,0.9587073608617593,543.0
3.0,0.9854318418314256,0.960446247464503,0.9727786337955829,986.0
accuracy,0.9719222462203023,0.9719222462203023,0.9719222462203023,0.9719222462203023
macro avg,0.96879667779254,0.9736889177538224,0.9710490488137167,2778.0
weighted avg,0.9724328525911253,0.9719222462203023,0.9720000072802832,2778.0
