,precision,recall,f1-score,support
0.0,0.911620294599018,0.9267886855241264,0.9191419141914191,601.0
1.0,0.8785942492012779,0.9075907590759076,0.8928571428571428,1212.0
2.0,0.978675645342312,0.9879154078549849,0.9832738207103927,2648.0
3.0,0.8657505285412262,0.8806451612903226,0.8731343283582089,930.0
4.0,0.9084628670120898,0.8632385120350109,0.885273492286115,1828.0
accuracy,0.9239506856905388,0.9239506856905388,0.9239506856905388,0.9239506856905388
macro avg,0.9086207169391848,0.9132357051560704,0.9107361396806557,7219.0
weighted avg,0.9239633257229313,0.9239506856905388,0.9237499784021572,7219.0
