,precision,recall,f1-score,support
0.0,0.5843575418994413,0.7164383561643836,0.6436923076923076,730.0
1.0,0.8385964912280702,0.7091988130563798,0.7684887459807074,1348.0
2.0,0.8415492957746479,0.6485753052917232,0.7325670498084291,737.0
3.0,0.9065989847715736,0.9766678818811521,0.9403299403299403,2743.0
accuracy,0.8341129902842749,0.8341129902842749,0.8341129902842749,0.8341129902842749
macro avg,0.7927755784184334,0.7627200890984096,0.771269510952846,5558.0
weighted avg,0.8391565170882284,0.8341129902842749,0.8321419856479338,5558.0
