,precision,recall,f1-score,support
0.0,0.8979591836734694,0.9095607235142119,0.9037227214377407,1161.0
1.0,0.9607487922705314,0.9386430678466077,0.9495672933452701,1695.0
2.0,0.9173611111111111,0.8968092328581126,0.9069687607277721,1473.0
3.0,0.909433962264151,0.9247889485801996,0.9170471841704718,1303.0
4.0,0.9811794228356336,0.9775,0.9793362554790231,1600.0
5.0,0.9441117764471058,0.9705882352941176,0.9571669477234401,1462.0
accuracy,0.9381182424660686,0.9381182424660686,0.9381182424660686,0.9381182424660686
macro avg,0.9351323747670004,0.9363150346822083,0.9356348604806196,8694.0
weighted avg,0.9382842970258783,0.9381182424660686,0.9381104432566931,8694.0
