,precision,recall,f1-score,support
0.0,0.7801801801801802,0.8686058174523571,0.8220218319886095,997.0
1.0,0.7043153969099627,0.8441890166028098,0.7679349404589022,1566.0
2.0,0.9322727272727273,0.7816310975609756,0.8503316749585406,2624.0
accuracy,0.8172353961827646,0.8172353961827646,0.8172353961827646,0.8172353961827646
macro avg,0.8055894347876235,0.8314753105387142,0.8134294824686842,5187.0
weighted avg,0.8342165389559046,0.8172353961827646,0.8200139190943695,5187.0
