,precision,recall,f1-score,support
0.0,0.9324116743471582,0.9381761978361669,0.9352850539291216,647.0
1.0,0.8969258589511754,0.9305816135084428,0.9134438305709023,533.0
2.0,0.9047619047619048,0.8260869565217391,0.8636363636363636,276.0
accuracy,0.9141483516483516,0.9141483516483516,0.9141483516483516,0.9141483516483516
macro avg,0.9113664793534128,0.898281589288783,0.9041217493787959,1456.0
weighted avg,0.9141800287348033,0.9141483516483516,0.9137078488668058,1456.0
