,precision,recall,f1-score,support
0.0,0.7570921985815603,0.782051282051282,0.7693693693693693,546.0
1.0,0.9276672694394213,0.9047619047619048,0.9160714285714285,1701.0
2.0,0.8802469135802469,0.8846153846153846,0.8824257425742573,806.0
3.0,0.9108826049700086,0.9267654751525719,0.9187554019014693,1147.0
accuracy,0.8909523809523809,0.8909523809523809,0.8909523809523809,0.8909523809523809
macro avg,0.8689722466428093,0.8745485116452858,0.8716554856041311,4200.0
weighted avg,0.8918085061876826,0.8909523809523809,0.8912763738503602,4200.0
