,precision,recall,f1-score,support
0.0,0.451271186440678,0.9953271028037384,0.620991253644315,214.0
1.0,0.9520676691729323,0.6599348534201954,0.7795305886879569,1535.0
2.0,0.7180570221752904,0.8364083640836408,0.7727272727272727,813.0
3.0,0.6498422712933754,0.865546218487395,0.7423423423423423,238.0
accuracy,0.7542857142857143,0.7542857142857143,0.7542857142857143,0.7542857142857143
macro avg,0.692809537270569,0.8393041346987423,0.7288978643504717,2800.0
weighted avg,0.8201566877411038,0.7542857142857143,0.7622772614716599,2800.0
