,precision,recall,f1-score,support
0.0,0.9910913140311804,0.9977578475336323,0.994413407821229,892.0
1.0,0.9954493742889647,0.9898190045248869,0.9926262053318208,884.0
2.0,0.9846827133479212,0.9977827050997783,0.9911894273127754,902.0
3.0,0.9932584269662922,0.9811320754716981,0.9871580122836403,901.0
4.0,0.9944382647385984,0.9922308546059934,0.9933333333333334,901.0
accuracy,0.9917410714285714,0.9917410714285714,0.9917410714285714,0.9917410714285714
macro avg,0.9917840186745913,0.9917444974471976,0.9917440772165598,4480.0
weighted avg,0.9917699164404439,0.9917410714285714,0.9917352435551077,4480.0
