,precision,recall,f1-score,support
0.0,0.815668202764977,0.9202772963604853,0.8648208469055374,577.0
1.0,0.8069029850746269,0.8702213279678068,0.8373668925459825,994.0
2.0,0.8758278145695364,0.9329805996472663,0.9035012809564475,567.0
3.0,0.9673202614379085,0.8770370370370371,0.9199689199689199,2025.0
accuracy,0.8890223396588999,0.8890223396588999,0.8890223396588999,0.8890223396588999
macro avg,0.8664298159617623,0.9001290652531488,0.8814144850942219,4163.0
weighted avg,0.895536877355816,0.8890223396588999,0.8903595025449365,4163.0
