,precision,recall,f1-score,support
0.0,0.9730134932533733,0.9969278033794163,0.9848254931714719,651.0
1.0,0.975452196382429,0.9805194805194806,0.977979274611399,770.0
2.0,0.9876084262701363,0.9791154791154791,0.9833436150524368,814.0
3.0,0.9849812265331664,0.9692118226600985,0.9770328988206083,812.0
accuracy,0.9806366918280276,0.9806366918280276,0.9806366918280276,0.9806366918280276
macro avg,0.9802638356097763,0.9814436464186187,0.980795320413979,3047.0
weighted avg,0.9807180801612203,0.9806366918280276,0.9806228598622982,3047.0
