,precision,recall,f1-score,support
0.0,0.9924242424242424,0.9980952380952381,0.9952516619183286,525.0
1.0,0.9714285714285714,0.9902912621359223,0.9807692307692307,515.0
2.0,0.9789674952198852,0.9606003752345216,0.9696969696969697,533.0
3.0,0.9387755102040817,0.9638095238095238,0.9511278195488722,525.0
4.0,0.9490196078431372,0.9184060721062619,0.9334619093539055,527.0
accuracy,0.9660952380952381,0.9660952380952381,0.9660952380952381,0.9660952380952381
macro avg,0.9661230854239836,0.9662404942762934,0.9660615182574613,2625.0
weighted avg,0.9661289876956636,0.9660952380952381,0.965991730550258,2625.0
