,precision,recall,f1-score,support
0.0,0.981404958677686,0.9906152241918665,0.9859885832900882,959.0
1.0,0.9907312049433573,0.9816326530612245,0.9861609431060995,980.0
accuracy,0.9860752965446106,0.9860752965446106,0.9860752965446106,0.9860752965446106
macro avg,0.9860680818105216,0.9861239386265455,0.9860747631980938,1939.0
weighted avg,0.9861185849491444,0.9860752965446106,0.9860756965544982,1939.0
