,precision,recall,f1-score,support
0.0,0.9827429609445958,0.9972350230414746,0.989935956084172,1085.0
1.0,0.9971698113207547,0.9823420074349443,0.9897003745318352,1076.0
accuracy,0.989819527996298,0.989819527996298,0.989819527996298,0.989819527996298
macro avg,0.9899563861326752,0.9897885152382094,0.9898181653080036,2161.0
weighted avg,0.9899263441027386,0.989819527996298,0.9898186558757897,2161.0
