,precision,recall,f1-score,support
0.0,0.9950641658440277,1.0,0.9975259772389907,1008.0
1.0,0.9896713615023475,0.9906015037593985,0.9901362141850634,1064.0
2.0,0.9966284558327714,0.9926124916051041,0.9946164199192463,1489.0
accuracy,0.9941027801179444,0.9941027801179444,0.9941027801179444,0.9941027801179444
macro avg,0.9937879943930489,0.9944046651215008,0.9940928704477668,3561.0
weighted avg,0.9941069302286645,0.9941027801179444,0.9941013665289435,3561.0
