,precision,recall,f1-score,support
0.0,0.8758169934640523,0.9414519906323185,0.90744920993228,427.0
1.0,0.9633802816901409,0.95,0.9566433566433566,360.0
2.0,0.8975069252077562,0.8852459016393442,0.8913342503438789,366.0
3.0,0.8891820580474934,0.8962765957446809,0.8927152317880794,376.0
4.0,0.9498806682577565,0.8963963963963963,0.9223638470451911,444.0
accuracy,0.9138367967562088,0.9138367967562088,0.9138367967562088,0.9138367967562088
macro avg,0.9151533853334399,0.9138741768825479,0.9141011791505573,1973.0
weighted avg,0.9150318108342327,0.9138367967562088,0.9139844054226735,1973.0
