,precision,recall,f1-score,support
0.0,0.7599067599067599,0.7906224737267583,0.7749603803486529,1237.0
1.0,0.9525899912203687,0.9567901234567902,0.9546854377474702,1134.0
2.0,0.8279370952821462,0.8333333333333334,0.8306264501160093,1074.0
3.0,0.7757633587786259,0.7057291666666666,0.7390909090909091,1152.0
4.0,0.8127286027798098,0.8384905660377359,0.8254086181277861,1325.0
accuracy,0.8243836541708882,0.8243836541708882,0.8243836541708882,0.8243836541708882
macro avg,0.8257851615935421,0.8249931326442569,0.8249543590861655,5922.0
weighted avg,0.8240444006041557,0.8243836541708882,0.8237810250951625,5922.0
