,precision,recall,f1-score,support
0.0,0.7985362095531587,0.821478105805429,0.8098447113975975,5047.0
1.0,0.8495826377295492,0.8295028524857375,0.839422680412371,6135.0
accuracy,0.8258808799856913,0.8258808799856913,0.8258808799856913,0.8258808799856913
macro avg,0.824059423641354,0.8254904791455833,0.8246336959049843,11182.0
weighted avg,0.8265428127424054,0.8258808799856913,0.8260726527234458,11182.0
