,precision,recall,f1-score,support
0.0,0.82,0.28822495606326887,0.4265279583875162,569.0
1.0,0.48859934853420195,0.3225806451612903,0.38860103626943004,465.0
2.0,0.26038338658146964,0.3196078431372549,0.28697183098591544,510.0
3.0,0.1908713692946058,0.17557251908396945,0.18290258449304175,524.0
4.0,0.46386946386946387,0.9827160493827161,0.6302454473475851,405.0
accuracy,0.391023048928427,0.391023048928427,0.391023048928427,0.391023048928427
macro avg,0.44474471365594825,0.41774040256569994,0.3830497714966977,2473.0
weighted avg,0.45065020404466627,0.391023048928427,0.3723574138458247,2473.0
