,precision,recall,f1-score,support
0.0,0.3641456582633053,0.2708333333333333,0.31063321385902026,480.0
1.0,0.3111455108359133,0.4975247524752475,0.38285714285714284,404.0
2.0,0.527363184079602,0.2826666666666667,0.3680555555555556,375.0
3.0,0.4298245614035088,0.5104166666666666,0.4666666666666667,480.0
4.0,0.8195488721804511,0.7534562211981567,0.7851140456182473,434.0
accuracy,0.46433502070869764,0.46433502070869764,0.46433502070869764,0.46433502070869764
macro avg,0.4904055573525561,0.4629795280680141,0.4626653249113266,2173.0
weighted avg,0.4879217194541861,0.46433502070869764,0.46320228140739445,2173.0
