,precision,recall,f1-score,support
0.0,0.7176220806794055,0.18725761772853186,0.29701230228471,1805.0
1.0,0.5862068965517241,0.32945736434108525,0.4218362282878412,1806.0
2.0,0.5058666666666667,0.7002583979328165,0.5873974299427156,2709.0
3.0,0.47705696202531644,0.6680206794682423,0.5566153846153846,2708.0
accuracy,0.5138458130261409,0.5138458130261409,0.5138458130261409,0.5138458130261409
macro avg,0.5716881514807781,0.47124851486766894,0.4657153362826628,9028.0
weighted avg,0.5556336468723192,0.5138458130261409,0.48698687784282463,9028.0
