,precision,recall,f1-score,support
0.0,0.7777777777777778,0.020588235294117647,0.040114613180515755,1020.0
1.0,0.10147849462365591,0.14789422135161606,0.12036667995217218,1021.0
2.0,0.1435523114355231,0.11557296767874632,0.12805208898534998,1021.0
3.0,0.28960709759188846,0.2984977139124755,0.2939852042457382,1531.0
4.0,0.35106382978723405,0.7241379310344828,0.4728761514841351,638.0
accuracy,0.23112215637545402,0.23112215637545402,0.23112215637545402,0.23112215637545402
macro avg,0.3326959022432159,0.2613382138542876,0.21107894756958223,5231.0
weighted avg,0.3270649925706733,0.23112215637545402,0.20002653429104178,5231.0
