,precision,recall,f1-score,support
0.0,0.5302061122956645,0.553002223869533,0.5413642960812772,1349.0
1.0,0.7150684931506849,0.803076923076923,0.7565217391304346,1950.0
2.0,0.49460154241645243,0.5702430349733254,0.5297356828193832,1687.0
3.0,0.484361036639857,0.36133333333333334,0.4138984345169912,1500.0
4.0,0.7495769881556683,0.7383333333333333,0.7439126784214947,1800.0
5.0,0.7663115845539281,0.6975757575757576,0.7303299492385787,1650.0
accuracy,0.6336553945249598,0.6336553945249598,0.6336553945249598,0.6336553945249598
macro avg,0.6233542928687092,0.6205941010270343,0.61929379670136,9936.0
weighted avg,0.6324696716325696,0.6336553945249598,0.6304465391316548,9936.0
