,precision,recall,f1-score,support
0.0,0.6847389558232931,0.5920138888888888,0.6350093109869644,576.0
1.0,0.7066189624329159,0.710431654676259,0.7085201793721972,1112.0
2.0,0.8813131313131313,0.9232804232804233,0.9018087855297157,1512.0
accuracy,0.7896875,0.7896875,0.7896875,0.7896875
macro avg,0.7575570165231135,0.7419086556151905,0.7484460919629591,3200.0
weighted avg,0.7852235560390856,0.7896875,0.7866170894722828,3200.0
