,precision,recall,f1-score,support
0.0,0.145985401459854,0.12441679626749612,0.1343408900083963,643.0
1.0,0.3107394366197183,0.3050993949870354,0.30789358918447446,1157.0
2.0,0.16930488644184447,0.38258164852255055,0.23473282442748095,643.0
3.0,0.6049382716049383,0.42350907519446845,0.49822064056939497,2314.0
accuracy,0.3487492116880387,0.3487492116880387,0.3487492116880387,0.3487492116880387
macro avg,0.3077419990315888,0.3089017287428877,0.29379698604743665,4757.0
weighted avg,0.4124625486196412,0.3487492116880387,0.36712840936436536,4757.0
