,precision,recall,f1-score,support
0.0,0.7731481481481481,0.9002695417789758,0.8318804483188045,742.0
1.0,0.9174528301886793,0.8438177874186551,0.8790960451977402,922.0
2.0,0.7471698113207547,0.6629464285714286,0.7025428740390302,896.0
3.0,0.7535934291581109,0.7969598262757872,0.7746701846965699,921.0
accuracy,0.79689744326343,0.79689744326343,0.79689744326343,0.79689744326343
macro avg,0.7978410547039232,0.8009983960112116,0.7970473880630362,3481.0
weighted avg,0.7995090877787717,0.79689744326343,0.7959584893908019,3481.0
