,precision,recall,f1-score,support
0.0,0.4878048780487805,0.06289308176100629,0.11142061281337047,636.0
1.0,0.43407960199004975,0.8768844221105527,0.5806988352745424,398.0
2.0,0.18627450980392157,0.23949579831932774,0.20955882352941174,238.0
3.0,0.5736677115987461,0.7656903765690377,0.6559139784946236,239.0
accuracy,0.41628060886829915,0.41628060886829915,0.41628060886829915,0.41628060886829915
macro avg,0.42045667536037445,0.4862409196899811,0.38939806252798703,1511.0
weighted avg,0.43974023854169286,0.41628060886829915,0.33661157316266477,1511.0
