,precision,recall,f1-score,support
0.0,0.4613445378151261,0.38125,0.417490494296578,1440.0
1.0,0.7881996974281392,0.8166144200626959,0.8021555042340263,1276.0
2.0,0.5012269938650307,0.652555910543131,0.5669673837612769,1252.0
3.0,0.3901734104046243,0.3117782909930716,0.34659820282413345,1299.0
4.0,0.555765595463138,0.588,0.5714285714285713,1500.0
accuracy,0.5460322151618147,0.5460322151618147,0.5460322151618147,0.5460322151618147
macro avg,0.5393420469952116,0.5500397243197798,0.5409280313089171,6767.0
weighted avg,0.5376235847497295,0.5460322151618147,0.5381932647066964,6767.0
