,precision,recall,f1-score,support
0.0,0.3602693602693603,0.22291666666666668,0.27541827541827546,480.0
1.0,0.667953667953668,0.8160377358490566,0.7346072186836516,424.0
2.0,0.1527777777777778,0.15827338129496402,0.15547703180212014,417.0
3.0,0.3117283950617284,0.4665127020785219,0.3737280296022201,433.0
4.0,0.7910863509749304,0.568,0.6612339930151339,500.0
accuracy,0.4458740017746229,0.4458740017746229,0.4458740017746229,0.4458740017746229
macro avg,0.45676311040749307,0.44634809717784185,0.44009290970428017,2254.0
weighted avg,0.46600335049874675,0.4458740017746229,0.44407692480454874,2254.0
