,precision,recall,f1-score,support
0.0,0.9857651245551602,0.9685314685314685,0.9770723104056437,286.0
1.0,0.9755244755244755,0.9587628865979382,0.9670710571923744,291.0
2.0,0.9227053140096618,1.0,0.9597989949748743,191.0
3.0,0.9902597402597403,0.9713375796178344,0.9807073954983923,314.0
accuracy,0.9722735674676525,0.9722735674676525,0.9722735674676525,0.9722735674676525
macro avg,0.9685636635872594,0.9746579836868102,0.9711624395178211,1082.0
weighted avg,0.9731836611994474,0.9722735674676525,0.9723882519830788,1082.0
