,precision,recall,f1-score,support
0.0,0.9568965517241379,0.832708177044261,0.8904933814681106,1333.0
1.0,0.8882783882783882,0.7996702390766695,0.8416485900216919,1213.0
2.0,0.7306826706676669,0.9374398460057748,0.8212478920741989,1039.0
accuracy,0.8518828451882845,0.8518828451882845,0.8518828451882845,0.8518828451882845
macro avg,0.858619203556731,0.8566060873755684,0.8511299545213338,3585.0
weighted avg,0.8681182937946071,0.8518828451882845,0.8538979015504592,3585.0
