,precision,recall,f1-score,support
0.0,0.9777777777777777,0.9962264150943396,0.9869158878504672,265.0
1.0,0.9614147909967846,0.9228395061728395,0.9417322834645669,324.0
2.0,0.9692307692307692,0.9292035398230089,0.9487951807228916,339.0
3.0,0.9775280898876404,0.981203007518797,0.9793621013133208,266.0
4.0,0.9285714285714286,0.9854227405247813,0.9561527581329562,343.0
accuracy,0.9609629147690306,0.9609629147690306,0.9609629147690306,0.9609629147690306
macro avg,0.9629045712928802,0.9629790418267532,0.9625916422968406,1537.0
weighted avg,0.961419132123235,0.9609629147690306,0.9608108336869883,1537.0
