,precision,recall,f1-score,support
0.0,0.980327868852459,0.9966666666666667,0.9884297520661156,300.0
1.0,0.9715447154471545,0.987603305785124,0.9795081967213115,242.0
2.0,0.9912663755458515,0.941908713692946,0.9659574468085106,241.0
3.0,0.933993399339934,0.9725085910652921,0.9528619528619529,291.0
4.0,0.9963768115942029,0.9649122807017544,0.9803921568627451,285.0
accuracy,0.9735099337748344,0.9735099337748344,0.9735099337748344,0.9735099337748344
macro avg,0.9747018341559203,0.9727199115823566,0.9734299010641271,1359.0
weighted avg,0.9741477916208742,0.9735099337748344,0.9735542655599365,1359.0
