,precision,recall,f1-score,support
0.0,0.9752066115702479,0.946524064171123,0.9606512890094978,374.0
1.0,0.9337979094076655,0.9710144927536232,0.9520426287744228,276.0
2.0,0.9834983498349835,0.9644012944983819,0.9738562091503268,309.0
3.0,0.9494047619047619,0.9725609756097561,0.9608433734939757,328.0
4.0,0.9883268482490273,0.9806949806949807,0.9844961240310077,259.0
accuracy,0.9657179818887451,0.9657179818887451,0.9657179818887451,0.9657179818887451
macro avg,0.9660468961933372,0.9670391615455729,0.9663779248918463,1546.0
weighted avg,0.9661952790582524,0.9657179818887451,0.9657891584015517,1546.0
