,precision,recall,f1-score,support
0.0,0.9961832061068703,1.0,0.9980879541108987,261.0
1.0,0.9953488372093023,1.0,0.9976689976689977,214.0
2.0,1.0,0.9883720930232558,0.9941520467836257,172.0
accuracy,0.9969088098918083,0.9969088098918083,0.9969088098918083,0.9969088098918083
macro avg,0.9971773477720576,0.9961240310077519,0.9966363328545073,647.0
weighted avg,0.9969218979237772,0.9969088098918083,0.9969030503414121,647.0
