,precision,recall,f1-score,support
0.0,0.9446366782006921,0.9646643109540636,0.9545454545454545,283.0
1.0,0.9672330097087378,0.9637243047158404,0.9654754694124772,827.0
2.0,0.9152542372881356,0.9,0.9075630252100839,180.0
accuracy,0.9550387596899225,0.9550387596899225,0.9550387596899225,0.9550387596899225
macro avg,0.9423746417325218,0.9427962052233013,0.9425279830560052,1290.0
weighted avg,0.9550229780401446,0.9550387596899225,0.9549968382777498,1290.0
