,precision,recall,f1-score,support
0.0,0.9609375,0.9866310160427807,0.9736147757255936,374.0
1.0,0.9938725490196079,0.9818401937046005,0.9878197320341048,826.0
accuracy,0.9833333333333333,0.9833333333333333,0.9833333333333333,0.9833333333333333
macro avg,0.9774050245098039,0.9842356048736907,0.9807172538798492,1200.0
weighted avg,0.9836077920751636,0.9833333333333333,0.9833925206512855,1200.0
