,precision,recall,f1-score,support
0.0,0.9957234497505346,0.9935988620199147,0.9946600213599146,1406.0
1.0,0.9914529914529915,0.9942857142857143,0.9928673323823112,700.0
2.0,0.9894291754756871,0.9915254237288136,0.9904761904761904,472.0
accuracy,0.9934057408844065,0.9934057408844065,0.9934057408844065,0.9934057408844065
macro avg,0.9922018722264044,0.9931366666781475,0.9926678480728054,2578.0
weighted avg,0.9934114954192668,0.9934057408844065,0.9934072477131185,2578.0
