,precision,recall,f1-score,support
0.0,0.9964028776978417,1.0,0.9981981981981982,1385.0
1.0,0.9950877192982456,0.9950877192982456,0.9950877192982456,1425.0
2.0,0.9854469854469855,0.9713114754098361,0.9783281733746131,488.0
3.0,0.9915611814345991,0.9943582510578279,0.9929577464788731,709.0
accuracy,0.9937609183928126,0.9937609183928126,0.9937609183928126,0.9937609183928126
macro avg,0.992124690969418,0.9901893614414774,0.9911429593374825,4007.0
weighted avg,0.9937441956942278,0.9937609183928126,0.9937448703181524,4007.0
