,precision,recall,f1-score,support
0.0,0.992,0.992,0.992,1375.0
1.0,0.9876288659793815,0.9910344827586207,0.9893287435456112,1450.0
2.0,0.9840319361277445,0.9899598393574297,0.9869869869869871,498.0
3.0,0.998849252013809,0.9897377423033067,0.9942726231386025,877.0
accuracy,0.9909523809523809,0.9909523809523809,0.9909523809523809,0.9909523809523809
macro avg,0.9906275135302338,0.9906830161048392,0.9906470884178002,4200.0
weighted avg,0.9909763223518643,0.9909523809523809,0.9909579257507644,4200.0
