,precision,recall,f1-score,support
0.0,0.9956331877729258,0.9904430929626412,0.9930313588850175,1151.0
1.0,0.9900990099009901,0.9945750452079566,0.9923319801533603,1106.0
2.0,0.9941002949852508,0.9952746603662138,0.9946871310507674,1693.0
3.0,0.9958628841607565,0.9952746603662138,0.9955686853766618,1693.0
accuracy,0.9941520467836257,0.9941520467836257,0.9941520467836257,0.9941520467836257
macro avg,0.9939238442049808,0.9938918647257564,0.9939047888664517,5643.0
weighted avg,0.9941575343560736,0.9941520467836257,0.9941522880272744,5643.0
