,precision,recall,f1-score,support
0.0,0.8402985074626865,0.9124797406807131,0.8749028749028749,617.0
1.0,0.9014336917562724,0.8725065047701648,0.8867342441604231,1153.0
2.0,0.8937282229965157,0.8814432989690721,0.8875432525951557,1164.0
accuracy,0.8844580777096115,0.8844580777096115,0.8844580777096115,0.8844580777096115
macro avg,0.8784868074051583,0.8888098481399833,0.8830601238861512,2934.0
weighted avg,0.8855204080665997,0.8844580777096115,0.8845671449736887,2934.0
