,precision,recall,f1-score,support
0.0,0.9748427672955975,1.0,0.9872611464968153,155.0
1.0,0.9634146341463414,0.9693251533742331,0.966360856269113,163.0
2.0,0.95,0.9559748427672956,0.9529780564263324,159.0
3.0,0.9681528662420382,0.9325153374233128,0.9500000000000001,163.0
accuracy,0.9640625,0.9640625,0.9640625,0.9640625
macro avg,0.9641025669209942,0.9644538333912104,0.9641500147980653,640.0
weighted avg,0.9640564554595678,0.9640625,0.9639309503916541,640.0
