,precision,recall,f1-score,support
0.0,0.9815994338287332,0.9857853589196873,0.9836879432624114,1407.0
1.0,0.9804878048780488,0.9804878048780488,0.9804878048780488,1435.0
2.0,0.9985401459854014,0.9941860465116279,0.9963583394027677,1376.0
accuracy,0.9867235656709341,0.9867235656709341,0.9867235656709341,0.9867235656709341
macro avg,0.9868757948973944,0.986819736769788,0.9868446958477426,4218.0
weighted avg,0.9867476634122664,0.9867235656709341,0.986732577332485,4218.0
