,precision,recall,f1-score,support
0.0,0.9939668174962293,0.9954682779456193,0.9947169811320755,662.0
1.0,0.9885245901639345,0.9917763157894737,0.9901477832512315,608.0
2.0,0.9857594936708861,0.9888888888888889,0.9873217115689382,630.0
3.0,0.9926315789473684,0.990546218487395,0.9915878023133543,952.0
4.0,0.9975903614457832,0.9904306220095693,0.9939975990396158,418.0
accuracy,0.9914373088685016,0.9914373088685016,0.9914373088685016,0.9914373088685016
macro avg,0.9916945683448404,0.9914220646241892,0.9915543754610431,3270.0
weighted avg,0.9914481649104179,0.9914373088685016,0.9914396807998428,3270.0
