,precision,recall,f1-score,support
0.0,0.8539682539682539,0.48035714285714287,0.6148571428571429,560.0
1.0,0.8745874587458746,0.9653916211293261,0.9177489177489179,549.0
2.0,0.6824769433465085,0.9071803852889667,0.7789473684210527,571.0
accuracy,0.7839285714285714,0.7839285714285714,0.7839285714285714,0.7839285714285714
macro avg,0.8036775520202125,0.7843097164251452,0.7705178096757045,1680.0
weighted avg,0.8024196855503357,0.7839285714285714,0.7696089900074863,1680.0
