,precision,recall,f1-score,support
0.0,0.8652751423149905,0.8888888888888888,0.8769230769230769,513.0
1.0,0.9453993933265925,0.9294234592445328,0.93734335839599,1006.0
2.0,0.9292543021032504,0.9418604651162791,0.9355149181905678,516.0
3.0,0.9854997410668047,0.9834625322997416,0.9844800827728919,1935.0
accuracy,0.9521410579345088,0.9521410579345088,0.9521410579345088,0.9521410579345088
macro avg,0.9313571447029095,0.9359088363873606,0.9335653590706317,3970.0
weighted avg,0.952492482756596,0.9521410579345088,0.9522729508714819,3970.0
