,precision,recall,f1-score,support
0.0,0.9182795698924732,0.9510022271714922,0.9343544857768052,449.0
1.0,0.9076396807297605,0.9066059225512528,0.9071225071225072,878.0
2.0,0.9899150743099787,0.9878177966101694,0.988865323435843,1888.0
3.0,0.8808823529411764,0.9301242236024845,0.904833836858006,644.0
4.0,0.928,0.8943716268311488,0.910875539850805,1297.0
accuracy,0.9400698215671063,0.9400698215671063,0.9400698215671063,0.9400698215671063
macro avg,0.9249433355746778,0.9339843593533097,0.9292103386087932,5156.0
weighted avg,0.9404730531718014,0.9400698215671063,0.9400843720204166,5156.0
