,precision,recall,f1-score,support
0.0,0.9788980070339977,0.9881656804733728,0.9835100117785629,845.0
1.0,0.9900497512437811,0.9933444259567388,0.9916943521594684,1202.0
2.0,0.9877704609595485,0.9767441860465116,0.9822263797942001,1075.0
3.0,0.9717083786724701,0.9813186813186813,0.9764898851831602,910.0
4.0,0.9982409850483729,0.9921328671328671,0.9951775537045155,1144.0
5.0,0.9941860465116279,0.9922630560928434,0.9932236205227493,1034.0
accuracy,0.9876006441223832,0.9876006441223832,0.9876006441223832,0.9876006441223832
macro avg,0.9868089382449664,0.9873281495035026,0.9870536338571094,6210.0
weighted avg,0.9876477529872104,0.9876006441223832,0.987609995185587,6210.0
