,precision,recall,f1-score,support
0.0,0.9668141592920354,0.9583333333333334,0.9625550660792951,456.0
1.0,0.9503916449086162,0.9578947368421052,0.9541284403669724,380.0
2.0,0.9317073170731708,0.9362745098039216,0.9339853300733496,204.0
accuracy,0.9538461538461539,0.9538461538461539,0.9538461538461539,0.9538461538461539
macro avg,0.949637707091274,0.9508341933264534,0.950222945506539,1040.0
weighted avg,0.953927283062855,0.9538461538461539,0.9538720430832416,1040.0
