,precision,recall,f1-score,support
0.0,0.6943127962085308,0.8161559888579387,0.7503201024327785,359.0
1.0,0.9424703891708968,0.8904876099120703,0.9157418824496507,1251.0
2.0,0.8870151770657673,0.927689594356261,0.9068965517241379,567.0
3.0,0.9489414694894147,0.9258809234507898,0.937269372693727,823.0
accuracy,0.8983333333333333,0.8983333333333333,0.8983333333333333,0.8983333333333333
macro avg,0.8681849579836525,0.8900535291442649,0.8775569773250735,3000.0
weighted avg,0.9040683951592443,0.8983333333333333,0.9001803500908013,3000.0
