,precision,recall,f1-score,support
0.0,0.996937212863706,1.0,0.9984662576687117,651.0
1.0,0.9951456310679612,0.9983766233766234,0.9967585089141004,616.0
2.0,1.0,0.9953416149068323,0.9976653696498053,644.0
3.0,0.9984709480122325,0.9908952959028832,0.9946686976389947,659.0
4.0,0.9921135646687698,0.9984126984126984,0.9952531645569621,630.0
accuracy,0.9965625,0.9965625,0.9965625,0.9965625
macro avg,0.9965334713225339,0.9966052465198075,0.9965623996857149,3200.0
weighted avg,0.9965749171229759,0.9965625,0.9965616995946486,3200.0
