,precision,recall,f1-score,support
0.0,0.9495192307692307,0.9634146341463414,0.956416464891041,410.0
1.0,0.9719495091164095,0.976056338028169,0.9739985945186227,710.0
2.0,0.9327146171693735,0.9686746987951808,0.950354609929078,415.0
3.0,0.987977369165488,0.970813064628214,0.9793200140203295,1439.0
accuracy,0.9707464694014795,0.9707464694014795,0.9707464694014795,0.9707464694014795
macro avg,0.9605401815551254,0.9697396838994763,0.9650224208397677,2974.0
weighted avg,0.9711375374722471,0.9707464694014795,0.9708501735068494,2974.0
