,precision,recall,f1-score,support
0.0,0.9936974789915967,1.0,0.9968387776606955,473.0
1.0,0.9828767123287672,0.9965277777777778,0.9896551724137932,576.0
2.0,0.99822695035461,0.9894551845342706,0.9938217122683143,569.0
3.0,0.9981884057971014,0.9874551971326165,0.9927927927927928,558.0
accuracy,0.9931066176470589,0.9931066176470589,0.9931066176470589,0.9931066176470589
macro avg,0.9932473868680188,0.9933595398611662,0.9932771137838989,2176.0
weighted avg,0.9931691907403267,0.9931066176470589,0.9931107784020694,2176.0
