,precision,recall,f1-score,support
0.0,0.9943661971830986,1.0,0.9971751412429378,353.0
1.0,0.9922879177377892,0.9948453608247423,0.9935649935649936,388.0
2.0,0.989100817438692,0.9864130434782609,0.9877551020408163,368.0
3.0,0.9891304347826086,0.978494623655914,0.9837837837837837,372.0
4.0,0.9823232323232324,0.9873096446700508,0.9848101265822785,394.0
accuracy,0.9893333333333333,0.9893333333333333,0.9893333333333333,0.9893333333333333
macro avg,0.9894417198930843,0.9894125345257935,0.9894178294429621,1875.0
weighted avg,0.9893333097492366,0.9893333333333333,0.9893240945887894,1875.0
