,precision,recall,f1-score,support
0.0,0.9955882352941177,0.9941262848751835,0.9948567229977957,681.0
1.0,0.9943262411347518,0.9957386363636364,0.9950319375443578,704.0
accuracy,0.9949458483754513,0.9949458483754513,0.9949458483754513,0.9949458483754513
macro avg,0.9949572382144347,0.9949324606194099,0.9949443302710768,1385.0
weighted avg,0.99494675956257,0.9949458483754513,0.9949457851211024,1385.0
