,precision,recall,f1-score,support
0.0,0.9896640826873385,0.9909443725743855,0.9903038138332256,773.0
1.0,0.9908972691807543,0.9896103896103896,0.9902534113060428,770.0
accuracy,0.9902786779001944,0.9902786779001944,0.9902786779001944,0.9902786779001944
macro avg,0.9902806759340463,0.9902773810923875,0.9902786125696342,1543.0
weighted avg,0.9902794771137352,0.9902786779001944,0.9902786615675543,1543.0
