,precision,recall,f1-score,support
0.0,0.990578734858681,1.0,0.9952670723461798,736.0
1.0,0.98224043715847,0.9690026954177897,0.9755766621438264,742.0
2.0,0.9822097378277154,0.9849765258215962,0.9835911861228317,1065.0
accuracy,0.9846637829335431,0.9846637829335431,0.9846637829335431,0.9846637829335431
macro avg,0.9850096366149556,0.9846597404131286,0.9848116402042794,2543.0
weighted avg,0.9846408666984235,0.9846637829335431,0.9846319550838865,2543.0
