,precision,recall,f1-score,support
0.0,0.9093959731543624,0.9003322259136213,0.9048414023372288,301.0
1.0,0.9616858237547893,0.9653846153846154,0.963531669865643,260.0
2.0,0.8754863813229572,0.872093023255814,0.8737864077669902,258.0
3.0,0.8984962406015038,0.8984962406015038,0.8984962406015037,266.0
4.0,0.9510703363914373,0.9598765432098766,0.9554531490015361,324.0
accuracy,0.9205110007097232,0.9205110007097232,0.9205110007097232,0.9205110007097232
macro avg,0.91922695104501,0.9192365296730862,0.9192217739145804,1409.0
weighted avg,0.9203610911766196,0.9205110007097232,0.9204252730652621,1409.0
