,precision,recall,f1-score,support
0.0,0.7368421052631579,0.046511627906976744,0.0875,301.0
1.0,0.5172413793103449,0.8653846153846154,0.6474820143884893,260.0
2.0,0.0,0.0,0.0,258.0
3.0,0.25759162303664923,0.924812030075188,0.402948402948403,266.0
4.0,0.0,0.0,0.0,324.0
accuracy,0.34421575585521647,0.34421575585521647,0.34421575585521647,0.34421575585521647
macro avg,0.3023350215220304,0.367341654673356,0.22758608346737846,1409.0
weighted avg,0.3014844599238104,0.34421575585521647,0.21424208582347934,1409.0
