,precision,recall,f1-score,support
0.0,0.8544652701212789,0.8786848072562359,0.8664058133035215,882.0
1.0,0.9613992762364294,0.9695863746958637,0.9654754694124772,822.0
2.0,0.8841843088418431,0.8798017348203222,0.8819875776397516,807.0
3.0,0.8526315789473684,0.8120300751879699,0.8318356867779203,798.0
4.0,0.916219119226638,0.9261672095548317,0.9211663066954644,921.0
accuracy,0.8943262411347518,0.8943262411347518,0.8943262411347518,0.8943262411347518
macro avg,0.8937799106747116,0.8932540403030446,0.8933741707658269,4230.0
weighted avg,0.8940149218336676,0.8943262411347518,0.8940316276267956,4230.0
