,precision,recall,f1-score,support
0.0,0.93,0.9269102990033222,0.9284525790349418,301.0
1.0,0.9727626459143969,0.9615384615384616,0.9671179883945842,260.0
2.0,0.9423076923076923,0.9496124031007752,0.9459459459459459,258.0
3.0,0.9411764705882353,0.9624060150375939,0.9516728624535316,266.0
4.0,0.9625,0.9506172839506173,0.9565217391304348,324.0
accuracy,0.9496096522356281,0.9496096522356281,0.9496096522356281,0.9496096522356281
macro avg,0.949749361762065,0.9502168925261539,0.9499422229918876,1409.0
weighted avg,0.949727901866287,0.9496096522356281,0.9496288021412803,1409.0
