,precision,recall,f1-score,support
0.0,0.8793817278498481,0.8815716657443277,0.8804753350835982,3614.0
1.0,0.9019248395967002,0.9000686027898468,0.9009957651367746,4373.0
accuracy,0.8916990108927006,0.8916990108927006,0.8916990108927006,0.8916990108927006
macro avg,0.8906532837232741,0.8908201342670872,0.8907355501101863,7987.0
weighted avg,0.8917244131721199,0.8916990108927006,0.8917105724220908,7987.0
